scheme,start,end,window_years,sharpe,mtm_sharpe,ret_pct,total_pnl,win_rate,max_dd_pct,max_dd_usd,total_trades,cum_avg_sharpe,cum_avg_ret_pct,timestamp,strategy,period,quantity,dte_target,dte_range,delta_target,delta_range,initial_capital,final_capital,avg_ret_pur,avg_ret_pp,avg_win,max_win,avg_loss,max_loss,winning_trades,avg_days_held,peak_capital,trough_capital,dd_duration,execution_time,max_positions,early_close_after_dit,early_close_on_dte,leverage,max_margin,max_spread_width,max_trade_loss,param_string,vix_range,vix_max,use_iv,sl,tp,avg_premium,trade_selection,premium_ratio,short_delta_target,long_delta_target
A_rolling_90d_slide,2010-01-01,2011-01-01,0.999,0.41215113687557753,0.2537054559190217,0.17,173.84,0.73,0.66,662.06,11,,,2026-07-10 22:26:57,bull put credit spread,0.999,1,"[45, 45]","","[0.3, null]","",100000,100173.84,0.02,0.0,163.44,234.94,-377.89,-662.06,8,20.8,100108.32,99446.26,7,"",1,,25,1.0,0.8,10,7500,VERTICAL_SPREAD_45_2010-01-01:2011-01-01,,,"","","",220.82,premium first,,"",""
A_rolling_90d_slide,2010-04-01,2011-04-01,0.999,0.19755716405653914,0.3947151895568899,0.28,282.78,0.75,0.66,662.06,12,,,2026-07-10 22:26:57,bull put credit spread,0.999,1,"[45, 45]","","[0.3, null]","",100000,100282.78,0.03,0.0,161.33,234.94,-389.73,-662.06,9,20.8,100117.44,99455.38,7,"",1,,25,1.0,0.8,10,7500,VERTICAL_SPREAD_45_2010-04-01:2011-04-01,,,"","","",223.21,premium first,,"",""
A_rolling_90d_slide,2010-06-30,2011-06-30,0.999,0.1261190915680688,0.4318225482562629,0.31,314.78,0.67,0.60,607.62,12,,,2026-07-10 22:26:58,bull put credit spread,0.999,1,"[45, 45]","","[0.3, null]","",100000,100314.78,0.04,0.0,157.38,234.94,-236.06,-408.56,8,20.8,100922.4,100314.78,2,"",1,,25,1.0,0.8,10,7500,VERTICAL_SPREAD_45_2010-06-30:2011-06-30,,,"","","",224.17,premium first,,"",""
A_rolling_90d_slide,2010-09-28,2011-09-28,0.999,-0.7501892704500193,-0.36360748795196624,-0.32,-322.72,0.5,1.14,1148.30,12,,,2026-07-10 22:26:59,bull put credit spread,0.999,1,"[45, 45]","","[0.3, null]","",100000,99677.28,-0.03,-0.0,139.77,170.94,-193.56,-454.06,6,20.8,100825.58,99677.28,4,"",1,,25,1.0,0.8,10,7500,VERTICAL_SPREAD_45_2010-09-28:2011-09-28,,,"","","",222.54,premium first,,"",""
A_rolling_90d_slide,2010-12-27,2011-12-27,0.999,-1.473777289808035,-0.7844460804994569,-0.72,-720.72,0.5,1.14,1148.92,12,,,2026-07-10 22:26:59,bull put credit spread,0.999,1,"[45, 45]","","[0.3, null]","",100000,99279.28,-0.08,-0.01,91.86,166.94,-211.98,-454.06,6,20.9,100351.26,99202.34,7,"",1,,25,1.0,0.8,10,7500,VERTICAL_SPREAD_45_2010-12-27:2011-12-27,,,"","","",224.04,premium first,,"",""
A_rolling_90d_slide,2011-03-27,2012-03-26,0.999,-0.7669535442073501,-0.5115953570175266,-0.45,-447.22,0.58,1.15,1148.92,12,,,2026-07-10 22:27:00,bull put credit spread,0.999,1,"[45, 45]","","[0.3, null]","",100000,99552.78,-0.05,-0.0,115.94,192.94,-251.76,-454.06,7,20.8,100080.94,98932.02,10,"",1,,25,1.0,0.8,10,7500,VERTICAL_SPREAD_45_2011-03-27:2012-03-26,,,"","","",220.83,premium first,,"",""
A_rolling_90d_slide,2011-06-25,2012-06-24,0.999,-0.5325257410346029,-0.46127297431680303,-0.45,-446.22,0.58,0.71,712.12,12,,,2026-07-10 22:27:00,bull put credit spread,0.999,1,"[45, 45]","","[0.3, null]","",100000,99553.78,-0.05,-0.0,133.8,192.94,-276.56,-454.56,7,21.1,100088.46,99376.34,8,"",1,,25,1.0,0.8,10,7500,VERTICAL_SPREAD_45_2011-06-25:2012-06-24,,,"","","",225.58,premium first,,"",""
A_rolling_90d_slide,2011-09-23,2012-09-22,0.999,0.4237796658115625,0.5411836174656954,0.39,386.28,0.75,0.71,712.12,12,,,2026-07-10 22:27:01,bull put credit spread,0.999,1,"[45, 45]","","[0.3, null]","",100000,100386.28,0.05,0.0,142.5,268.44,-298.73,-454.56,9,20.8,100563.64,99851.52,5,"",1,,25,1.0,0.8,10,7500,VERTICAL_SPREAD_45_2011-09-23:2012-09-22,,,"","","",233.5,premium first,,"",""
A_rolling_90d_slide,2011-12-22,2012-12-21,0.999,0.5521970597235999,0.7594324228288357,0.54,543.78,0.83,0.71,712.12,12,,,2026-07-10 22:27:02,bull put credit spread,0.999,1,"[45, 45]","","[0.3, null]","",100000,100543.78,0.06,0.01,125.59,291.44,-356.06,-454.56,10,20.7,100512.82,99800.7,8,"",1,,25,1.0,0.8,10,7500,VERTICAL_SPREAD_45_2011-12-22:2012-12-21,,,"","","",228.96,premium first,,"",""
A_rolling_90d_slide,2012-03-21,2013-03-21,0.999,1.3392844447231158,0.6502065607321483,0.53,529.78,0.83,0.71,712.12,12,,,2026-07-10 22:27:02,bull put credit spread,0.999,1,"[45, 45]","","[0.3, null]","",100000,100529.78,0.06,0.01,124.19,291.44,-356.06,-454.56,10,20.8,100000.0,99287.88,8,"",1,,25,1.0,0.8,10,7500,VERTICAL_SPREAD_45_2012-03-21:2013-03-21,,,"","","",232.54,premium first,,"",""
A_rolling_90d_slide,2012-06-19,2013-06-19,0.999,3.152602470084767,2.00490824168365,1.09,1090.78,0.92,0.14,143.56,12,,,2026-07-10 22:27:03,bull put credit spread,0.999,1,"[45, 45]","","[0.3, null]","",100000,101090.78,0.12,0.01,112.21,291.44,-143.56,-143.56,11,20.9,101234.34,101090.78,0,"",1,,25,1.0,0.8,10,7500,VERTICAL_SPREAD_45_2012-06-19:2013-06-19,,,"","","",230.38,premium first,,"",""
A_rolling_90d_slide,2012-09-17,2013-09-17,0.999,1.1547047302357047,0.8753895279960621,0.63,627.28,0.83,0.30,303.68,12,,,2026-07-10 22:27:04,bull put credit spread,0.999,1,"[45, 45]","","[0.3, null]","",100000,100627.28,0.07,0.01,115.89,227.94,-265.81,-268.06,10,20.9,100854.02,100550.34,3,"",1,,25,1.0,0.8,10,7500,VERTICAL_SPREAD_45_2012-09-17:2013-09-17,,,"","","",211.12,premium first,,"",""
A_rolling_90d_slide,2012-12-16,2013-12-16,0.999,1.1895817465016731,1.0517429049708882,0.83,830.28,0.83,0.30,303.68,12,,,2026-07-10 22:27:04,bull put credit spread,0.999,1,"[45, 45]","","[0.3, null]","",100000,100830.28,0.09,0.01,136.19,227.94,-265.81,-268.06,10,20.9,100674.7,100371.02,5,"",1,,25,1.0,0.8,10,7500,VERTICAL_SPREAD_45_2012-12-16:2013-12-16,,,"","","",207.33,premium first,,"",""
A_rolling_90d_slide,2013-03-16,2014-03-16,0.999,0.9004957672914415,0.608823213816117,0.57,573.22,0.77,0.30,303.68,13,,,2026-07-10 22:27:05,bull put credit spread,0.999,1,"[45, 45]","","[0.3, null]","",100000,100573.22,0.06,0.01,125.89,227.94,-228.56,-268.06,10,21.0,100196.38,99892.7,5,"",1,,25,1.0,0.8,10,7500,VERTICAL_SPREAD_45_2013-03-16:2014-03-16,,,"","","",206.81,premium first,,"",""
A_rolling_90d_slide,2013-06-14,2014-06-14,0.999,1.8700270506504921,1.0787759256947744,1.13,1134.16,0.86,0.26,263.56,14,,,2026-07-10 22:27:06,bull put credit spread,0.999,1,"[45, 45]","","[0.3, null]","",100000,101134.16,0.1,0.01,129.32,227.94,-208.81,-263.56,12,20.6,100227.94,99964.38,3,"",1,,25,1.0,0.8,10,7500,VERTICAL_SPREAD_45_2013-06-14:2014-06-14,,,"","","",205.18,premium first,,"",""
A_rolling_90d_slide,2013-09-12,2014-09-12,0.999,1.840044175941511,1.5295362219066002,1.28,1279.1,0.8,0.29,294.06,15,,,2026-07-10 22:27:06,bull put credit spread,0.999,1,"[45, 45]","","[0.3, null]","",100000,101279.1,0.11,0.01,144.57,343.44,-151.89,-294.06,12,21.0,101389.28,101095.22,2,"",1,,25,1.0,0.8,10,7500,VERTICAL_SPREAD_45_2013-09-12:2014-09-12,,,"","","",210.87,premium first,,"",""
A_rolling_90d_slide,2013-12-11,2014-12-11,0.999,2.169033243819953,1.061603679901,1.16,1162.48,0.76,0.29,294.06,17,,,2026-07-10 22:27:07,bull put credit spread,0.999,1,"[45, 45]","","[0.3, null]","",100000,101162.48,0.09,0.01,127.25,343.44,-122.94,-294.06,13,21.0,100930.46,100636.4,5,"",1,,25,1.0,0.8,10,7500,VERTICAL_SPREAD_45_2013-12-11:2014-12-11,,,"","","",211.09,premium first,,"",""
A_rolling_90d_slide,2014-03-11,2015-03-11,0.999,1.4090207560158676,0.7590474295734938,1.09,1088.92,0.78,0.29,294.06,18,,,2026-07-10 22:27:08,bull put credit spread,0.999,1,"[45, 45]","","[0.3, null]","",100000,101088.92,0.08,0.01,119.55,343.44,-146.19,-294.06,14,20.8,100805.64,100511.58,5,"",1,,25,1.0,0.8,10,7500,VERTICAL_SPREAD_45_2014-03-11:2015-03-11,,,"","","",209.75,premium first,,"",""
A_rolling_90d_slide,2014-06-09,2015-06-09,0.999,0.36446468697124046,0.35713629492143595,0.42,424.42,0.78,0.50,503.56,18,,,2026-07-10 22:27:09,bull put credit spread,0.999,1,"[45, 45]","","[0.3, null]","",100000,100424.42,0.03,0.0,101.19,240.44,-248.06,-503.56,14,20.9,100264.2,99760.64,9,"",1,,25,1.0,0.8,10,7500,VERTICAL_SPREAD_45_2014-06-09:2015-06-09,,,"","","",208.64,premium first,,"",""
A_rolling_90d_slide,2014-09-07,2015-09-07,0.999,0.6163641614758134,0.41571486590905066,0.65,650.92,0.61,0.45,458.06,18,,,2026-07-10 22:27:09,bull put credit spread,0.999,1,"[45, 45]","","[0.3, null]","",100000,100650.92,0.05,0.0,166.3,690.94,-168.35,-458.06,11,20.8,101027.04,100568.98,3,"",1,,25,1.0,0.8,10,7500,VERTICAL_SPREAD_45_2014-09-07:2015-09-07,,,"","","",215.53,premium first,,"",""
A_rolling_90d_slide,2014-12-06,2015-12-06,0.999,-0.24891402520560474,0.17380049742744874,-0.12,-119.58,0.67,0.66,661.12,18,,,2026-07-10 22:27:10,bull put credit spread,0.999,1,"[45, 45]","","[0.3, null]","",100000,99880.42,-0.01,-0.0,93.52,228.44,-206.98,-518.06,12,20.8,100434.78,99773.66,5,"",1,,25,1.0,0.8,10,7500,VERTICAL_SPREAD_45_2014-12-06:2015-12-06,,,"","","",216.69,premium first,,"",""
A_rolling_90d_slide,2015-03-06,2016-03-05,0.999,-0.030854760342641212,-0.09584124304038973,0.03,29.92,0.67,0.76,762.04,18,,,2026-07-10 22:27:11,bull put credit spread,0.999,1,"[45, 45]","","[0.3, null]","",100000,100029.92,0.0,0.0,116.4,253.44,-227.81,-643.56,12,21.0,100341.58,99579.54,10,"",1,,25,1.0,0.8,10,7500,VERTICAL_SPREAD_45_2015-03-06:2016-03-05,,,"","","",221.69,premium first,,"",""
A_rolling_90d_slide,2015-06-04,2016-06-03,0.999,0.5777894151896286,0.6082903552987644,0.7,704.42,0.61,0.69,691.48,18,,,2026-07-10 22:27:12,bull put credit spread,0.999,1,"[45, 45]","","[0.3, null]","",100000,100704.42,0.05,0.01,189.58,690.94,-197.27,-459.56,11,20.8,100850.32,100158.84,14,"",1,,25,1.0,0.8,10,7500,VERTICAL_SPREAD_45_2015-06-04:2016-06-03,,,"","","",220.14,premium first,,"",""
A_rolling_90d_slide,2015-09-02,2016-09-01,0.999,0.7081720372782027,0.7814679967642045,0.66,663.92,0.67,0.68,680.74,18,,,2026-07-10 22:27:13,bull put credit spread,0.999,1,"[45, 45]","","[0.3, null]","",100000,100663.92,0.05,0.0,128.86,208.44,-147.06,-459.56,12,20.9,100402.32,99721.58,11,"",1,,25,1.0,0.8,10,7500,VERTICAL_SPREAD_45_2015-09-02:2016-09-01,,,"","","",215.64,premium first,,"",""
A_rolling_90d_slide,2015-12-01,2016-11-30,0.999,0.6663492112252725,0.19210035003451612,0.3,301.92,0.72,0.68,678.12,18,,,2026-07-10 22:27:13,bull put credit spread,0.999,1,"[45, 45]","","[0.3, null]","",100000,100301.92,0.02,0.0,124.94,223.44,-264.46,-414.06,13,20.9,100000.0,99321.88,8,"",1,,25,1.0,0.8,10,7500,VERTICAL_SPREAD_45_2015-12-01:2016-11-30,,,"","","",223.14,premium first,,"",""
A_rolling_90d_slide,2016-02-29,2017-02-28,0.999,2.5062198955084005,2.0834988077262944,1.38,1379.92,0.78,0.20,203.12,18,,,2026-07-10 22:27:14,bull put credit spread,0.999,1,"[45, 45]","","[0.3, null]","",100000,101379.92,0.1,0.01,115.69,215.94,-59.94,-183.56,14,21.0,100824.96,100621.84,4,"",1,,25,1.0,0.8,10,7500,VERTICAL_SPREAD_45_2016-02-29:2017-02-28,,,"","","",209.28,premium first,,"",""
A_rolling_90d_slide,2016-05-29,2017-05-29,0.999,4.444093915161552,1.9175334023839024,1.37,1374.42,0.78,0.04,39.18,18,,,2026-07-10 22:27:15,bull put credit spread,0.999,1,"[45, 45]","","[0.3, null]","",100000,101374.42,0.1,0.01,105.12,160.44,-24.31,-38.06,14,20.9,100361.26,100322.08,3,"",1,,25,1.0,0.8,10,7500,VERTICAL_SPREAD_45_2016-05-29:2017-05-29,,,"","","",192.83,premium first,,"",""
A_rolling_90d_slide,2016-08-27,2017-08-27,0.999,2.2814006322894143,1.467386484601633,1.04,1039.42,0.72,0.14,144.06,18,,,2026-07-10 22:27:16,bull put credit spread,0.999,1,"[45, 45]","","[0.3, null]","",100000,101039.42,0.07,0.01,122.36,204.94,-110.26,-144.06,13,21.0,101036.04,100891.98,3,"",1,,25,1.0,0.8,10,7500,VERTICAL_SPREAD_45_2016-08-27:2017-08-27,,,"","","",200.06,premium first,,"",""
A_rolling_90d_slide,2016-11-25,2017-11-25,0.999,4.17792811620461,2.5051441007814006,1.56,1560.92,0.89,0.12,124.06,18,,,2026-07-10 22:27:17,bull put credit spread,0.999,1,"[45, 45]","","[0.3, null]","",100000,101560.92,0.11,0.01,106.5,177.44,-71.56,-124.06,16,21.0,101140.78,101016.72,1,"",1,,25,1.0,0.8,10,7500,VERTICAL_SPREAD_45_2016-11-25:2017-11-25,,,"","","",183.86,premium first,,"",""
A_rolling_90d_slide,2017-02-23,2018-02-23,0.999,0.8790482810258965,1.023872658348021,0.86,863.92,0.83,0.62,624.06,18,,,2026-07-10 22:27:17,bull put credit spread,0.999,1,"[45, 45]","","[0.3, null]","",100000,100863.92,0.06,0.01,108.74,177.44,-255.73,-624.06,15,20.7,101310.54,100686.48,1,"",1,,25,1.0,0.8,10,7500,VERTICAL_SPREAD_45_2017-02-23:2018-02-23,,,"","","",182.64,premium first,,"",""
A_rolling_90d_slide,2017-05-24,2018-05-24,0.999,0.4272772665409079,0.4005443523280957,0.58,579.42,0.89,0.97,977.18,18,,,2026-07-10 22:27:18,bull put credit spread,0.999,1,"[45, 45]","","[0.3, null]","",100000,100579.42,0.04,0.0,105.5,181.44,-554.31,-560.06,16,20.9,101118.78,100141.6,5,"",1,,25,1.0,0.8,10,7500,VERTICAL_SPREAD_45_2017-05-24:2018-05-24,,,"","","",190.94,premium first,,"",""
A_rolling_90d_slide,2017-08-22,2018-08-22,0.999,1.5567842841651518,1.0348152030634659,1.07,1072.92,0.83,0.41,412.62,18,,,2026-07-10 22:27:19,bull put credit spread,0.999,1,"[45, 45]","","[0.3, null]","",100000,101072.92,0.07,0.01,110.31,150.94,-193.89,-293.06,15,21.0,100901.96,100489.34,4,"",1,,25,1.0,0.8,10,7500,VERTICAL_SPREAD_45_2017-08-22:2018-08-22,,,"","","",181.22,premium first,,"",""
A_rolling_90d_slide,2017-11-20,2018-11-20,0.999,-0.2832280900787037,-0.4136970775651967,-0.19,-192.58,0.78,0.74,748.12,18,,,2026-07-10 22:27:20,bull put credit spread,0.999,1,"[45, 45]","","[0.3, null]","",100000,99807.42,-0.01,-0.0,92.65,191.44,-372.43,-659.56,14,21.0,100464.6,99716.48,11,"",1,,25,1.0,0.8,10,7500,VERTICAL_SPREAD_45_2017-11-20:2018-11-20,,,"","","",186.72,premium first,,"",""
A_rolling_90d_slide,2018-02-18,2019-02-18,0.999,-0.3227901966277068,-0.2720943040101196,-0.4,-399.58,0.67,1.48,1482.30,18,,,2026-07-10 22:27:21,bull put credit spread,0.999,1,"[45, 45]","","[0.3, null]","",100000,99600.42,-0.01,-0.0,156.82,396.44,-380.23,-784.56,12,20.9,100358.4,98876.1,7,"",1,,25,1.0,0.8,10,7500,VERTICAL_SPREAD_45_2018-02-18:2019-02-18,,,"","","",217.67,premium first,,"",""
A_rolling_90d_slide,2018-05-19,2019-05-19,0.999,-0.5038075061945804,-0.1079286887195378,-0.43,-433.58,0.67,1.05,1054.24,18,,,2026-07-10 22:27:22,bull put credit spread,0.999,1,"[45, 45]","","[0.3, null]","",100000,99566.42,-0.03,-0.0,111.4,180.94,-295.06,-737.56,12,21.0,100372.14,99317.9,11,"",1,,25,1.0,0.8,10,7500,VERTICAL_SPREAD_45_2018-05-19:2019-05-19,,,"","","",205.28,premium first,,"",""
A_rolling_90d_slide,2018-08-17,2019-08-17,0.999,-0.3590328106774795,-0.32121558584640003,-0.33,-334.16,0.73,1.43,1427.24,11,,,2026-07-10 22:27:23,bull put credit spread,0.999,1,"[45, 45]","","[0.3, null]","",100000,99665.84,-0.03,-0.0,148.0,304.44,-506.06,-770.06,8,21.9,100151.88,98724.64,8,"",1,,25,1.0,0.8,10,7500,VERTICAL_SPREAD_45_2018-08-17:2019-08-17,,,"","","",209.59,premium first,,"",""
A_rolling_90d_slide,2018-11-15,2019-11-15,0.999,0.3586658111163304,0.37751777575411255,0.33,333.58,0.86,0.72,724.56,7,,,2026-07-10 22:27:24,bull put credit spread,0.999,1,"[45, 45]","","[0.3, null]","",100000,100333.58,0.07,0.01,176.36,304.44,-724.56,-724.56,6,22.0,100116.94,99392.38,4,"",1,,25,1.0,0.8,10,7500,VERTICAL_SPREAD_45_2018-11-15:2019-11-15,,,"","","",249.64,premium first,,"",""
A_rolling_90d_slide,2019-02-13,2020-02-13,0.999,3.0749031740091484,0.9801459764901942,0.27,268.82,0.67,0.01,9.56,3,,,2026-07-10 22:27:26,bull put credit spread,0.999,1,"[45, 45]","","[0.3, null]","",100000,100268.82,0.11,0.01,139.19,171.94,-9.56,-9.56,2,21.3,100106.44,100096.88,1,"",1,,25,1.0,0.8,10,7500,VERTICAL_SPREAD_45_2019-02-13:2020-02-13,,,"","","",195.0,premium first,,"",""
A_rolling_90d_slide,2019-05-14,2020-05-13,0.999,0.21613748822574888,-0.09174027455526142,-0.03,-29.58,0.72,0.69,688.62,18,,,2026-07-10 22:27:27,bull put credit spread,0.999,1,"[45, 45]","","[0.3, null]","",100000,99970.42,-0.0,-0.0,120.63,242.44,-319.56,-480.06,13,21.0,100028.72,99340.1,12,"",1,,25,1.0,0.8,10,7500,VERTICAL_SPREAD_45_2019-05-14:2020-05-13,,,"","","",205.72,premium first,,"",""
A_rolling_90d_slide,2019-08-12,2020-08-11,0.999,0.5552525719082306,0.11385400842689644,0.69,685.42,0.83,1.03,1043.12,18,,,2026-07-10 22:27:28,bull put credit spread,0.999,1,"[45, 45]","","[0.3, null]","",100000,100685.42,0.05,0.01,116.51,192.44,-354.06,-859.56,15,21.0,100798.96,99755.84,8,"",1,,25,1.0,0.8,10,7500,VERTICAL_SPREAD_45_2019-08-12:2020-08-11,,,"","","",203.5,premium first,,"",""
A_rolling_90d_slide,2019-11-10,2020-11-09,0.999,-0.3939874352106093,-0.12667582010372924,-0.43,-430.08,0.67,0.86,862.68,18,,,2026-07-10 22:27:29,bull put credit spread,0.999,1,"[45, 45]","","[0.3, null]","",100000,99569.92,-0.02,-0.0,115.23,271.44,-302.14,-757.56,12,20.9,100264.32,99401.64,14,"",1,,25,1.0,0.8,10,7500,VERTICAL_SPREAD_45_2019-11-10:2020-11-09,,,"","","",201.47,premium first,,"",""
A_rolling_90d_slide,2020-02-08,2021-02-07,0.999,1.8998338265501336,0.3559814123409189,0.77,768.92,0.72,0.69,688.62,18,,,2026-07-10 22:27:30,bull put credit spread,0.999,1,"[45, 45]","","[0.3, null]","",100000,100768.92,0.06,0.01,133.63,242.44,-193.66,-480.06,13,21.0,100000.0,99311.38,6,"",1,,25,1.0,0.8,10,7500,VERTICAL_SPREAD_45_2020-02-08:2021-02-07,,,"","","",237.61,premium first,,"",""
A_rolling_90d_slide,2020-05-08,2021-05-08,0.999,2.863703579751937,0.7069440455093979,1.53,1534.42,0.89,0.21,207.06,18,,,2026-07-10 22:27:31,bull put credit spread,0.999,1,"[45, 45]","","[0.3, null]","",100000,101534.42,0.11,0.01,110.32,240.94,-115.31,-207.06,16,20.8,100595.2,100388.14,3,"",1,,25,1.0,0.8,10,7500,VERTICAL_SPREAD_45_2020-05-08:2021-05-08,,,"","","",227.17,premium first,,"",""
A_rolling_90d_slide,2020-08-06,2021-08-06,0.999,2.554190206664476,0.5326603607131696,1.18,1183.42,0.78,0.22,215.62,18,,,2026-07-10 22:27:32,bull put credit spread,0.999,1,"[45, 45]","","[0.3, null]","",100000,101183.42,0.09,0.01,101.62,240.94,-59.81,-207.06,14,20.7,100000.0,99784.38,4,"",1,,25,1.0,0.8,10,7500,VERTICAL_SPREAD_45_2020-08-06:2021-08-06,,,"","","",198.92,premium first,,"",""
A_rolling_90d_slide,2020-11-04,2021-11-04,0.999,1.9953792251482247,1.2092528146979793,1.27,1266.42,0.83,0.22,223.56,18,,,2026-07-10 22:27:33,bull put credit spread,0.999,1,"[45, 45]","","[0.3, null]","",100000,101266.42,0.09,0.01,115.11,221.94,-153.39,-223.56,15,20.7,101167.1,100943.54,2,"",1,,25,1.0,0.8,10,7500,VERTICAL_SPREAD_45_2020-11-04:2021-11-04,,,"","","",208.64,premium first,,"",""
A_rolling_90d_slide,2021-02-02,2022-02-02,0.999,0.12407286964576683,0.2567055738305154,0.25,245.92,0.78,0.71,713.56,18,,,2026-07-10 22:27:34,bull put credit spread,0.999,1,"[45, 45]","","[0.3, null]","",100000,100245.92,0.02,0.0,96.19,206.44,-275.18,-713.56,14,20.8,100943.04,100229.48,3,"",1,,25,1.0,0.8,10,7500,VERTICAL_SPREAD_45_2021-02-02:2022-02-02,,,"","","",187.36,premium first,,"",""
A_rolling_90d_slide,2021-05-03,2022-05-03,0.999,-0.8610038480662812,-0.3156440580562407,-0.68,-680.58,0.5,1.11,1117.04,18,,,2026-07-10 22:27:35,bull put credit spread,0.999,1,"[45, 45]","","[0.3, null]","",100000,99319.42,-0.05,-0.01,98.55,241.44,-174.17,-373.56,9,20.9,100436.46,99319.42,8,"",1,,25,1.0,0.8,10,7500,VERTICAL_SPREAD_45_2021-05-03:2022-05-03,,,"","","",185.92,premium first,,"",""
A_rolling_90d_slide,2021-08-01,2022-08-01,0.999,-0.731242908979988,-0.4732430990133332,-0.57,-573.58,0.5,1.33,1338.48,18,,,2026-07-10 22:27:36,bull put credit spread,0.999,1,"[45, 45]","","[0.3, null]","",100000,99426.42,-0.04,-0.0,123.72,201.44,-187.45,-448.56,9,20.7,100360.58,99022.1,10,"",1,,25,1.0,0.8,10,7500,VERTICAL_SPREAD_45_2021-08-01:2022-08-01,,,"","","",219.19,premium first,,"",""
A_rolling_90d_slide,2021-10-30,2022-10-30,0.999,-1.0774288996346122,-1.1585947393451774,-1.6,-1604.08,0.61,2.02,2021.28,18,,,2026-07-10 22:27:37,bull put credit spread,0.999,1,"[45, 45]","","[0.3, null]","",100000,98395.92,-0.12,-0.01,108.26,216.44,-399.27,-713.56,11,20.6,100119.32,98098.04,14,"",1,,25,1.0,0.8,10,7500,VERTICAL_SPREAD_45_2021-10-30:2022-10-30,,,"","","",226.11,premium first,,"",""
A_rolling_90d_slide,2022-01-28,2023-01-28,0.999,-0.45583852165325983,-0.6016672148446411,-0.75,-754.08,0.44,1.40,1397.72,18,,,2026-07-10 22:27:38,bull put credit spread,0.999,1,"[45, 45]","","[0.3, null]","",100000,99245.92,-0.05,-0.01,178.94,241.44,-218.56,-373.56,8,20.8,100000.0,98602.28,17,"",1,,25,1.0,0.8,10,7500,VERTICAL_SPREAD_45_2022-01-28:2023-01-28,,,"","","",265.83,premium first,,"",""
A_rolling_90d_slide,2022-04-28,2023-04-28,0.999,0.10999668553483465,-0.15175988260911055,-0.24,-244.08,0.5,0.92,918.48,18,,,2026-07-10 22:27:39,bull put credit spread,0.999,1,"[45, 45]","","[0.3, null]","",100000,99755.92,-0.02,-0.0,155.33,231.44,-182.45,-348.56,9,20.7,100000.0,99081.52,17,"",1,,25,1.0,0.8,10,7500,VERTICAL_SPREAD_45_2022-04-28:2023-04-28,,,"","","",265.83,premium first,,"",""
A_rolling_90d_slide,2022-07-27,2023-07-27,0.999,0.22305362604721118,0.6764808251405208,0.43,430.92,0.72,0.90,902.12,18,,,2026-07-10 22:27:40,bull put credit spread,0.999,1,"[45, 45]","","[0.3, null]","",100000,100430.92,0.04,0.01,134.52,216.44,-263.56,-588.56,13,20.8,100206.44,99304.32,13,"",1,,25,1.0,0.8,10,7500,VERTICAL_SPREAD_45_2022-07-27:2023-07-27,,,"","","",248.06,premium first,,"",""
A_rolling_90d_slide,2022-10-25,2023-10-25,0.999,0.4957848765600488,0.2699471256604246,0.6,595.92,0.72,0.51,515.68,18,,,2026-07-10 22:27:41,bull put credit spread,0.999,1,"[45, 45]","","[0.3, null]","",100000,100595.92,0.05,0.0,127.21,231.44,-211.56,-383.56,13,20.8,101053.72,100538.04,4,"",1,,25,1.0,0.8,10,7500,VERTICAL_SPREAD_45_2022-10-25:2023-10-25,,,"","","",242.22,premium first,,"",""
B_expanding,2010-01-01,2011-01-01,0.999,0.41215113687557753,0.2537054559190217,0.17,173.84,0.73,0.66,662.06,11,0.41215113687557753,0.17,2026-07-10 22:27:42,bull put credit spread,0.999,1,"[45, 45]","","[0.3, null]","",100000,100173.84,0.02,0.0,163.44,234.94,-377.89,-662.06,8,20.8,100108.32,99446.26,7,"",1,,25,1.0,0.8,10,7500,VERTICAL_SPREAD_45_2010-01-01:2011-01-01,,,"","","",220.82,premium first,,"",""
B_expanding,2010-01-01,2012-01-01,1.999,-0.26051464054412743,-0.3341822949834006,-0.55,-546.88,0.61,1.14,1148.92,23,0.07581824816572505,-0.19,2026-07-10 22:27:43,bull put credit spread,1.999,1,"[45, 45]","","[0.3, null]","",100000,99453.12,-0.03,-0.0,132.76,234.94,-267.28,-662.06,14,20.9,100525.1,99376.18,7,"",1,,25,1.0,0.8,10,7500,VERTICAL_SPREAD_45_2010-01-01:2012-01-01,,,"","","",222.5,premium first,,"",""
B_expanding,2010-01-01,2013-01-01,3.001,0.19651975386986273,0.025535229725433994,0.3,296.34,0.69,1.21,1211.78,36,0.1160520834004376,-0.026666666666666672,2026-07-10 22:27:44,bull put credit spread,3.001,1,"[45, 45]","","[0.3, null]","",100000,100296.34,0.01,0.0,136.56,291.44,-283.42,-662.06,25,20.9,100525.1,99313.32,20,"",1,,25,1.0,0.8,10,7500,VERTICAL_SPREAD_45_2010-01-01:2013-01-01,,,"","","",226.1,premium first,,"",""
B_expanding,2010-01-01,2014-01-01,4.0,0.3637490553853712,0.29470564497376744,0.88,880.68,0.72,1.21,1211.78,47,0.177976326396671,0.2,2026-07-10 22:27:45,bull put credit spread,4.0,1,"[45, 45]","","[0.3, null]","",100000,100880.68,0.03,0.0,133.23,291.44,-280.71,-662.06,34,21.0,100525.1,99313.32,22,"",1,,25,1.0,0.8,10,7500,VERTICAL_SPREAD_45_2010-01-01:2014-01-01,,,"","","",220.28,premium first,,"",""
B_expanding,2010-01-01,2015-01-01,4.999,0.5343542201352404,0.4865264052043444,1.83,1825.6,0.72,1.21,1211.78,65,0.2492519051443849,0.526,2026-07-10 22:27:47,bull put credit spread,4.999,1,"[45, 45]","","[0.3, null]","",100000,101825.6,0.04,0.0,132.21,343.44,-243.78,-662.06,47,21.0,100525.1,99313.32,22,"",1,,25,1.0,0.8,10,7500,VERTICAL_SPREAD_45_2010-01-01:2015-01-01,,,"","","",217.5,premium first,,"",""
B_expanding,2010-01-01,2016-01-01,5.999,0.3712046272252488,0.3998855422759593,1.56,1562.58,0.71,1.21,1211.78,82,0.2695773588245289,0.6983333333333333,2026-07-10 22:27:49,bull put credit spread,5.999,1,"[45, 45]","","[0.3, null]","",100000,101562.58,0.03,0.0,124.66,343.44,-236.14,-662.06,58,21.0,100525.1,99313.32,22,"",1,,25,1.0,0.8,10,7500,VERTICAL_SPREAD_45_2010-01-01:2016-01-01,,,"","","",218.08,premium first,,"",""
B_expanding,2010-01-01,2017-01-01,7.001,0.5054010498523908,0.42752982039971354,2.59,2588.56,0.73,1.21,1211.78,99,0.30326645754279485,0.9685714285714285,2026-07-10 22:27:52,bull put credit spread,7.001,1,"[45, 45]","","[0.3, null]","",100000,102588.56,0.03,0.0,123.61,343.44,-233.76,-662.06,72,21.0,100525.1,99313.32,22,"",1,,25,1.0,0.8,10,7500,VERTICAL_SPREAD_45_2010-01-01:2017-01-01,,,"","","",218.58,premium first,,"",""
B_expanding,2010-01-01,2018-01-01,8.0,0.6719598268841548,0.5644410015853535,3.94,3935.48,0.74,1.21,1211.78,117,0.34935312871046487,1.34,2026-07-10 22:27:56,bull put credit spread,8.0,1,"[45, 45]","","[0.3, null]","",100000,103935.48,0.04,0.0,121.47,343.44,-221.09,-662.06,87,21.0,100525.1,99313.32,22,"",1,,25,1.0,0.8,10,7500,VERTICAL_SPREAD_45_2010-01-01:2018-01-01,,,"","","",213.02,premium first,,"",""
B_expanding,2010-01-01,2019-01-01,8.999,0.4949498052264856,0.36480689754009327,3.41,3414.96,0.73,1.21,1211.78,134,0.36553053721224493,1.57,2026-07-10 22:28:00,bull put credit spread,8.999,1,"[45, 45]","","[0.3, null]","",100000,103414.96,0.03,0.0,119.64,343.44,-230.84,-737.56,98,21.0,100525.1,99313.32,22,"",1,,25,1.0,0.8,10,7500,VERTICAL_SPREAD_45_2010-01-01:2019-01-01,,,"","","",211.57,premium first,,"",""
B_expanding,2010-01-01,2020-01-01,9.999,0.4861131827397294,0.4036234148741774,3.81,3806.88,0.74,1.21,1211.78,152,0.37758880176499343,1.794,2026-07-10 22:28:05,bull put credit spread,9.999,1,"[45, 45]","","[0.3, null]","",100000,103806.88,0.03,0.0,118.56,343.44,-236.8,-737.56,112,21.0,100525.1,99313.32,22,"",1,,25,1.0,0.8,10,7500,VERTICAL_SPREAD_45_2010-01-01:2020-01-01,,,"","","",208.91,premium first,,"",""
B_expanding,2010-01-01,2021-01-01,11.001,0.5245034228071166,0.3717011203409721,4.61,4608.86,0.74,1.21,1212.56,169,0.39094467640518643,2.0500000000000003,2026-07-10 22:28:11,bull put credit spread,11.001,1,"[45, 45]","","[0.3, null]","",100000,104608.86,0.04,0.0,120.25,343.44,-236.87,-737.56,125,21.0,104362.26,103149.7,37,"",1,,25,1.0,0.8,10,7500,VERTICAL_SPREAD_45_2010-01-01:2021-01-01,,,"","","",212.16,premium first,,"",""
B_expanding,2010-01-01,2022-01-01,12.0,0.5733298324771487,0.4023125224939839,5.43,5427.84,0.74,1.21,1212.56,186,0.4061434394111833,2.3316666666666666,2026-07-10 22:28:18,bull put credit spread,12.0,1,"[45, 45]","","[0.3, null]","",100000,105427.84,0.04,0.0,117.79,343.44,-225.57,-737.56,138,21.0,104362.26,103149.7,37,"",1,,25,1.0,0.8,10,7500,VERTICAL_SPREAD_45_2010-01-01:2022-01-01,,,"","","",209.94,premium first,,"",""
B_expanding,2010-01-01,2023-01-01,12.999,0.3430052009524691,0.24434505573512375,3.79,3793.76,0.73,1.92,2021.28,204,0.401286651837436,2.443846153846154,2026-07-10 22:28:26,bull put credit spread,12.999,1,"[45, 45]","","[0.3, null]","",100000,103793.76,0.02,0.0,118.23,343.44,-251.31,-737.56,149,21.0,105427.84,103406.56,37,"",1,,25,1.0,0.8,10,7500,VERTICAL_SPREAD_45_2010-01-01:2023-01-01,,,"","","",212.83,premium first,,"",""
B_expanding,2010-01-01,2023-12-29,13.99,0.36982297335358066,0.2752094874239594,4.39,4391.8,0.73,1.92,2021.28,220,0.3990392462314464,2.5828571428571427,2026-07-10 22:28:35,bull put credit spread,13.99,1,"[45, 45]","","[0.3, null]","",100000,104391.8,0.03,0.0,118.22,343.44,-248.16,-737.56,161,21.0,105427.84,103406.56,37,"",1,,25,1.0,0.8,10,7500,VERTICAL_SPREAD_45_2010-01-01:2023-12-29,,,"","","",213.51,premium first,,"",""
C_capped_rolling,2010-01-01,2011-01-01,0.999,0.41215113687557753,0.2537054559190217,0.17,173.84,0.73,0.66,662.06,11,,,2026-07-10 22:28:35,bull put credit spread,0.999,1,"[45, 45]","","[0.3, null]","",100000,100173.84,0.02,0.0,163.44,234.94,-377.89,-662.06,8,20.8,100108.32,99446.26,7,"",1,,25,1.0,0.8,10,7500,VERTICAL_SPREAD_45_2010-01-01:2011-01-01,,,"","","",220.82,premium first,,"",""
C_capped_rolling,2010-01-01,2012-01-01,1.999,-0.26051464054412743,-0.3341822949834006,-0.55,-546.88,0.61,1.14,1148.92,23,,,2026-07-10 22:28:36,bull put credit spread,1.999,1,"[45, 45]","","[0.3, null]","",100000,99453.12,-0.03,-0.0,132.76,234.94,-267.28,-662.06,14,20.9,100525.1,99376.18,7,"",1,,25,1.0,0.8,10,7500,VERTICAL_SPREAD_45_2010-01-01:2012-01-01,,,"","","",222.5,premium first,,"",""
C_capped_rolling,2010-01-01,2013-01-01,3.001,0.19651975386986273,0.025535229725433994,0.3,296.34,0.69,1.21,1211.78,36,,,2026-07-10 22:28:37,bull put credit spread,3.001,1,"[45, 45]","","[0.3, null]","",100000,100296.34,0.01,0.0,136.56,291.44,-283.42,-662.06,25,20.9,100525.1,99313.32,20,"",1,,25,1.0,0.8,10,7500,VERTICAL_SPREAD_45_2010-01-01:2013-01-01,,,"","","",226.1,premium first,,"",""
C_capped_rolling,2010-01-01,2014-01-01,4.0,0.3637490553853712,0.29470564497376744,0.88,880.68,0.72,1.21,1211.78,47,,,2026-07-10 22:28:39,bull put credit spread,4.0,1,"[45, 45]","","[0.3, null]","",100000,100880.68,0.03,0.0,133.23,291.44,-280.71,-662.06,34,21.0,100525.1,99313.32,22,"",1,,25,1.0,0.8,10,7500,VERTICAL_SPREAD_45_2010-01-01:2014-01-01,,,"","","",220.28,premium first,,"",""
C_capped_rolling,2010-01-01,2015-01-01,4.999,0.5343542201352404,0.4865264052043444,1.83,1825.6,0.72,1.21,1211.78,65,,,2026-07-10 22:28:40,bull put credit spread,4.999,1,"[45, 45]","","[0.3, null]","",100000,101825.6,0.04,0.0,132.21,343.44,-243.78,-662.06,47,21.0,100525.1,99313.32,22,"",1,,25,1.0,0.8,10,7500,VERTICAL_SPREAD_45_2010-01-01:2015-01-01,,,"","","",217.5,premium first,,"",""
C_capped_rolling,2011-01-01,2016-01-01,4.999,0.32775031124855475,0.4246007526342073,1.39,1388.74,0.7,1.21,1211.78,71,,,2026-07-10 22:28:42,bull put credit spread,4.999,1,"[45, 45]","","[0.3, null]","",100000,101388.74,0.03,0.0,118.45,343.44,-215.89,-518.06,50,21.1,100351.26,99139.48,22,"",1,,25,1.0,0.8,10,7500,VERTICAL_SPREAD_45_2011-01-01:2016-01-01,,,"","","",217.65,premium first,,"",""
C_capped_rolling,2012-01-01,2017-01-01,5.002,0.7712037696143325,0.698564433711803,3.08,3075.94,0.76,0.82,838.92,76,,,2026-07-10 22:28:45,bull put credit spread,5.002,1,"[45, 45]","","[0.3, null]","",100000,103075.94,0.05,0.01,120.38,343.44,-217.0,-518.06,58,21.0,102888.88,102049.96,21,"",1,,25,1.0,0.8,10,7500,VERTICAL_SPREAD_45_2012-01-01:2017-01-01,,,"","","",217.39,premium first,,"",""
C_capped_rolling,2013-01-01,2018-01-01,4.999,1.0125220618764876,0.8501050687032559,3.81,3809.58,0.77,0.82,838.92,82,,,2026-07-10 22:28:47,bull put credit spread,4.999,1,"[45, 45]","","[0.3, null]","",100000,103809.58,0.06,0.01,116.27,343.44,-185.01,-518.06,63,21.0,102275.6,101436.68,21,"",1,,25,1.0,0.8,10,7500,VERTICAL_SPREAD_45_2013-01-01:2018-01-01,,,"","","",207.12,premium first,,"",""
C_capped_rolling,2014-01-01,2019-01-01,4.999,0.6274564489185732,0.4072941733740461,2.5,2504.78,0.74,1.02,1054.24,87,,,2026-07-10 22:28:50,bull put credit spread,4.999,1,"[45, 45]","","[0.3, null]","",100000,102504.78,0.04,0.0,111.96,343.44,-202.65,-737.56,64,21.0,103452.08,102397.84,21,"",1,,25,1.0,0.8,10,7500,VERTICAL_SPREAD_45_2014-01-01:2019-01-01,,,"","","",206.87,premium first,,"",""
C_capped_rolling,2015-01-01,2020-01-01,4.999,0.4917990270935114,0.5134855472498105,2.25,2248.06,0.76,1.39,1427.24,74,,,2026-07-10 22:28:54,bull put credit spread,4.999,1,"[45, 45]","","[0.3, null]","",100000,102248.06,0.04,0.0,111.96,304.44,-223.42,-770.06,56,21.1,102734.1,101306.86,16,"",1,,25,1.0,0.8,10,7500,VERTICAL_SPREAD_45_2015-01-01:2020-01-01,,,"","","",203.7,premium first,,"",""
C_capped_rolling,2016-01-01,2021-01-01,5.002,0.6395335512579061,0.3726391980636416,1.72,1724.08,0.75,1.64,1683.96,57,,,2026-07-10 22:29:00,bull put credit spread,5.002,1,"[45, 45]","","[0.3, null]","",100000,101724.08,0.04,0.0,122.47,396.44,-253.02,-784.56,43,21.1,102521.34,100837.38,20,"",1,,25,1.0,0.8,10,7500,VERTICAL_SPREAD_45_2016-01-01:2021-01-01,,,"","","",201.78,premium first,,"",""
C_capped_rolling,2017-01-01,2022-01-01,4.999,0.64725687765415,0.39974734522658883,2.84,2839.28,0.76,1.19,1212.56,87,,,2026-07-10 22:29:04,bull put credit spread,4.999,1,"[45, 45]","","[0.3, null]","",100000,102839.28,0.04,0.0,111.44,242.44,-215.04,-737.56,66,21.0,101773.7,100561.14,37,"",1,,25,1.0,0.8,10,7500,VERTICAL_SPREAD_45_2017-01-01:2022-01-01,,,"","","",200.1,premium first,,"",""
C_capped_rolling,2018-01-01,2023-01-01,4.999,-0.21101529012246162,-0.07552875343036482,-0.25,-253.32,0.77,1.42,1427.24,22,,,2026-07-10 22:29:16,bull put credit spread,4.999,1,"[45, 45]","","[0.3, null]","",100000,99746.68,-0.01,-0.0,118.03,304.44,-451.96,-770.06,17,21.4,100232.72,98805.48,11,"",1,,25,1.0,0.8,10,7500,VERTICAL_SPREAD_45_2018-01-01:2023-01-01,,,"","","",202.11,premium first,,"",""
C_capped_rolling,2019-01-01,2023-12-29,4.991,5.523555139385537,0.9490502504067336,0.74,741.2,0.8,0.01,9.56,5,,,2026-07-10 22:29:31,bull put credit spread,4.991,1,"[45, 45]","","[0.3, null]","",100000,100741.2,0.2,0.02,187.69,250.94,-9.56,-9.56,4,21.2,100578.82,100569.26,1,"",1,,25,1.0,0.8,10,7500,VERTICAL_SPREAD_45_2019-01-01:2023-12-29,,,"","","",223.0,premium first,,"",""
