scheme,start,end,window_years,sharpe,mtm_sharpe,ret_yr,total_pnl,win_rate,max_dd_pct,max_dd_usd,total_trades,cum_avg_sharpe,cum_avg_ret_yr,timestamp,strategy,period,quantity,dte_target,dte_range,delta_target,delta_range,initial_capital,final_capital,roi,avg_win,max_win,avg_loss,max_loss,winning_trades,avg_days_held,peak_capital,trough_capital,dd_duration,execution_time,max_positions,early_close_after_dit,early_close_on_dte,leverage,max_margin,max_spread_width,max_trade_loss,param_string,vix_range,vix_max,use_iv,sl,tp,avg_premium,trade_selection,premium_ratio,short_delta_target,long_delta_target
A_rolling_90d_slide,2010-01-01,2011-01-01,0.999,-1.945168388385745,-0.9640354055176468,-220.33,-1237.22,0.33,1.65,1655.10,6,,,2026-07-12 00:30:13,iron condor,0.999,1,"[45, 45, 45, 45]","","[null, 0.25, 0.25, null]","",100000,98762.78,-36.21,432.88,447.88,-525.75,-637.12,2,44.8,100417.88,98762.78,4,"",1,,,1.0,0.8,10,7500,IRON_CONDOR_SPREAD_45_2010-01-01:2011-01-01,,,"","","",437.92,premium first,,"",""
A_rolling_90d_slide,2010-04-01,2011-04-01,0.999,0.5145434319282252,-0.10846181606210713,-26.85,-152.72,0.5,0.84,838.24,6,,,2026-07-12 00:30:14,iron condor,0.999,1,"[45, 45, 45, 45]","","[null, 0.25, 0.25, null]","",100000,99847.28,-2.42,434.21,468.88,-485.12,-617.12,3,44.8,100277.64,99439.4,2,"",1,,,1.0,0.8,10,7500,IRON_CONDOR_SPREAD_45_2010-04-01:2011-04-01,,,"","","",430.67,premium first,,"",""
A_rolling_90d_slide,2010-06-30,2011-06-30,0.999,-1.975086214204482,-0.9658615595931132,-218.24,-1218.72,0.33,1.66,1666.60,6,,,2026-07-12 00:30:14,iron condor,0.999,1,"[45, 45, 45, 45]","","[null, 0.25, 0.25, null]","",100000,98781.28,-35.23,442.38,447.88,-525.87,-626.12,2,44.8,100447.88,98781.28,4,"",1,,,1.0,0.8,10,7500,IRON_CONDOR_SPREAD_45_2010-06-30:2011-06-30,,,"","","",441.0,premium first,,"",""
A_rolling_90d_slide,2010-09-28,2011-09-28,0.999,1.2141495976244607,0.5296071025889622,141.04,794.78,0.67,0.84,838.24,6,,,2026-07-12 00:30:15,iron condor,0.999,1,"[45, 45, 45, 45]","","[null, 0.25, 0.25, null]","",100000,100794.78,24.71,408.25,486.88,-419.12,-597.12,4,44.8,100000.0,99161.76,4,"",1,,,1.0,0.8,10,7500,IRON_CONDOR_SPREAD_45_2010-09-28:2011-09-28,,,"","","",435.92,premium first,,"",""
A_rolling_90d_slide,2010-12-27,2011-12-27,0.999,-0.2141084878439722,-1.0762998377072455,-167.03,-910.84,0.43,1.39,1388.98,7,,,2026-07-12 00:30:16,iron condor,0.999,1,"[45, 45, 45, 45]","","[null, 0.25, 0.25, null]","",100000,99089.16,-21.48,462.38,477.38,-574.5,-626.12,3,44.6,100000.0,98611.02,6,"",1,,,1.0,0.8,10,7500,IRON_CONDOR_SPREAD_45_2010-12-27:2011-12-27,,,"","","",454.14,premium first,,"",""
A_rolling_90d_slide,2011-03-27,2012-03-26,0.999,0.28163655575604435,0.41930315904795284,123.11,653.78,0.67,0.57,572.12,6,,,2026-07-12 00:30:16,iron condor,0.999,1,"[45, 45, 45, 45]","","[null, 0.25, 0.25, null]","",100000,100653.78,18.11,424.5,486.88,-522.12,-572.12,4,44.8,101225.9,100653.78,1,"",1,,,1.0,0.8,10,7500,IRON_CONDOR_SPREAD_45_2011-03-27:2012-03-26,,,"","","",468.42,premium first,,"",""
A_rolling_90d_slide,2011-06-25,2012-06-24,0.999,-0.34855803687470077,-0.6431491114320782,-193.42,-1025.34,0.43,1.27,1271.72,7,,,2026-07-12 00:30:17,iron condor,0.999,1,"[45, 45, 45, 45]","","[null, 0.25, 0.25, null]","",100000,98974.66,-26.06,398.88,477.38,-555.5,-601.62,3,44.3,100000.0,98728.28,6,"",1,,,1.0,0.8,10,7500,IRON_CONDOR_SPREAD_45_2011-06-25:2012-06-24,,,"","","",469.36,premium first,,"",""
A_rolling_90d_slide,2011-09-23,2012-09-22,0.999,-1.2235718328577614,-1.0924518659672195,-333.91,-1775.34,0.29,1.78,1776.10,7,,,2026-07-12 00:30:18,iron condor,0.999,1,"[45, 45, 45, 45]","","[null, 0.25, 0.25, null]","",100000,98224.66,-47.3,359.63,472.88,-498.92,-576.12,2,44.6,100000.76,98224.66,4,"",1,,,1.0,0.8,10,7500,IRON_CONDOR_SPREAD_45_2011-09-23:2012-09-22,,,"","","",467.79,premium first,,"",""
A_rolling_90d_slide,2011-12-22,2012-12-21,0.999,-1.1294289780996138,-1.1750761682570372,-311.1,-1683.34,0.29,2.15,2150.72,7,,,2026-07-12 00:30:18,iron condor,0.999,1,"[45, 45, 45, 45]","","[null, 0.25, 0.25, null]","",100000,98316.66,-43.46,356.88,467.38,-479.42,-576.12,2,44.1,100000.0,97849.28,6,"",1,,,1.0,0.8,10,7500,IRON_CONDOR_SPREAD_45_2011-12-22:2012-12-21,,,"","","",458.36,premium first,,"",""
A_rolling_90d_slide,2012-03-21,2013-03-21,0.999,-0.2854516664605053,-1.064086778410937,-163.97,-904.34,0.43,1.33,1328.72,7,,,2026-07-12 00:30:19,iron condor,0.999,1,"[45, 45, 45, 45]","","[null, 0.25, 0.25, null]","",100000,99095.66,-22.09,379.38,467.38,-510.62,-592.12,3,44.4,100000.0,98671.28,6,"",1,,,1.0,0.8,10,7500,IRON_CONDOR_SPREAD_45_2012-03-21:2013-03-21,,,"","","",447.93,premium first,,"",""
A_rolling_90d_slide,2012-06-19,2013-06-19,0.999,0.41808844750597846,-0.16676276168586074,-29.59,-165.72,0.5,1.00,998.98,6,,,2026-07-12 00:30:20,iron condor,0.999,1,"[45, 45, 45, 45]","","[null, 0.25, 0.25, null]","",100000,99834.28,-4.74,433.55,467.38,-488.79,-592.12,3,44.7,100000.0,99001.02,5,"",1,,,1.0,0.8,10,7500,IRON_CONDOR_SPREAD_45_2012-06-19:2013-06-19,,,"","","",439.33,premium first,,"",""
A_rolling_90d_slide,2012-09-17,2013-09-17,0.999,0.48521817354445446,-0.34729005679536035,1.73,9.66,0.57,1.71,1713.86,7,,,2026-07-12 00:30:20,iron condor,0.999,1,"[45, 45, 45, 45]","","[null, 0.25, 0.25, null]","",100000,100009.66,-0.27,430.88,456.88,-571.29,-592.12,4,44.9,100000.0,98286.14,6,"",1,,,1.0,0.8,10,7500,IRON_CONDOR_SPREAD_45_2012-09-17:2013-09-17,,,"","","",441.36,premium first,,"",""
A_rolling_90d_slide,2012-12-16,2013-12-16,0.999,0.5158007649052678,0.5491487085080292,1.64,9.16,0.57,1.11,1122.24,7,,,2026-07-12 00:30:21,iron condor,0.999,1,"[45, 45, 45, 45]","","[null, 0.25, 0.25, null]","",100000,100009.16,-0.27,430.88,456.88,-571.45,-592.12,4,45.1,101131.4,100009.16,2,"",1,,,1.0,0.8,10,7500,IRON_CONDOR_SPREAD_45_2012-12-16:2013-12-16,,,"","","",441.29,premium first,,"",""
A_rolling_90d_slide,2013-03-16,2014-03-16,0.999,0.6541752597134268,-0.10650956970857199,40.86,238.54,0.62,1.11,1122.24,8,,,2026-07-12 00:30:22,iron condor,0.999,1,"[45, 45, 45, 45]","","[null, 0.25, 0.25, null]","",100000,100238.54,3.11,389.78,456.88,-570.12,-588.12,5,44.6,100721.02,99598.78,3,"",1,,,1.0,0.8,10,7500,IRON_CONDOR_SPREAD_45_2013-03-16:2014-03-16,,,"","","",415.69,premium first,,"",""
A_rolling_90d_slide,2013-06-14,2014-06-14,0.999,-0.5867642176253404,0.16246252265131955,-51.6,-299.96,0.5,1.18,1190.22,8,,,2026-07-12 00:30:23,iron condor,0.999,1,"[45, 45, 45, 45]","","[null, 0.25, 0.25, null]","",100000,99700.04,-8.72,382.5,456.88,-457.5,-587.12,4,45.1,100890.26,99700.04,5,"",1,,,1.0,0.8,10,7500,IRON_CONDOR_SPREAD_45_2013-06-14:2014-06-14,,,"","","",418.12,premium first,,"",""
A_rolling_90d_slide,2013-09-12,2014-09-12,0.999,-0.6005480132021029,-0.4873865060633267,-226.59,-1319.96,0.38,1.32,1319.96,8,,,2026-07-12 00:30:23,iron condor,0.999,1,"[45, 45, 45, 45]","","[null, 0.25, 0.25, null]","",100000,98680.04,-32.73,353.88,421.88,-476.32,-587.12,3,45.1,100000.0,98680.04,7,"",1,,,1.0,0.8,10,7500,IRON_CONDOR_SPREAD_45_2013-09-12:2014-09-12,,,"","","",416.88,premium first,,"",""
A_rolling_90d_slide,2013-12-11,2014-12-11,0.999,-0.37661202160912427,-0.4903922390777431,-42.97,-246.96,0.5,1.30,1304.60,8,,,2026-07-12 00:30:24,iron condor,0.999,1,"[45, 45, 45, 45]","","[null, 0.25, 0.25, null]","",100000,99753.04,-10.83,369.88,421.88,-431.62,-587.12,4,44.6,100639.76,99335.16,5,"",1,,,1.0,0.8,10,7500,IRON_CONDOR_SPREAD_45_2013-12-11:2014-12-11,,,"","","",424.75,premium first,,"",""
A_rolling_90d_slide,2014-03-11,2015-03-11,0.999,0.8229642387843706,1.0199510518956214,272.8,1505.04,0.75,0.65,655.86,8,,,2026-07-12 00:30:25,iron condor,0.999,1,"[45, 45, 45, 45]","","[null, 0.25, 0.25, null]","",100000,101505.04,32.68,434.05,478.38,-549.62,-572.12,6,45.1,100417.88,99762.02,4,"",1,,,1.0,0.8,10,7500,IRON_CONDOR_SPREAD_45_2014-03-11:2015-03-11,,,"","","",447.75,premium first,,"",""
A_rolling_90d_slide,2014-06-09,2015-06-09,0.999,50.56192176763211,2.9147421927964894,672.8,3626.54,1.0,0.00,0.00,8,,,2026-07-12 00:30:26,iron condor,0.999,1,"[45, 45, 45, 45]","","[null, 0.25, 0.25, null]","",100000,103626.54,84.43,453.32,493.38,0.0,421.88,8,45.9,100000.0,100000.0,0,"",1,,,1.0,0.8,10,7500,IRON_CONDOR_SPREAD_45_2014-06-09:2015-06-09,,,"","","",460.44,premium first,,"",""
A_rolling_90d_slide,2014-09-07,2015-09-07,0.999,1.691223889664835,1.332417467797761,425.16,2254.54,0.88,0.54,552.12,8,,,2026-07-12 00:30:26,iron condor,0.999,1,"[45, 45, 45, 45]","","[null, 0.25, 0.25, null]","",100000,102254.54,53.77,400.95,512.88,-552.12,-552.12,7,44.9,102806.66,102254.54,0,"",1,,,1.0,0.8,10,7500,IRON_CONDOR_SPREAD_45_2014-09-07:2015-09-07,,,"","","",469.19,premium first,,"",""
A_rolling_90d_slide,2014-12-06,2015-12-06,0.999,0.9826991861017706,1.1564850068311767,328.66,1723.54,0.75,1.02,1039.24,8,,,2026-07-12 00:30:27,iron condor,0.999,1,"[45, 45, 45, 45]","","[null, 0.25, 0.25, null]","",100000,101723.54,39.32,460.46,511.38,-519.62,-552.12,6,45.1,102310.4,101271.16,2,"",1,,,1.0,0.8,10,7500,IRON_CONDOR_SPREAD_45_2014-12-06:2015-12-06,,,"","","",475.06,premium first,,"",""
A_rolling_90d_slide,2015-03-06,2016-03-05,0.999,-0.4456332936333175,0.05128880979709812,-31.15,-157.96,0.5,1.59,1610.60,8,,,2026-07-12 00:30:28,iron condor,0.999,1,"[45, 45, 45, 45]","","[null, 0.25, 0.25, null]","",100000,99842.04,-5.54,476.25,491.88,-515.75,-552.12,4,45.1,101452.64,99842.04,4,"",1,,,1.0,0.8,10,7500,IRON_CONDOR_SPREAD_45_2015-03-06:2016-03-05,,,"","","",492.38,premium first,,"",""
A_rolling_90d_slide,2015-06-04,2016-06-03,0.999,-1.19999768130679,-0.8205986659643194,-224.06,-1123.96,0.38,2.54,2557.10,8,,,2026-07-12 00:30:29,iron condor,0.999,1,"[45, 45, 45, 45]","","[null, 0.25, 0.25, null]","",100000,98876.04,-29.87,477.71,487.38,-511.42,-541.62,3,45.5,100487.38,97930.28,6,"",1,,,1.0,0.8,10,7500,IRON_CONDOR_SPREAD_45_2015-06-04:2016-06-03,,,"","","",497.88,premium first,,"",""
A_rolling_90d_slide,2015-09-02,2016-09-01,0.999,0.39756269404627925,0.5416392733364332,211.21,1112.92,0.67,0.62,623.60,9,,,2026-07-12 00:30:30,iron condor,0.999,1,"[45, 45, 45, 45]","","[null, 0.25, 0.25, null]","",100000,101112.92,22.62,452.05,508.38,-533.12,-542.12,6,45.0,100900.76,100277.16,6,"",1,,,1.0,0.8,10,7500,IRON_CONDOR_SPREAD_45_2015-09-02:2016-09-01,,,"","","",472.56,premium first,,"",""
A_rolling_90d_slide,2015-12-01,2016-11-30,0.999,-0.14478640968268808,-0.19707789925139724,-151.18,-808.58,0.44,0.98,981.24,9,,,2026-07-12 00:30:30,iron condor,0.999,1,"[45, 45, 45, 45]","","[null, 0.25, 0.25, null]","",100000,99191.42,-16.83,452.88,508.38,-524.02,-587.12,4,45.1,100172.66,99191.42,6,"",1,,,1.0,0.8,10,7500,IRON_CONDOR_SPREAD_45_2015-12-01:2016-11-30,,,"","","",464.61,premium first,,"",""
A_rolling_90d_slide,2016-02-29,2017-02-28,0.999,-0.2606663762261868,-1.2724276041863503,-175.56,-970.58,0.44,1.59,1593.36,9,,,2026-07-12 00:30:31,iron condor,0.999,1,"[45, 45, 45, 45]","","[null, 0.25, 0.25, null]","",100000,99029.42,-21.05,425.13,467.38,-534.22,-612.12,4,45.1,100225.4,98632.04,4,"",1,,,1.0,0.8,10,7500,IRON_CONDOR_SPREAD_45_2016-02-29:2017-02-28,,,"","","",446.61,premium first,,"",""
A_rolling_90d_slide,2016-05-29,2017-05-29,0.999,-0.637687776868759,-1.2396515699825834,-257.5,-1429.96,0.38,1.72,1723.60,8,,,2026-07-12 00:30:32,iron condor,0.999,1,"[45, 45, 45, 45]","","[null, 0.25, 0.25, null]","",100000,98570.04,-34.8,411.05,442.88,-532.62,-612.12,3,44.6,100293.64,98570.04,4,"",1,,,1.0,0.8,10,7500,IRON_CONDOR_SPREAD_45_2016-05-29:2017-05-29,,,"","","",444.12,premium first,,"",""
A_rolling_90d_slide,2016-08-27,2017-08-27,0.999,-0.6078451823230826,-0.37558066189495426,-75.71,-420.46,0.5,1.72,1723.60,8,,,2026-07-12 00:30:33,iron condor,0.999,1,"[45, 45, 45, 45]","","[null, 0.25, 0.25, null]","",100000,99579.54,-10.96,425.13,442.88,-530.25,-612.12,4,44.6,100442.88,98719.28,6,"",1,,,1.0,0.8,10,7500,IRON_CONDOR_SPREAD_45_2016-08-27:2017-08-27,,,"","","",444.06,premium first,,"",""
A_rolling_90d_slide,2016-11-25,2017-11-25,0.999,-0.7032546465867042,-1.1117826317895199,-279.42,-1550.46,0.38,1.55,1550.46,8,,,2026-07-12 00:30:34,iron condor,0.999,1,"[45, 45, 45, 45]","","[null, 0.25, 0.25, null]","",100000,98449.54,-37.02,419.21,437.88,-561.62,-617.12,3,44.8,100000.0,98449.54,7,"",1,,,1.0,0.8,10,7500,IRON_CONDOR_SPREAD_45_2016-11-25:2017-11-25,,,"","","",444.56,premium first,,"",""
A_rolling_90d_slide,2017-02-23,2018-02-23,0.999,-0.6796452030245593,-0.6073514833979146,-104.06,-582.96,0.5,1.70,1715.86,8,,,2026-07-12 00:30:35,iron condor,0.999,1,"[45, 45, 45, 45]","","[null, 0.25, 0.25, null]","",100000,99417.04,-14.29,423.88,437.88,-569.62,-617.12,4,45.0,100715.02,98999.16,3,"",1,,,1.0,0.8,10,7500,IRON_CONDOR_SPREAD_45_2017-02-23:2018-02-23,,,"","","",439.25,premium first,,"",""
A_rolling_90d_slide,2017-05-24,2018-05-24,0.999,-1.4721710521654543,-0.5048563660522837,-274.51,-1508.96,0.38,2.37,2386.22,8,,,2026-07-12 00:30:36,iron condor,0.999,1,"[45, 45, 45, 45]","","[null, 0.25, 0.25, null]","",100000,98491.04,-35.59,431.71,449.38,-560.82,-617.12,3,45.8,100877.26,98491.04,5,"",1,,,1.0,0.8,10,7500,IRON_CONDOR_SPREAD_45_2017-05-24:2018-05-24,,,"","","",449.75,premium first,,"",""
A_rolling_90d_slide,2017-08-22,2018-08-22,0.999,-0.7714441225940785,-0.6967551222882563,-301.45,-1746.46,0.38,2.39,2394.98,8,,,2026-07-12 00:30:36,iron condor,0.999,1,"[45, 45, 45, 45]","","[null, 0.25, 0.25, null]","",100000,98253.54,-37.38,414.88,437.38,-598.22,-655.62,3,45.6,100000.0,97605.02,7,"",1,,,1.0,0.8,10,7500,IRON_CONDOR_SPREAD_45_2017-08-22:2018-08-22,,,"","","",420.06,premium first,,"",""
A_rolling_90d_slide,2017-11-20,2018-11-20,0.999,-0.04844658444630918,-0.5107418439885326,-116.57,-664.96,0.5,1.19,1189.24,8,,,2026-07-12 00:30:37,iron condor,0.999,1,"[45, 45, 45, 45]","","[null, 0.25, 0.25, null]","",100000,99335.04,-13.62,423.63,503.88,-589.87,-596.12,4,46.0,100020.4,98831.16,4,"",1,,,1.0,0.8,10,7500,IRON_CONDOR_SPREAD_45_2017-11-20:2018-11-20,,,"","","",429.0,premium first,,"",""
A_rolling_90d_slide,2018-02-18,2019-02-18,0.999,-0.8038193487706116,-0.24184235962423656,-135.28,-713.46,0.5,1.70,1716.86,8,,,2026-07-12 00:30:38,iron condor,0.999,1,"[45, 45, 45, 45]","","[null, 0.25, 0.25, null]","",100000,99286.54,-16.1,371.0,487.88,-549.37,-598.62,4,45.6,100720.76,99003.9,5,"",1,,,1.0,0.8,10,7500,IRON_CONDOR_SPREAD_45_2018-02-18:2019-02-18,,,"","","",472.06,premium first,,"",""
A_rolling_90d_slide,2018-05-19,2019-05-19,0.999,-1.4302700569844553,-0.8513625022481338,-274.21,-1506.46,0.38,2.32,2334.22,8,,,2026-07-12 00:30:39,iron condor,0.999,1,"[45, 45, 45, 45]","","[null, 0.25, 0.25, null]","",100000,98493.54,-36.48,424.21,444.88,-555.82,-620.12,3,45.9,100413.88,98079.66,6,"",1,,,1.0,0.8,10,7500,IRON_CONDOR_SPREAD_45_2018-05-19:2019-05-19,,,"","","",450.06,premium first,,"",""
A_rolling_90d_slide,2018-08-17,2019-08-17,0.999,-1.2909395930908547,-1.0721720084361506,-261.83,-1405.46,0.38,2.23,2235.22,8,,,2026-07-12 00:30:40,iron condor,0.999,1,"[45, 45, 45, 45]","","[null, 0.25, 0.25, null]","",100000,98594.54,-34.33,438.88,486.88,-544.42,-577.62,3,45.5,100372.38,98137.16,6,"",1,,,1.0,0.8,10,7500,IRON_CONDOR_SPREAD_45_2018-08-17:2019-08-17,,,"","","",462.69,premium first,,"",""
A_rolling_90d_slide,2018-11-15,2019-11-15,0.999,-1.186848350002407,-1.003564668938693,-423.53,-2113.96,0.25,2.11,2113.96,8,,,2026-07-12 00:30:41,iron condor,0.999,1,"[45, 45, 45, 45]","","[null, 0.25, 0.25, null]","",100000,97886.04,-53.9,482.38,502.88,-513.12,-557.62,2,45.4,100000.0,97886.04,7,"",1,,,1.0,0.8,10,7500,IRON_CONDOR_SPREAD_45_2018-11-15:2019-11-15,,,"","","",500.38,premium first,,"",""
A_rolling_90d_slide,2019-02-13,2020-02-13,0.999,-1.1922236704202172,-0.8554258401135717,-416.0,-2105.96,0.25,2.13,2134.22,8,,,2026-07-12 00:30:42,iron condor,0.999,1,"[45, 45, 45, 45]","","[null, 0.25, 0.25, null]","",100000,97894.04,-50.95,496.13,502.88,-516.37,-557.62,2,45.6,100028.26,97894.04,5,"",1,,,1.0,0.8,10,7500,IRON_CONDOR_SPREAD_45_2019-02-13:2020-02-13,,,"","","",493.25,premium first,,"",""
A_rolling_90d_slide,2019-05-14,2020-05-13,0.999,-1.156327738961431,-0.39422919858513616,-418.32,-2059.46,0.25,2.54,2557.60,8,,,2026-07-12 00:30:43,iron condor,0.999,1,"[45, 45, 45, 45]","","[null, 0.25, 0.25, null]","",100000,97940.54,-53.06,492.63,502.88,-507.45,-596.62,2,45.2,100498.14,97940.54,4,"",1,,,1.0,0.8,10,7500,IRON_CONDOR_SPREAD_45_2019-05-14:2020-05-13,,,"","","",507.19,premium first,,"",""
A_rolling_90d_slide,2019-08-12,2020-08-11,0.999,-14.47334312427429,-0.5700395817645375,-623.31,-3065.96,0.12,3.60,3623.34,8,,,2026-07-12 00:30:44,iron condor,0.999,1,"[45, 45, 45, 45]","","[null, 0.25, 0.25, null]","",100000,96934.04,-74.59,557.38,557.38,-517.62,-598.12,1,45.5,100557.38,96934.04,6,"",1,,,1.0,0.8,10,7500,IRON_CONDOR_SPREAD_45_2019-08-12:2020-08-11,,,"","","",507.62,premium first,,"",""
A_rolling_90d_slide,2019-11-10,2020-11-09,0.999,-1.0797200077043285,-0.5589307441314179,-428.33,-2165.46,0.25,3.22,3218.22,8,,,2026-07-12 00:30:45,iron condor,0.999,1,"[45, 45, 45, 45]","","[null, 0.25, 0.25, null]","",100000,97834.54,-48.75,526.38,573.88,-536.37,-602.12,2,45.8,100000.0,96781.78,7,"",1,,,1.0,0.8,10,7500,IRON_CONDOR_SPREAD_45_2019-11-10:2020-11-09,,,"","","",493.94,premium first,,"",""
A_rolling_90d_slide,2020-02-08,2021-02-07,0.999,0.5679100764928133,-0.033686539364924224,67.88,319.04,0.5,1.06,1065.74,8,,,2026-07-12 00:30:46,iron condor,0.999,1,"[45, 45, 45, 45]","","[null, 0.25, 0.25, null]","",100000,100319.04,24.84,562.13,707.38,-482.37,-598.12,4,45.8,100159.76,99094.02,5,"",1,,,1.0,0.8,10,7500,IRON_CONDOR_SPREAD_45_2020-02-08:2021-02-07,,,"","","",529.5,premium first,,"",""
A_rolling_90d_slide,2020-05-08,2021-05-08,0.999,0.38781914772045717,0.24044264558461892,191.66,983.54,0.62,0.60,598.12,8,,,2026-07-12 00:30:47,iron condor,0.999,1,"[45, 45, 45, 45]","","[null, 0.25, 0.25, null]","",100000,100983.54,26.74,484.08,573.88,-478.95,-598.12,5,45.8,100422.38,99824.26,2,"",1,,,1.0,0.8,10,7500,IRON_CONDOR_SPREAD_45_2020-05-08:2021-05-08,,,"","","",486.31,premium first,,"",""
A_rolling_90d_slide,2020-08-06,2021-08-06,0.999,-0.8582608905322423,-0.2770293347056492,-142.23,-842.96,0.5,1.76,1778.22,8,,,2026-07-12 00:30:48,iron condor,0.999,1,"[45, 45, 45, 45]","","[null, 0.25, 0.25, null]","",100000,99157.04,-16.33,401.38,492.38,-612.12,-746.12,4,45.2,100935.26,99157.04,5,"",1,,,1.0,0.8,10,7500,IRON_CONDOR_SPREAD_45_2020-08-06:2021-08-06,,,"","","",406.75,premium first,,"",""
A_rolling_90d_slide,2020-11-04,2021-11-04,0.999,-0.9104800222174936,-0.8501124808009692,-298.2,-1716.46,0.38,1.72,1716.46,8,,,2026-07-12 00:30:49,iron condor,0.999,1,"[45, 45, 45, 45]","","[null, 0.25, 0.25, null]","",100000,98283.54,-42.14,367.71,432.88,-563.92,-746.12,3,45.5,100000.0,98283.54,7,"",1,,,1.0,0.8,10,7500,IRON_CONDOR_SPREAD_45_2020-11-04:2021-11-04,,,"","","",423.81,premium first,,"",""
A_rolling_90d_slide,2021-02-02,2022-02-02,0.999,-0.6419815372079622,0.16772339639179787,-92.54,-509.96,0.5,0.97,974.34,8,,,2026-07-12 00:30:50,iron condor,0.999,1,"[45, 45, 45, 45]","","[null, 0.25, 0.25, null]","",100000,99490.04,-10.77,445.75,464.38,-573.25,-645.62,4,45.9,100464.38,99490.04,6,"",1,,,1.0,0.8,10,7500,IRON_CONDOR_SPREAD_45_2021-02-02:2022-02-02,,,"","","",448.38,premium first,,"",""
A_rolling_90d_slide,2021-05-03,2022-05-03,0.999,-0.5308787233971125,0.1272635620561547,-65.55,-347.96,0.5,0.84,845.60,8,,,2026-07-12 00:30:51,iron condor,0.999,1,"[45, 45, 45, 45]","","[null, 0.25, 0.25, null]","",100000,99652.04,-8.87,453.88,527.88,-540.87,-583.12,4,45.9,100446.88,99601.28,6,"",1,,,1.0,0.8,10,7500,IRON_CONDOR_SPREAD_45_2021-05-03:2022-05-03,,,"","","",468.62,premium first,,"",""
A_rolling_90d_slide,2021-08-01,2022-08-01,0.999,-0.5998200449089808,-0.5751589207500409,-83.35,-453.46,0.5,1.41,1413.22,8,,,2026-07-12 00:30:52,iron condor,0.999,1,"[45, 45, 45, 45]","","[null, 0.25, 0.25, null]","",100000,99546.54,-7.22,465.13,482.88,-578.5,-612.12,4,45.5,100476.88,99063.66,6,"",1,,,1.0,0.8,10,7500,IRON_CONDOR_SPREAD_45_2021-08-01:2022-08-01,,,"","","",455.44,premium first,,"",""
A_rolling_90d_slide,2021-10-30,2022-10-30,0.999,-0.45790555004664824,0.055457553778645745,-51.27,-266.96,0.5,1.67,1690.60,8,,,2026-07-12 00:30:53,iron condor,0.999,1,"[45, 45, 45, 45]","","[null, 0.25, 0.25, null]","",100000,99733.04,-5.28,476.63,502.88,-543.37,-612.12,4,45.8,101423.64,99733.04,4,"",1,,,1.0,0.8,10,7500,IRON_CONDOR_SPREAD_45_2021-10-30:2022-10-30,,,"","","",478.75,premium first,,"",""
A_rolling_90d_slide,2022-01-28,2023-01-28,0.999,-0.9494664251252397,-0.3530730365222963,-135.06,-694.84,0.43,1.68,1690.60,7,,,2026-07-12 00:30:54,iron condor,0.999,1,"[45, 45, 45, 45]","","[null, 0.25, 0.25, null]","",100000,99305.16,-16.75,492.88,502.88,-543.37,-612.12,3,45.9,100502.88,98812.28,5,"",1,,,1.0,0.8,10,7500,IRON_CONDOR_SPREAD_45_2022-01-28:2023-01-28,,,"","","",485.0,premium first,,"",""
A_rolling_90d_slide,2022-04-28,2023-04-28,0.999,0.2416025923762032,-0.4628023727436329,-30.01,-151.96,0.5,1.50,1496.36,8,,,2026-07-12 00:30:55,iron condor,0.999,1,"[45, 45, 45, 45]","","[null, 0.25, 0.25, null]","",100000,99848.04,-6.72,464.13,512.88,-502.12,-532.12,4,45.5,100000.0,98503.64,7,"",1,,,1.0,0.8,10,7500,IRON_CONDOR_SPREAD_45_2022-04-28:2023-04-28,,,"","","",493.12,premium first,,"",""
A_rolling_90d_slide,2022-07-27,2023-07-27,0.999,0.9417497617469195,0.16791064128422886,133.73,703.04,0.62,0.53,532.12,8,,,2026-07-12 00:30:56,iron condor,0.999,1,"[45, 45, 45, 45]","","[null, 0.25, 0.25, null]","",100000,100703.04,15.37,454.88,512.88,-523.79,-532.12,5,45.9,100000.0,99467.88,2,"",1,,,1.0,0.8,10,7500,IRON_CONDOR_SPREAD_45_2022-07-27:2023-07-27,,,"","","",473.75,premium first,,"",""
A_rolling_90d_slide,2022-10-25,2023-10-25,0.999,0.10460669906692566,0.8884275485863573,117.37,628.04,0.62,0.54,542.12,8,,,2026-07-12 00:30:57,iron condor,0.999,1,"[45, 45, 45, 45]","","[null, 0.25, 0.25, null]","",100000,100628.04,12.29,441.88,497.88,-527.12,-542.12,5,45.6,101170.16,100628.04,2,"",1,,,1.0,0.8,10,7500,IRON_CONDOR_SPREAD_45_2022-10-25:2023-10-25,,,"","","",464.38,premium first,,"",""
B_expanding,2010-01-01,2011-01-01,0.999,-1.945168388385745,-0.9640354055176468,-220.33,-1237.22,0.33,1.65,1655.10,6,-1.945168388385745,-220.33,2026-07-12 00:30:58,iron condor,0.999,1,"[45, 45, 45, 45]","","[null, 0.25, 0.25, null]","",100000,98762.78,-36.21,432.88,447.88,-525.75,-637.12,2,44.8,100417.88,98762.78,4,"",1,,,1.0,0.8,10,7500,IRON_CONDOR_SPREAD_45_2010-01-01:2011-01-01,,,"","","",437.92,premium first,,"",""
B_expanding,2010-01-01,2012-01-01,1.999,-1.0413278535869392,-1.1932632471977693,-194.19,-2148.06,0.38,3.03,3044.08,13,-1.4932481209863422,-207.26,2026-07-12 00:30:59,iron condor,1.999,1,"[45, 45, 45, 45]","","[null, 0.25, 0.25, null]","",100000,97851.94,-28.28,450.58,477.38,-550.12,-637.12,5,44.7,100417.88,97373.8,11,"",1,,,1.0,0.8,10,7500,IRON_CONDOR_SPREAD_45_2010-01-01:2012-01-01,,,"","","",446.65,premium first,,"",""
B_expanding,2010-01-01,2013-01-01,3.001,-1.2109785726126112,-0.8752294060517805,-244.32,-4048.9,0.35,4.45,4466.78,20,-1.3991582715284319,-219.61333333333332,2026-07-12 00:31:00,iron condor,3.001,1,"[45, 45, 45, 45]","","[null, 0.25, 0.25, null]","",100000,95951.1,-35.0,423.81,477.38,-539.66,-637.12,7,44.6,100417.88,95951.1,18,"",1,,,1.0,0.8,10,7500,IRON_CONDOR_SPREAD_45_2010-01-01:2013-01-01,,,"","","",447.77,premium first,,"",""
B_expanding,2010-01-01,2014-01-01,4.0,-0.7490567750417647,-0.6247439630187545,-155.83,-3447.62,0.42,4.45,4466.78,26,-1.236632897406765,-203.6675,2026-07-12 00:31:02,iron condor,4.0,1,"[45, 45, 45, 45]","","[null, 0.25, 0.25, null]","",100000,96552.38,-23.03,426.38,477.38,-542.52,-637.12,11,44.8,100417.88,95951.1,24,"",1,,,1.0,0.8,10,7500,IRON_CONDOR_SPREAD_45_2010-01-01:2014-01-01,,,"","","",446.9,premium first,,"",""
B_expanding,2010-01-01,2015-01-01,4.999,-0.615814089091672,-0.5696055257418645,-132.38,-3694.58,0.44,4.51,4530.34,34,-1.1124691357437464,-189.41,2026-07-12 00:31:04,iron condor,4.999,1,"[45, 45, 45, 45]","","[null, 0.25, 0.25, null]","",100000,96305.42,-20.16,411.31,477.38,-519.17,-637.12,15,44.7,100417.88,95887.54,32,"",1,,,1.0,0.8,10,7500,IRON_CONDOR_SPREAD_45_2010-01-01:2015-01-01,,,"","","",441.69,premium first,,"",""
B_expanding,2010-01-01,2016-01-01,5.999,-0.4081559293055986,-0.26525809770427855,-92.55,-3070.04,0.48,4.65,4673.08,42,-0.9950836013373885,-173.26666666666665,2026-07-12 00:31:06,iron condor,5.999,1,"[45, 45, 45, 45]","","[null, 0.25, 0.25, null]","",100000,96929.96,-13.27,421.91,554.88,-523.1,-637.12,20,44.7,100417.88,95744.8,40,"",1,,,1.0,0.8,10,7500,IRON_CONDOR_SPREAD_45_2010-01-01:2016-01-01,,,"","","",447.02,premium first,,"",""
B_expanding,2010-01-01,2017-01-01,7.001,-0.36406026167199174,-0.290204583813099,-86.16,-3317.5,0.48,4.65,4673.08,50,-0.9049374099566175,-160.82285714285715,2026-07-12 00:31:09,iron condor,7.001,1,"[45, 45, 45, 45]","","[null, 0.25, 0.25, null]","",100000,96682.5,-12.12,427.07,554.88,-521.81,-637.12,24,44.8,100417.88,95744.8,48,"",1,,,1.0,0.8,10,7500,IRON_CONDOR_SPREAD_45_2010-01-01:2017-01-01,,,"","","",450.01,premium first,,"",""
B_expanding,2010-01-01,2018-01-01,8.0,-0.4495726834618279,-0.4101491796923713,-111.4,-4915.46,0.47,5.31,5333.34,58,-0.8480168191447688,-154.64499999999998,2026-07-12 00:31:13,iron condor,8.0,1,"[45, 45, 45, 45]","","[null, 0.25, 0.25, null]","",100000,95084.54,-15.55,426.19,554.88,-529.77,-637.12,27,44.8,100417.88,95084.54,56,"",1,,,1.0,0.8,10,7500,IRON_CONDOR_SPREAD_45_2010-01-01:2018-01-01,,,"","","",448.44,premium first,,"",""
B_expanding,2010-01-01,2019-01-01,8.999,-0.5016163767130898,-0.4283960733860101,-128.37,-6357.92,0.45,6.75,6775.80,66,-0.8095278810968044,-151.72555555555553,2026-07-12 00:31:17,iron condor,8.999,1,"[45, 45, 45, 45]","","[null, 0.25, 0.25, null]","",100000,93642.08,-17.74,428.28,554.88,-533.51,-637.12,30,44.9,100417.88,93642.08,64,"",1,,,1.0,0.8,10,7500,IRON_CONDOR_SPREAD_45_2010-01-01:2019-01-01,,,"","","",449.61,premium first,,"",""
B_expanding,2010-01-01,2020-01-01,9.999,-0.42408996509209645,-0.3911186075919606,-109.67,-5976.76,0.47,6.75,6775.80,73,-0.7709840894963336,-147.51999999999998,2026-07-12 00:31:22,iron condor,9.999,1,"[45, 45, 45, 45]","","[null, 0.25, 0.25, null]","",100000,94023.24,-15.55,430.95,554.88,-528.95,-637.12,34,45.0,100417.88,93642.08,71,"",1,,,1.0,0.8,10,7500,IRON_CONDOR_SPREAD_45_2010-01-01:2020-01-01,,,"","","",454.95,premium first,,"",""
B_expanding,2010-01-01,2021-01-01,11.001,-0.5015187823564371,-0.3323801376134997,-132.98,-7907.22,0.44,9.02,9061.74,81,-0.7464872433927067,-146.1981818181818,2026-07-12 00:31:27,iron condor,11.001,1,"[45, 45, 45, 45]","","[null, 0.25, 0.25, null]","",100000,92092.78,-18.37,436.25,573.88,-524.72,-637.12,36,45.0,100417.88,91356.14,79,"",1,,,1.0,0.8,10,7500,IRON_CONDOR_SPREAD_45_2010-01-01:2021-01-01,,,"","","",459.48,premium first,,"",""
B_expanding,2010-01-01,2022-01-01,12.0,-0.47428769013396166,-0.3104880906579498,-128.3,-8320.68,0.45,9.02,9061.74,89,-0.7238039472878112,-144.70666666666665,2026-07-12 00:31:34,iron condor,12.0,1,"[45, 45, 45, 45]","","[null, 0.25, 0.25, null]","",100000,91679.32,-17.45,438.63,573.88,-527.88,-637.12,40,45.0,100417.88,91356.14,87,"",1,,,1.0,0.8,10,7500,IRON_CONDOR_SPREAD_45_2010-01-01:2022-01-01,,,"","","",459.56,premium first,,"",""
B_expanding,2010-01-01,2023-01-01,12.999,-0.47316481757870277,-0.3517907045325937,-129.01,-9035.52,0.45,9.90,9946.28,96,-0.7045240142332644,-143.49923076923076,2026-07-12 00:31:41,iron condor,12.999,1,"[45, 45, 45, 45]","","[null, 0.25, 0.25, null]","",100000,90964.48,-17.48,441.95,573.88,-529.04,-637.12,43,45.1,100417.88,90471.6,94,"",1,,,1.0,0.8,10,7500,IRON_CONDOR_SPREAD_45_2010-01-01:2023-01-01,,,"","","",461.21,premium first,,"",""
B_expanding,2010-01-01,2023-12-29,13.99,-0.4700552839728486,-0.3451038948148107,-127.88,-9644.36,0.45,10.02,10062.24,103,-0.6877762477860918,-142.38357142857143,2026-07-12 00:31:50,iron condor,13.99,1,"[45, 45, 45, 45]","","[null, 0.25, 0.25, null]","",100000,90355.64,-17.4,442.66,573.88,-526.44,-637.12,46,45.2,100417.88,90355.64,101,"",1,,,1.0,0.8,10,7500,IRON_CONDOR_SPREAD_45_2010-01-01:2023-12-29,,,"","","",460.93,premium first,,"",""
C_capped_rolling,2010-01-01,2011-01-01,0.999,-1.945168388385745,-0.9640354055176468,-220.33,-1237.22,0.33,1.65,1655.10,6,,,2026-07-12 00:31:51,iron condor,0.999,1,"[45, 45, 45, 45]","","[null, 0.25, 0.25, null]","",100000,98762.78,-36.21,432.88,447.88,-525.75,-637.12,2,44.8,100417.88,98762.78,4,"",1,,,1.0,0.8,10,7500,IRON_CONDOR_SPREAD_45_2010-01-01:2011-01-01,,,"","","",437.92,premium first,,"",""
C_capped_rolling,2010-01-01,2012-01-01,1.999,-1.0413278535869392,-1.1932632471977693,-194.19,-2148.06,0.38,3.03,3044.08,13,,,2026-07-12 00:31:52,iron condor,1.999,1,"[45, 45, 45, 45]","","[null, 0.25, 0.25, null]","",100000,97851.94,-28.28,450.58,477.38,-550.12,-637.12,5,44.7,100417.88,97373.8,11,"",1,,,1.0,0.8,10,7500,IRON_CONDOR_SPREAD_45_2010-01-01:2012-01-01,,,"","","",446.65,premium first,,"",""
C_capped_rolling,2010-01-01,2013-01-01,3.001,-1.2109785726126112,-0.8752294060517805,-244.32,-4048.9,0.35,4.45,4466.78,20,,,2026-07-12 00:31:53,iron condor,3.001,1,"[45, 45, 45, 45]","","[null, 0.25, 0.25, null]","",100000,95951.1,-35.0,423.81,477.38,-539.66,-637.12,7,44.6,100417.88,95951.1,18,"",1,,,1.0,0.8,10,7500,IRON_CONDOR_SPREAD_45_2010-01-01:2013-01-01,,,"","","",447.77,premium first,,"",""
C_capped_rolling,2010-01-01,2014-01-01,4.0,-0.7490567750417647,-0.6247439630187545,-155.83,-3447.62,0.42,4.45,4466.78,26,,,2026-07-12 00:31:55,iron condor,4.0,1,"[45, 45, 45, 45]","","[null, 0.25, 0.25, null]","",100000,96552.38,-23.03,426.38,477.38,-542.52,-637.12,11,44.8,100417.88,95951.1,24,"",1,,,1.0,0.8,10,7500,IRON_CONDOR_SPREAD_45_2010-01-01:2014-01-01,,,"","","",446.9,premium first,,"",""
C_capped_rolling,2010-01-01,2015-01-01,4.999,-0.615814089091672,-0.5696055257418645,-132.38,-3694.58,0.44,4.51,4530.34,34,,,2026-07-12 00:31:57,iron condor,4.999,1,"[45, 45, 45, 45]","","[null, 0.25, 0.25, null]","",100000,96305.42,-20.16,411.31,477.38,-519.17,-637.12,15,44.7,100417.88,95887.54,32,"",1,,,1.0,0.8,10,7500,IRON_CONDOR_SPREAD_45_2010-01-01:2015-01-01,,,"","","",441.69,premium first,,"",""
C_capped_rolling,2011-01-01,2016-01-01,4.999,-0.16447650958219318,-0.13840868498179457,-66.49,-1832.82,0.5,3.02,3017.98,36,,,2026-07-12 00:31:59,iron condor,4.999,1,"[45, 45, 45, 45]","","[null, 0.25, 0.25, null]","",100000,98167.18,-9.45,420.69,554.88,-522.51,-626.12,18,44.6,100000.0,96982.02,35,"",1,,,1.0,0.8,10,7500,IRON_CONDOR_SPREAD_45_2011-01-01:2016-01-01,,,"","","",448.54,premium first,,"",""
C_capped_rolling,2012-01-01,2017-01-01,5.002,-0.13183365184650883,-0.14161383282650913,-56.34,-1544.06,0.5,2.48,2481.76,38,,,2026-07-12 00:32:01,iron condor,5.002,1,"[45, 45, 45, 45]","","[null, 0.25, 0.25, null]","",100000,98455.94,-8.24,420.88,554.88,-502.15,-592.12,19,44.7,100000.0,97518.24,37,"",1,,,1.0,0.8,10,7500,IRON_CONDOR_SPREAD_45_2012-01-01:2017-01-01,,,"","","",452.07,premium first,,"",""
C_capped_rolling,2013-01-01,2018-01-01,4.999,-0.10792082531955055,-0.128825170127964,-51.88,-1429.18,0.51,2.56,2590.08,39,,,2026-07-12 00:32:04,iron condor,4.999,1,"[45, 45, 45, 45]","","[null, 0.25, 0.25, null]","",100000,98570.82,-7.82,427.03,554.88,-524.73,-617.12,20,44.8,101160.9,98570.82,33,"",1,,,1.0,0.8,10,7500,IRON_CONDOR_SPREAD_45_2013-01-01:2018-01-01,,,"","","",448.94,premium first,,"",""
C_capped_rolling,2014-01-01,2019-01-01,4.999,-0.3903839613527632,-0.29190632492631946,-106.11,-2910.3,0.47,3.98,4021.66,40,,,2026-07-12 00:32:07,iron condor,4.999,1,"[45, 45, 45, 45]","","[null, 0.25, 0.25, null]","",100000,97089.7,-14.3,429.38,554.88,-527.07,-617.12,19,45.0,101111.36,97089.7,17,"",1,,,1.0,0.8,10,7500,IRON_CONDOR_SPREAD_45_2014-01-01:2019-01-01,,,"","","",451.36,premium first,,"",""
C_capped_rolling,2015-01-01,2020-01-01,4.999,-0.2053680203339013,-0.27138699623905543,-83.16,-2210.18,0.49,3.96,4021.66,39,,,2026-07-12 00:32:10,iron condor,4.999,1,"[45, 45, 45, 45]","","[null, 0.25, 0.25, null]","",100000,97789.82,-11.15,449.04,554.88,-537.1,-617.12,19,45.3,101430.32,97408.66,24,"",1,,,1.0,0.8,10,7500,IRON_CONDOR_SPREAD_45_2015-01-01:2020-01-01,,,"","","",468.35,premium first,,"",""
C_capped_rolling,2016-01-01,2021-01-01,5.002,-0.5840974172404216,-0.29791802386697674,-163.34,-4262.68,0.44,5.76,5806.48,39,,,2026-07-12 00:32:13,iron condor,5.002,1,"[45, 45, 45, 45]","","[null, 0.25, 0.25, null]","",100000,95737.32,-21.21,431.56,573.88,-527.23,-617.12,17,45.2,100807.16,95000.68,31,"",1,,,1.0,0.8,10,7500,IRON_CONDOR_SPREAD_45_2016-01-01:2021-01-01,,,"","","",478.28,premium first,,"",""
C_capped_rolling,2017-01-01,2022-01-01,4.999,-0.5479845247155004,-0.31774686776845235,-188.77,-4978.18,0.41,5.44,5444.26,39,,,2026-07-12 00:32:16,iron condor,4.999,1,"[45, 45, 45, 45]","","[null, 0.25, 0.25, null]","",100000,95021.82,-24.19,456.88,573.88,-534.27,-617.12,16,45.5,100142.9,94698.64,33,"",1,,,1.0,0.8,10,7500,IRON_CONDOR_SPREAD_45_2017-01-01:2022-01-01,,,"","","",472.45,premium first,,"",""
C_capped_rolling,2018-01-01,2023-01-01,4.999,-0.32573329072961116,-0.22228753259578765,-84.3,-2218.06,0.47,3.80,3840.08,38,,,2026-07-12 00:32:20,iron condor,4.999,1,"[45, 45, 45, 45]","","[null, 0.25, 0.25, null]","",100000,97781.94,-6.19,457.85,707.38,-522.97,-632.12,18,45.7,101129.14,97289.06,34,"",1,,,1.0,0.8,10,7500,IRON_CONDOR_SPREAD_45_2018-01-01:2023-01-01,,,"","","",473.64,premium first,,"",""
C_capped_rolling,2019-01-01,2023-12-29,4.991,-0.32759340205585685,-0.30811252459871713,-126.05,-3238.44,0.43,3.24,3238.44,37,,,2026-07-12 00:32:23,iron condor,4.991,1,"[45, 45, 45, 45]","","[null, 0.25, 0.25, null]","",100000,96761.56,-13.6,490.57,672.88,-527.98,-642.12,16,45.6,100000.0,96761.56,36,"",1,,,1.0,0.8,10,7500,IRON_CONDOR_SPREAD_45_2019-01-01:2023-12-29,,,"","","",485.24,premium first,,"",""
