scheme,start,end,window_years,sharpe,mtm_sharpe,ret_yr,roi,total_pnl,win_rate,max_dd_pct,max_dd_usd,total_trades,cum_avg_sharpe,cum_avg_ret_yr,timestamp,symbol,futures_strategy,period,quantity,fill_price,initial_capital,final_capital,avg_win,max_win,avg_loss,max_loss,winning_trades,avg_days_held,peak_capital,trough_capital,dd_duration,execution_time,leverage,avg_margin_utilization,total_fees,ts_exit_threshold,ts_entry_threshold,exit_on_ts_crossover,param_string
A_rolling_90d_slide,2010-01-01,2011-01-01,0.999,2.902667920874571,,26.29,8.76,1801.43,1.0,-0.46,-1160.0,3,,,2026-07-17 21:49:39,MES,long_futures,0.999,2,mid,250000.0,251801.43,600.48,1215.06,0.0,225.06,3,63.3,250630.01,249470.01,38,"",1.0,0.0274,7.32,,,false,MES_LONG_FUTURES_2010-01-01:2011-01-01
A_rolling_90d_slide,2010-04-01,2011-04-01,0.999,2.993984203635119,,33.99,8.49,2328.99,1.0,-0.46,-1160.0,4,,,2026-07-17 21:49:39,MES,long_futures,0.999,2,mid,250000.0,252328.99,582.25,1215.06,0.0,225.06,4,70.2,250630.01,249470.01,38,"",1.0,0.0274,9.76,,,false,MES_LONG_FUTURES_2010-04-01:2011-04-01
A_rolling_90d_slide,2010-06-30,2011-06-30,0.999,1.4353321345275778,,34.52,8.62,2365.24,0.75,-0.37,-945.0,4,,,2026-07-17 21:49:39,MES,long_futures,0.999,2,mid,250000.0,252365.24,868.39,1215.06,-239.94,-239.94,3,87.0,253291.38,252346.38,55,"",1.0,0.0274,9.76,,,false,MES_LONG_FUTURES_2010-06-30:2011-06-30
A_rolling_90d_slide,2010-09-28,2011-09-28,0.999,-0.7331161758488096,,1.9,0.47,130.24,0.5,-1.03,-2587.34,4,,,2026-07-17 21:49:39,MES,long_futures,0.999,2,mid,250000.0,250130.24,788.81,1050.06,-723.69,-1207.44,2,87.2,252263.82,249676.48,130,"",1.0,0.0274,9.76,,,false,MES_LONG_FUTURES_2010-09-28:2011-09-28
A_rolling_90d_slide,2010-12-27,2011-12-27,0.999,-0.3361393448404117,,-1.11,-0.28,-76.01,0.5,-1.1,-2767.28,4,,,2026-07-17 21:49:39,MES,long_futures,0.999,2,mid,250000.0,249923.99,685.68,923.81,-723.69,-1207.44,2,87.5,251133.76,248366.48,205,"",1.0,0.0274,9.76,,,false,MES_LONG_FUTURES_2010-12-27:2011-12-27
A_rolling_90d_slide,2011-03-27,2012-03-26,0.999,0.5087548330612555,,8.61,2.15,590.24,0.5,-1.1,-2767.28,4,,,2026-07-17 21:49:39,MES,long_futures,0.999,2,mid,250000.0,250590.24,1093.81,1263.81,-798.69,-1207.44,2,87.8,250536.2,247768.92,248,"",1.0,0.0274,9.76,,,false,MES_LONG_FUTURES_2011-03-27:2012-03-26
A_rolling_90d_slide,2011-06-25,2012-06-24,0.999,1.3321896531873456,,9.09,2.27,622.74,0.5,-1.05,-2639.89,4,,,2026-07-17 21:49:39,MES,long_futures,0.999,2,mid,250000.0,250622.74,1093.81,1263.81,-782.44,-1116.19,2,87.8,250890.0,248250.11,187,"",1.0,0.0274,9.76,,,false,MES_LONG_FUTURES_2011-06-25:2012-06-24
A_rolling_90d_slide,2011-09-23,2012-09-22,0.999,1.4628448051556193,,49.68,12.41,3403.99,0.75,-0.6,-1517.5,4,,,2026-07-17 21:49:39,MES,long_futures,0.999,2,mid,250000.0,253403.99,1284.23,1361.31,-448.69,-448.69,3,90.0,252947.57,251430.07,140,"",1.0,0.0274,9.76,,,false,MES_LONG_FUTURES_2011-09-23:2012-09-22
A_rolling_90d_slide,2011-12-22,2012-12-21,0.999,0.36212207674675195,,26.39,6.59,1807.74,0.5,-0.6,-1517.5,4,,,2026-07-17 21:49:39,MES,long_futures,0.999,2,mid,250000.0,251807.74,1314.43,1361.31,-410.56,-448.69,2,90.2,251723.76,250206.26,140,"",1.0,0.0274,9.76,,,false,MES_LONG_FUTURES_2011-12-22:2012-12-21
A_rolling_90d_slide,2012-03-21,2013-03-21,0.999,1.5932487534195654,,21.95,5.49,1503.99,0.5,-0.61,-1517.5,4,,,2026-07-17 21:49:40,MES,long_futures,0.999,2,mid,250000.0,251503.99,1313.18,1361.31,-561.19,-749.94,2,88.8,250155.0,248637.5,140,"",1.0,0.0274,9.76,,,false,MES_LONG_FUTURES_2012-03-21:2013-03-21
A_rolling_90d_slide,2012-06-19,2013-06-19,0.999,1.3933111676676804,,42.22,10.54,2892.74,0.75,-0.46,-1162.39,4,,,2026-07-17 21:49:40,MES,long_futures,0.999,2,mid,250000.0,252892.74,1088.39,1265.06,-372.44,-372.44,3,90.8,251195.0,250032.61,98,"",1.0,0.0274,9.76,,,false,MES_LONG_FUTURES_2012-06-19:2013-06-19
A_rolling_90d_slide,2012-09-17,2013-09-17,0.999,5.903788407433055,,34.94,8.73,2393.99,0.75,-0.45,-1120.0,4,,,2026-07-17 21:49:40,MES,long_futures,0.999,2,mid,250000.0,252393.99,922.14,1265.06,-372.44,-372.44,3,91.0,250006.3,248886.3,93,"",1.0,0.0274,9.76,,,false,MES_LONG_FUTURES_2012-09-17:2013-09-17
A_rolling_90d_slide,2012-12-16,2013-12-16,0.999,6.80298764991104,,51.65,10.32,3539.05,1.0,-0.38,-964.89,5,,,2026-07-17 21:49:40,MES,long_futures,0.999,2,mid,250000.0,253539.05,707.81,1265.06,0.0,31.31,5,73.0,252445.07,251480.18,42,"",1.0,0.0274,12.2,,,false,MES_LONG_FUTURES_2012-12-16:2013-12-16
A_rolling_90d_slide,2013-03-16,2014-03-16,0.999,25.084656754218006,,34.39,11.45,2356.43,1.0,-0.38,-964.94,3,,,2026-07-17 21:49:40,MES,long_futures,0.999,2,mid,250000.0,252356.43,785.48,967.56,0.0,647.56,3,91.3,251262.5,250297.56,79,"",1.0,0.0274,7.32,,,false,MES_LONG_FUTURES_2013-03-16:2014-03-16
A_rolling_90d_slide,2013-06-14,2014-06-14,0.999,33.22679704153611,,31.62,7.9,2166.49,1.0,-0.42,-1067.5,4,,,2026-07-17 21:49:40,MES,long_futures,0.999,2,mid,250000.0,252166.49,541.62,741.31,0.0,47.56,4,69.0,252135.13,251067.63,82,"",1.0,0.0274,9.76,,,false,MES_LONG_FUTURES_2013-06-14:2014-06-14
A_rolling_90d_slide,2013-09-12,2014-09-12,0.999,31.445562704627484,,36.05,9.01,2470.24,1.0,-0.42,-1067.5,4,,,2026-07-17 21:49:40,MES,long_futures,0.999,2,mid,250000.0,252470.24,617.56,837.56,0.0,161.31,4,69.2,251601.32,250533.82,81,"",1.0,0.0274,9.76,,,false,MES_LONG_FUTURES_2013-09-12:2014-09-12
A_rolling_90d_slide,2013-12-11,2014-12-11,0.999,8.7013909031849,,27.37,6.84,1875.24,0.75,-0.43,-1067.5,4,,,2026-07-17 21:49:40,MES,long_futures,0.999,2,mid,250000.0,251875.24,683.39,837.56,-174.94,-174.94,3,69.5,250523.76,249456.26,80,"",1.0,0.0274,9.76,,,false,MES_LONG_FUTURES_2013-12-11:2014-12-11
A_rolling_90d_slide,2014-03-11,2015-03-11,0.999,3.5258458768658985,,18.56,4.64,1271.49,0.75,-0.67,-1682.5,4,,,2026-07-17 21:49:40,MES,long_futures,0.999,2,mid,250000.0,251271.49,500.06,837.56,-228.69,-228.69,3,69.8,251422.73,249740.23,81,"",1.0,0.0274,9.76,,,false,MES_LONG_FUTURES_2014-03-11:2015-03-11
A_rolling_90d_slide,2014-06-09,2015-06-09,0.999,4.3925219211767175,,16.33,4.08,1118.99,0.75,-0.67,-1682.5,4,,,2026-07-17 21:49:41,MES,long_futures,0.999,2,mid,250000.0,251118.99,429.23,625.06,-168.69,-168.69,3,70.0,250645.17,248962.67,85,"",1.0,0.0274,9.76,,,false,MES_LONG_FUTURES_2014-06-09:2015-06-09
A_rolling_90d_slide,2014-09-07,2015-09-07,0.999,2.9076920152307304,,10.8,2.7,740.24,0.75,-0.67,-1682.5,4,,,2026-07-17 21:49:41,MES,long_futures,0.999,2,mid,250000.0,250740.24,325.48,625.06,-236.19,-236.19,3,70.2,250095.11,248412.61,93,"",1.0,0.0274,9.76,,,false,MES_LONG_FUTURES_2014-09-07:2015-09-07
A_rolling_90d_slide,2014-12-06,2015-12-06,0.999,-0.32950745588161345,,-17.07,-4.27,-1169.76,0.5,-1.11,-2772.49,4,,,2026-07-17 21:49:41,MES,long_futures,0.999,2,mid,250000.0,248830.24,398.18,625.06,-983.07,-1204.94,2,70.2,250510.17,247737.68,170,"",1.0,0.0274,9.76,,,false,MES_LONG_FUTURES_2014-12-06:2015-12-06
A_rolling_90d_slide,2015-03-06,2016-03-05,0.999,-0.4544722473302905,,-10.98,-2.74,-752.26,0.5,-1.11,-2772.49,4,,,2026-07-17 21:49:41,MES,long_futures,0.999,2,mid,250000.0,249247.74,334.44,497.56,-710.57,-1204.94,2,70.8,250430.11,247657.62,245,"",1.0,0.0274,9.76,,,false,MES_LONG_FUTURES_2015-03-06:2016-03-05
A_rolling_90d_slide,2015-06-04,2016-06-03,0.999,-0.5432783199320161,,-12.59,-3.15,-862.26,0.5,-1.17,-2922.38,4,,,2026-07-17 21:49:41,MES,long_futures,0.999,2,mid,250000.0,249137.74,287.56,497.56,-718.69,-1204.94,2,71.0,250177.56,247255.18,298,"",1.0,0.0274,9.76,,,false,MES_LONG_FUTURES_2015-06-04:2016-06-03
A_rolling_90d_slide,2015-09-02,2016-09-01,0.999,3.136360257738399,,21.57,5.38,1477.74,1.0,-1.08,-2719.94,4,,,2026-07-17 21:49:41,MES,long_futures,0.999,2,mid,250000.0,251477.74,369.44,671.31,0.0,77.56,4,71.2,251643.81,248923.87,178,"",1.0,0.0274,9.76,,,false,MES_LONG_FUTURES_2015-09-02:2016-09-01
A_rolling_90d_slide,2015-12-01,2016-11-30,0.999,3.1191494877157537,,6.04,1.51,413.99,0.75,-1.07,-2684.94,4,,,2026-07-17 21:49:41,MES,long_futures,0.999,2,mid,250000.0,250413.99,412.98,671.31,-824.94,-824.94,3,71.5,250055.0,247370.06,149,"",1.0,0.0274,9.76,,,false,MES_LONG_FUTURES_2015-12-01:2016-11-30
A_rolling_90d_slide,2016-02-29,2017-02-28,0.999,4.713733175481915,,46.24,11.55,3167.74,1.0,-0.5,-1269.89,4,,,2026-07-17 21:49:41,MES,long_futures,0.999,2,mid,250000.0,253167.74,791.93,1240.06,0.0,490.06,4,71.8,251751.31,250481.42,76,"",1.0,0.0274,9.76,,,false,MES_LONG_FUTURES_2016-02-29:2017-02-28
A_rolling_90d_slide,2016-05-29,2017-05-29,0.999,5.413159798110816,,39.39,9.84,2698.99,0.75,-0.51,-1269.89,4,,,2026-07-17 21:49:41,MES,long_futures,0.999,2,mid,250000.0,252698.99,951.73,1240.06,-156.19,-156.19,3,72.0,250157.5,248887.61,76,"",1.0,0.0274,9.76,,,false,MES_LONG_FUTURES_2016-05-29:2017-05-29
A_rolling_90d_slide,2016-08-27,2017-08-27,0.999,5.704015510923113,,37.57,9.38,2573.99,0.75,-0.41,-1034.99,4,,,2026-07-17 21:49:41,MES,long_futures,0.999,2,mid,250000.0,252573.99,963.39,1240.06,-316.19,-316.19,3,72.0,250185.0,249150.01,73,"",1.0,0.0274,9.76,,,false,MES_LONG_FUTURES_2016-08-27:2017-08-27
A_rolling_90d_slide,2016-11-25,2017-11-25,0.999,4.865507759293608,,39.59,9.89,2712.74,1.0,-0.27,-685.04,4,,,2026-07-17 21:49:42,MES,long_futures,0.999,2,mid,250000.0,252712.74,678.18,1125.06,0.0,517.56,4,72.5,251858.86,251173.82,54,"",1.0,0.0274,9.76,,,false,MES_LONG_FUTURES_2016-11-25:2017-11-25
A_rolling_90d_slide,2017-02-23,2018-02-23,0.999,3.0289464316220926,,43.17,10.78,2957.74,1.0,-0.27,-684.99,4,,,2026-07-17 21:49:42,MES,long_futures,0.999,2,mid,250000.0,252957.74,739.43,1773.81,0.0,113.81,4,72.8,250330.0,249645.01,69,"",1.0,0.0274,9.76,,,false,MES_LONG_FUTURES_2017-02-23:2018-02-23
A_rolling_90d_slide,2017-05-24,2018-05-24,0.999,4.445706066890915,,56.82,14.19,3892.74,1.0,-1.13,-2885.0,4,,,2026-07-17 21:49:42,MES,long_futures,0.999,2,mid,250000.0,253892.74,973.18,1773.81,0.0,248.81,4,73.0,254765.18,251880.18,99,"",1.0,0.0274,9.76,,,false,MES_LONG_FUTURES_2017-05-24:2018-05-24
A_rolling_90d_slide,2017-08-22,2018-08-22,0.999,2.362259048153572,,49.48,12.36,3390.24,0.75,-1.15,-2934.94,4,,,2026-07-17 21:49:42,MES,long_futures,0.999,2,mid,250000.0,253390.24,1156.73,1773.81,-79.94,-79.94,3,73.2,254342.62,251407.68,176,"",1.0,0.0274,9.76,,,false,MES_LONG_FUTURES_2017-08-22:2018-08-22
A_rolling_90d_slide,2017-11-20,2018-11-20,0.999,2.321367469985294,,46.05,11.5,3155.24,0.75,-1.16,-2934.94,4,,,2026-07-17 21:49:42,MES,long_futures,0.999,2,mid,250000.0,253155.24,1078.39,1325.06,-79.94,-79.94,3,75.2,253006.31,250071.37,178,"",1.0,0.0274,9.76,,,false,MES_LONG_FUTURES_2017-11-20:2018-11-20
A_rolling_90d_slide,2018-02-18,2019-02-18,0.999,-0.729797177457582,,-24.28,-6.06,-1663.51,0.5,-1.44,-3633.64,4,,,2026-07-17 21:49:42,MES,long_futures,0.999,2,mid,250000.0,248336.49,810.68,1101.31,-1642.44,-3204.94,2,75.5,251970.13,248336.49,129,"",1.0,0.0274,9.76,,,false,MES_LONG_FUTURES_2018-02-18:2019-02-18
A_rolling_90d_slide,2018-05-19,2019-05-19,0.999,-0.03922855815098725,,4.69,1.17,321.49,0.75,-2.35,-5932.34,4,,,2026-07-17 21:49:42,MES,long_futures,0.999,2,mid,250000.0,250321.49,1175.48,1930.06,-3204.94,-3204.94,3,73.8,252025.07,246092.73,205,"",1.0,0.0274,9.76,,,false,MES_LONG_FUTURES_2018-05-19:2019-05-19
A_rolling_90d_slide,2018-08-17,2019-08-17,0.999,0.011393117913583129,,6.9,1.73,472.74,0.75,-2.36,-5932.34,4,,,2026-07-17 21:49:42,MES,long_futures,0.999,2,mid,250000.0,250472.74,1225.89,1930.06,-3204.94,-3204.94,3,76.0,250890.01,244957.67,182,"",1.0,0.0274,9.76,,,false,MES_LONG_FUTURES_2018-08-17:2019-08-17
A_rolling_90d_slide,2018-11-15,2019-11-15,0.999,6.338413451488762,,42.04,10.5,2880.24,0.75,-1.84,-4612.39,4,,,2026-07-17 21:49:42,MES,long_futures,0.999,2,mid,250000.0,252880.24,1400.48,1930.06,-1321.19,-1321.19,3,76.2,250992.5,246380.11,94,"",1.0,0.0274,9.76,,,false,MES_LONG_FUTURES_2018-11-15:2019-11-15
A_rolling_90d_slide,2019-02-13,2020-02-13,0.999,6.469673724671376,,63.06,15.75,4320.24,1.0,-0.96,-2427.5,4,,,2026-07-17 21:49:43,MES,long_futures,0.999,2,mid,250000.0,254320.24,1080.06,1937.56,0.0,111.31,4,76.5,252700.12,250272.62,77,"",1.0,0.0274,9.76,,,false,MES_LONG_FUTURES_2019-02-13:2020-02-13
A_rolling_90d_slide,2019-05-14,2020-05-13,0.999,-0.6275969229207988,,-53.36,-13.33,-3656.01,0.75,-3.72,-9512.5,4,,,2026-07-17 21:49:43,MES,long_futures,0.999,2,mid,250000.0,246343.99,1192.56,1937.56,-7233.69,-7233.69,3,76.8,255622.68,246110.18,77,"",1.0,0.0274,9.76,,,false,MES_LONG_FUTURES_2019-05-14:2020-05-13
A_rolling_90d_slide,2019-08-12,2020-08-11,0.999,0.04530043833166818,,16.64,4.16,1140.24,0.75,-4.71,-12009.99,4,,,2026-07-17 21:49:43,MES,long_futures,0.999,2,mid,250000.0,251140.24,2791.31,5526.31,-7233.69,-7233.69,3,77.0,254892.62,242882.63,148,"",1.0,0.0274,9.76,,,false,MES_LONG_FUTURES_2019-08-12:2020-08-11
A_rolling_90d_slide,2019-11-10,2020-11-09,0.999,0.22355509679399135,,42.04,10.5,2880.24,0.75,-4.75,-12009.99,4,,,2026-07-17 21:49:43,MES,long_futures,0.999,2,mid,250000.0,252880.24,3371.31,5526.31,-7233.69,-7233.69,3,77.2,253007.56,240997.57,157,"",1.0,0.0274,9.76,,,false,MES_LONG_FUTURES_2019-11-10:2020-11-09
A_rolling_90d_slide,2020-02-08,2021-02-07,0.999,6.211226050120759,,51.53,12.87,3530.24,0.75,-4.79,-12009.94,4,,,2026-07-17 21:49:43,MES,long_futures,0.999,2,mid,250000.0,253530.24,4019.23,5526.31,-8527.44,-8527.44,3,77.2,250751.2,238741.26,157,"",1.0,0.0274,9.76,,,false,MES_LONG_FUTURES_2020-02-08:2021-02-07
A_rolling_90d_slide,2020-05-08,2021-05-08,0.999,13.502633245022668,,150.67,37.63,10322.74,1.0,-1.43,-3672.44,4,,,2026-07-17 21:49:43,MES,long_futures,0.999,2,mid,250000.0,260322.74,2580.68,3625.06,0.0,1037.56,4,77.8,256705.06,253032.62,62,"",1.0,0.0274,9.76,,,false,MES_LONG_FUTURES_2020-05-08:2021-05-08
A_rolling_90d_slide,2020-08-06,2021-08-06,0.999,55.78039828961968,,134.5,33.59,9215.24,1.0,-1.45,-3672.44,4,,,2026-07-17 21:49:43,MES,long_futures,0.999,2,mid,250000.0,259215.24,2303.81,2992.56,0.0,562.56,4,78.0,252605.0,248932.56,62,"",1.0,0.0274,9.76,,,false,MES_LONG_FUTURES_2020-08-06:2021-08-06
A_rolling_90d_slide,2020-11-04,2021-11-04,0.999,14.314998479342135,,155.92,38.94,10682.74,1.0,-0.74,-1887.5,4,,,2026-07-17 21:49:43,MES,long_futures,0.999,2,mid,250000.0,260682.74,2670.68,2992.56,0.0,2230.06,4,78.2,255472.51,253585.01,51,"",1.0,0.0274,9.76,,,false,MES_LONG_FUTURES_2020-11-04:2021-11-04
A_rolling_90d_slide,2021-02-02,2022-02-02,0.999,12.235401822064214,,131.22,32.77,8990.24,1.0,-0.95,-2457.44,4,,,2026-07-17 21:49:43,MES,long_futures,0.999,2,mid,250000.0,258990.24,2247.56,2992.56,0.0,1478.81,4,78.5,257406.37,254948.93,44,"",1.0,0.0274,9.76,,,false,MES_LONG_FUTURES_2021-02-02:2022-02-02
A_rolling_90d_slide,2021-05-03,2022-05-03,0.999,-0.057158734248137416,,2.34,0.59,160.24,0.75,-2.41,-6170.0,4,,,2026-07-17 21:49:44,MES,long_futures,0.999,2,mid,250000.0,250160.24,1688.39,2288.81,-4904.94,-4904.94,3,78.8,255948.88,249778.88,107,"",1.0,0.0274,9.76,,,false,MES_LONG_FUTURES_2021-05-03:2022-05-03
A_rolling_90d_slide,2021-08-01,2022-08-01,0.999,-1.2437638999373963,,-88.35,-22.07,-6053.51,0.5,-3.9,-9889.83,4,,,2026-07-17 21:49:44,MES,long_futures,0.999,2,mid,250000.0,243946.49,1476.31,2288.81,-4503.06,-4904.94,2,79.0,253836.32,243946.49,184,"",1.0,0.0274,9.76,,,false,MES_LONG_FUTURES_2021-08-01:2022-08-01
A_rolling_90d_slide,2021-10-30,2022-10-30,0.999,-1.0012697259194596,,-75.47,-18.85,-5171.01,0.5,-4.42,-11127.33,4,,,2026-07-17 21:49:44,MES,long_futures,0.999,2,mid,250000.0,244828.99,1917.56,2938.81,-4503.06,-4904.94,2,79.0,251780.01,240652.68,261,"",1.0,0.0274,9.76,,,false,MES_LONG_FUTURES_2021-10-30:2022-10-30
A_rolling_90d_slide,2022-01-28,2023-01-28,0.999,-0.49920297758815924,,-56.7,-14.16,-3884.76,0.25,-4.1,-10369.98,4,,,2026-07-17 21:49:44,MES,long_futures,0.999,2,mid,250000.0,246115.24,2938.81,2938.81,-2274.52,-4101.19,1,79.5,252751.36,242381.38,258,"",1.0,0.0274,9.76,,,false,MES_LONG_FUTURES_2022-01-28:2023-01-28
A_rolling_90d_slide,2022-04-28,2023-04-28,0.999,0.24068688819037642,,-54.04,-13.49,-3702.26,0.25,-2.88,-7227.49,4,,,2026-07-17 21:49:44,MES,long_futures,0.999,2,mid,250000.0,246297.74,2938.81,2938.81,-2213.69,-4454.94,1,79.8,250642.56,243415.07,217,"",1.0,0.0274,9.76,,,false,MES_LONG_FUTURES_2022-04-28:2023-04-28
A_rolling_90d_slide,2022-07-27,2023-07-27,0.999,0.5264528358795332,,48.41,12.09,3316.49,0.5,-2.86,-7227.49,4,,,2026-07-17 21:49:44,MES,long_futures,0.999,2,mid,250000.0,253316.49,2751.31,4536.31,-1093.07,-1334.94,2,80.0,253125.0,245897.51,253,"",1.0,0.0274,9.76,,,false,MES_LONG_FUTURES_2022-07-27:2023-07-27
A_rolling_90d_slide,2022-10-25,2023-10-25,0.999,1.3782347420255934,,93.89,23.45,6432.74,0.75,-1.16,-2944.99,4,,,2026-07-17 21:49:44,MES,long_futures,0.999,2,mid,250000.0,256432.74,2427.98,4536.31,-851.19,-851.19,3,80.2,253356.36,250411.37,74,"",1.0,0.0274,9.76,,,false,MES_LONG_FUTURES_2022-10-25:2023-10-25
A_rolling_90d_slide,2023-01-23,2024-01-23,0.999,2.919311226048555,,86.68,21.65,5938.99,0.75,-1.87,-4792.54,4,,,2026-07-17 21:49:44,MES,long_futures,0.999,2,mid,250000.0,255938.99,2462.98,4536.31,-1449.94,-1449.94,3,80.5,255965.17,251172.63,149,"",1.0,0.0274,9.76,,,false,MES_LONG_FUTURES_2023-01-23:2024-01-23
A_rolling_90d_slide,2023-04-23,2024-04-22,0.999,2.751806594890291,,140.76,35.15,9643.99,1.0,-1.88,-4792.54,4,,,2026-07-17 21:49:44,MES,long_futures,0.999,2,mid,250000.0,259643.99,2411.0,5022.56,0.0,1367.56,4,80.8,254647.61,249855.07,114,"",1.0,0.0274,9.76,,,false,MES_LONG_FUTURES_2023-04-23:2024-04-22
A_rolling_90d_slide,2023-07-22,2024-07-21,0.999,3.814195921337852,,130.63,32.62,8950.24,0.75,-1.91,-4792.44,4,,,2026-07-17 21:49:44,MES,long_futures,0.999,2,mid,250000.0,258950.24,3274.23,5022.56,-872.44,-872.44,3,82.5,250521.2,245728.76,114,"",1.0,0.0274,9.76,,,false,MES_LONG_FUTURES_2023-07-22:2024-07-21
A_rolling_90d_slide,2023-10-20,2024-10-19,0.999,4.157960116984934,,197.12,49.23,13505.24,1.0,-1.93,-5105.0,4,,,2026-07-17 21:49:45,MES,long_futures,0.999,2,mid,250000.0,263505.24,3376.31,5022.56,0.0,1657.56,4,83.0,264381.38,259276.38,81,"",1.0,0.0274,9.76,,,false,MES_LONG_FUTURES_2023-10-20:2024-10-19
A_rolling_90d_slide,2024-01-18,2025-01-17,0.999,4.805608360368998,,187.12,46.73,12820.24,1.0,-1.97,-5105.0,4,,,2026-07-17 21:49:45,MES,long_futures,0.999,2,mid,250000.0,262820.24,3205.06,4476.31,0.0,1657.56,4,83.2,259220.07,254115.07,56,"",1.0,0.0274,9.76,,,false,MES_LONG_FUTURES_2024-01-18:2025-01-17
A_rolling_90d_slide,2024-04-17,2025-04-17,0.999,0.3255523517358537,,82.98,20.72,5685.24,0.75,-2.31,-6025.0,4,,,2026-07-17 21:49:45,MES,long_futures,0.999,2,mid,250000.0,255685.24,3295.89,4476.31,-4202.44,-4202.44,3,83.5,260707.68,254682.68,56,"",1.0,0.0274,9.76,,,false,MES_LONG_FUTURES_2024-04-17:2025-04-17
A_rolling_90d_slide,2024-07-16,2025-07-16,0.999,0.5965047996601148,,46.84,11.69,3208.99,0.5,-4.88,-12417.44,4,,,2026-07-17 21:49:45,MES,long_futures,0.999,2,mid,250000.0,253208.99,4065.69,4476.31,-2461.19,-4202.44,2,83.8,254576.37,242158.93,125,"",1.0,0.0274,9.76,,,false,MES_LONG_FUTURES_2024-07-16:2025-07-16
A_rolling_90d_slide,2024-10-14,2025-10-14,0.999,0.7173443834939973,,104.96,26.21,7191.49,0.75,-4.91,-12417.44,4,,,2026-07-17 21:49:45,MES,long_futures,0.999,2,mid,250000.0,257191.49,3797.98,5851.31,-4202.44,-4202.44,3,84.0,252707.56,240290.12,107,"",1.0,0.0274,9.76,,,false,MES_LONG_FUTURES_2024-10-14:2025-10-14
A_rolling_90d_slide,2025-01-12,2026-01-12,0.999,4.673550539361842,,143.13,35.75,9806.49,0.75,-4.91,-12417.44,4,,,2026-07-17 21:49:45,MES,long_futures,0.999,2,mid,250000.0,259806.49,3951.31,5851.31,-2047.44,-2047.44,3,84.2,252975.0,240557.56,107,"",1.0,0.0274,9.76,,,false,MES_LONG_FUTURES_2025-01-12:2026-01-12
B_expanding,2010-01-01,2011-01-01,0.999,2.902667920874571,,26.29,8.76,1801.43,1.0,-0.46,-1160.0,3,2.902667920874571,26.29,2026-07-17 21:49:45,MES,long_futures,0.999,2,mid,250000.0,251801.43,600.48,1215.06,0.0,225.06,3,63.3,250630.01,249470.01,38,"",1.0,0.0274,7.32,,,false,MES_LONG_FUTURES_2010-01-01:2011-01-01
B_expanding,2010-01-01,2012-01-01,1.999,0.5416001350395686,,13.17,3.76,1805.42,0.71,-1.09,-2767.28,7,1.7221340279570698,19.73,2026-07-17 21:49:45,MES,long_futures,1.999,2,mid,250000.0,251805.42,650.56,1215.06,-723.69,-1207.44,5,79.1,253015.19,250247.91,208,"",1.0,0.0274,17.08,,,false,MES_LONG_FUTURES_2010-01-01:2012-01-01
B_expanding,2010-01-01,2013-01-01,3.001,0.6796122542569352,,17.54,4.78,3609.41,0.64,-1.09,-2767.28,11,1.3746267700570247,19.0,2026-07-17 21:49:46,MES,long_futures,3.001,2,mid,250000.0,253609.41,839.7,1361.31,-567.13,-1207.44,7,84.1,253015.19,250247.91,248,"",1.0,0.0274,26.84,,,false,MES_LONG_FUTURES_2010-01-01:2013-01-01
B_expanding,2010-01-01,2014-01-01,4.0,1.091242417675746,,25.94,6.92,7117.15,0.73,-1.09,-2767.28,15,1.303780681961705,20.735,2026-07-17 21:49:46,MES,long_futures,4.0,2,mid,250000.0,257117.15,853.24,1361.31,-567.13,-1207.44,11,85.9,253015.19,250247.91,248,"",1.0,0.0274,36.6,,,false,MES_LONG_FUTURES_2010-01-01:2014-01-01
B_expanding,2010-01-01,2015-01-01,4.999,1.2460014105196882,,27.26,7.17,9347.39,0.79,-1.09,-2767.28,19,1.2922248276733017,22.04,2026-07-17 21:49:46,MES,long_futures,4.999,2,mid,250000.0,259347.39,774.39,1361.31,-567.13,-1207.44,15,87.0,253015.19,250247.91,248,"",1.0,0.0274,46.36,,,false,MES_LONG_FUTURES_2010-01-01:2015-01-01
B_expanding,2010-01-01,2016-01-01,5.999,0.9830193014433944,,22.94,5.98,9436.38,0.78,-1.09,-2772.49,23,1.2406905733016504,22.19,2026-07-17 21:49:47,MES,long_futures,5.999,2,mid,250000.0,259436.38,717.21,1361.31,-694.69,-1207.44,18,87.7,260618.75,257846.26,248,"",1.0,0.0274,56.12,,,false,MES_LONG_FUTURES_2010-01-01:2016-01-01
B_expanding,2010-01-01,2017-01-01,7.001,1.1037948585378428,,24.82,6.44,11915.37,0.81,-1.15,-2987.37,27,1.2211340426211064,22.565714285714286,2026-07-17 21:49:48,MES,long_futures,7.001,2,mid,250000.0,261915.37,699.49,1361.31,-694.69,-1207.44,22,88.2,260618.75,257631.38,353,"",1.0,0.0274,65.88,,,false,MES_LONG_FUTURES_2010-01-01:2017-01-01
B_expanding,2010-01-01,2018-01-01,8.0,1.270197986694154,,28.95,7.47,15884.36,0.84,-1.15,-2987.37,31,1.2272670356302375,23.36375,2026-07-17 21:49:48,MES,long_futures,8.0,2,mid,250000.0,265884.36,744.53,1773.81,-694.69,-1207.44,26,88.5,260618.75,257631.38,353,"",1.0,0.0274,75.64,,,false,MES_LONG_FUTURES_2010-01-01:2018-01-01
B_expanding,2010-01-01,2019-01-01,8.999,0.8014773002758464,,24.35,6.26,15025.85,0.8,-1.35,-3633.64,35,1.1799570650353053,23.473333333333333,2026-07-17 21:49:49,MES,long_futures,8.999,2,mid,250000.0,265025.85,778.01,1773.81,-965.48,-3204.94,28,89.0,268659.49,265025.85,353,"",1.0,0.0274,85.4,,,false,MES_LONG_FUTURES_2010-01-01:2019-01-01
B_expanding,2010-01-01,2020-01-01,9.999,0.9846969911238911,,30.86,7.91,21164.84,0.82,-2.21,-5932.34,39,1.1604310576441639,24.212,2026-07-17 21:49:50,MES,long_futures,9.999,2,mid,250000.0,271164.84,872.6,1937.56,-965.48,-3204.94,32,89.2,268659.49,262727.15,353,"",1.0,0.0274,95.16,,,false,MES_LONG_FUTURES_2010-01-01:2020-01-01
B_expanding,2010-01-01,2021-01-01,11.001,0.5894285070701992,,34.45,8.81,25988.83,0.81,-4.4,-12009.99,43,1.1085217348647125,25.14272727272727,2026-07-17 21:49:51,MES,long_futures,11.001,2,mid,250000.0,275988.83,1142.31,5526.31,-1749.0,-7233.69,35,89.4,273209.84,261199.85,353,"",1.0,0.0274,104.92,,,false,MES_LONG_FUTURES_2010-01-01:2021-01-01
B_expanding,2010-01-01,2022-01-01,12.0,0.7384849572773367,,44.05,11.25,36254.07,0.83,-4.4,-12009.99,47,1.0776853367324313,26.718333333333334,2026-07-17 21:49:52,MES,long_futures,12.0,2,mid,250000.0,286254.07,1288.36,5526.31,-1749.0,-7233.69,39,89.5,273209.84,261199.85,353,"",1.0,0.0274,114.68,,,false,MES_LONG_FUTURES_2010-01-01:2022-01-01
B_expanding,2010-01-01,2023-01-01,12.999,0.48552627241021346,,32.36,8.25,28851.81,0.78,-4.4,-12019.82,51,1.032134639476876,27.152307692307694,2026-07-17 21:49:53,MES,long_futures,12.999,2,mid,250000.0,278851.81,1329.62,5526.31,-2212.1,-7233.69,40,89.6,287137.77,275117.95,353,"",1.0,0.0274,124.44,,,false,MES_LONG_FUTURES_2010-01-01:2023-01-01
B_expanding,2010-01-01,2024-01-01,13.999,0.5442104930814858,,36.86,9.38,35389.55,0.78,-4.4,-12019.82,55,0.9972829147343482,27.845714285714287,2026-07-17 21:49:55,MES,long_futures,13.999,2,mid,250000.0,285389.55,1408.69,5526.31,-2098.69,-7233.69,43,89.7,287137.77,275117.95,624,"",1.0,0.0274,134.2,,,false,MES_LONG_FUTURES_2010-01-01:2024-01-01
B_expanding,2010-01-01,2025-01-01,15.001,0.674551579490207,,48.58,12.35,49978.54,0.8,-4.4,-12019.82,59,0.9757674923847387,29.228,2026-07-17 21:49:56,MES,long_futures,15.001,2,mid,250000.0,299978.54,1599.21,5526.31,-2098.69,-7233.69,47,89.9,287137.77,275117.95,613,"",1.0,0.0274,143.96,,,false,MES_LONG_FUTURES_2010-01-01:2025-01-01
B_expanding,2010-01-01,2026-01-01,16.0,0.6821963066390377,,52.52,13.34,57630.03,0.79,-4.4,-12417.44,63,0.9574192932756324,30.68375,2026-07-17 21:49:58,MES,long_futures,16.0,2,mid,250000.0,307630.03,1740.34,5851.31,-2260.52,-7233.69,50,90.0,300798.54,288381.1,613,"",1.0,0.0274,153.72,,,false,MES_LONG_FUTURES_2010-01-01:2026-01-01
B_expanding,2010-01-01,2026-01-15,16.038,0.6821963066390377,,52.39,13.34,57630.03,0.79,-4.4,-12417.44,63,0.9412297058264208,31.96058823529412,2026-07-17 21:49:59,MES,long_futures,16.038,2,mid,250000.0,307630.03,1740.34,5851.31,-2260.52,-7233.69,50,90.0,300798.54,288381.1,613,"",1.0,0.0274,153.72,,,false,MES_LONG_FUTURES_2010-01-01:2026-01-15
C_capped_rolling,2010-01-01,2011-01-01,0.999,2.902667920874571,,26.29,8.76,1801.43,1.0,-0.46,-1160.0,3,,,2026-07-17 21:49:59,MES,long_futures,0.999,2,mid,250000.0,251801.43,600.48,1215.06,0.0,225.06,3,63.3,250630.01,249470.01,38,"",1.0,0.0274,7.32,,,false,MES_LONG_FUTURES_2010-01-01:2011-01-01
C_capped_rolling,2010-01-01,2012-01-01,1.999,0.5416001350395686,,13.17,3.76,1805.42,0.71,-1.09,-2767.28,7,,,2026-07-17 21:49:59,MES,long_futures,1.999,2,mid,250000.0,251805.42,650.56,1215.06,-723.69,-1207.44,5,79.1,253015.19,250247.91,208,"",1.0,0.0274,17.08,,,false,MES_LONG_FUTURES_2010-01-01:2012-01-01
C_capped_rolling,2010-01-01,2013-01-01,3.001,0.6796122542569352,,17.54,4.78,3609.41,0.64,-1.09,-2767.28,11,,,2026-07-17 21:50:00,MES,long_futures,3.001,2,mid,250000.0,253609.41,839.7,1361.31,-567.13,-1207.44,7,84.1,253015.19,250247.91,248,"",1.0,0.0274,26.84,,,false,MES_LONG_FUTURES_2010-01-01:2013-01-01
C_capped_rolling,2010-01-01,2014-01-01,4.0,1.091242417675746,,25.94,6.92,7117.15,0.73,-1.09,-2767.28,15,,,2026-07-17 21:50:00,MES,long_futures,4.0,2,mid,250000.0,257117.15,853.24,1361.31,-567.13,-1207.44,11,85.9,253015.19,250247.91,248,"",1.0,0.0274,36.6,,,false,MES_LONG_FUTURES_2010-01-01:2014-01-01
C_capped_rolling,2010-01-01,2015-01-01,4.999,1.2460014105196882,,27.26,7.17,9347.39,0.79,-1.09,-2767.28,19,,,2026-07-17 21:50:00,MES,long_futures,4.999,2,mid,250000.0,259347.39,774.39,1361.31,-567.13,-1207.44,15,87.0,253015.19,250247.91,248,"",1.0,0.0274,46.36,,,false,MES_LONG_FUTURES_2010-01-01:2015-01-01
C_capped_rolling,2011-01-01,2016-01-01,4.999,0.8421566316451934,,21.84,5.46,7488.7,0.75,-1.1,-2772.49,20,,,2026-07-17 21:50:01,MES,long_futures,4.999,2,mid,250000.0,257488.7,730.81,1361.31,-694.69,-1207.44,15,90.3,258671.07,255898.58,248,"",1.0,0.0274,48.8,,,false,MES_LONG_FUTURES_2011-01-01:2016-01-01
C_capped_rolling,2012-01-01,2017-01-01,5.002,1.2607489222843515,,28.54,7.14,9791.2,0.85,-1.16,-2987.37,20,,,2026-07-17 21:50:01,MES,long_futures,5.002,2,mid,250000.0,259791.2,695.13,1361.31,-675.36,-1204.94,17,90.2,258494.58,255507.21,353,"",1.0,0.0274,48.8,,,false,MES_LONG_FUTURES_2012-01-01:2017-01-01
C_capped_rolling,2013-01-01,2018-01-01,4.999,1.7113823686487637,,35.12,8.78,12039.95,0.95,-1.16,-2987.37,20,,,2026-07-17 21:50:02,MES,long_futures,4.999,2,mid,250000.0,262039.95,697.1,1773.81,-1204.94,-1204.94,19,90.2,256774.34,253786.97,353,"",1.0,0.0274,48.8,,,false,MES_LONG_FUTURES_2013-01-01:2018-01-01
C_capped_rolling,2014-01-01,2019-01-01,4.999,0.6160057274488688,,21.47,5.37,7359.95,0.85,-1.39,-3633.64,20,,,2026-07-17 21:50:02,MES,long_futures,4.999,2,mid,250000.0,257359.95,697.05,1773.81,-1496.61,-3204.94,17,90.5,260993.59,257359.95,353,"",1.0,0.0274,48.8,,,false,MES_LONG_FUTURES_2014-01-01:2019-01-01
C_capped_rolling,2015-01-01,2020-01-01,4.999,0.8529438600272021,,32.81,8.2,11249.95,0.85,-2.29,-5932.34,20,,,2026-07-17 21:50:03,MES,long_futures,4.999,2,mid,250000.0,261249.95,925.87,1937.56,-1496.61,-3204.94,17,90.5,258744.6,252812.26,353,"",1.0,0.0274,48.8,,,false,MES_LONG_FUTURES_2015-01-01:2020-01-01
C_capped_rolling,2016-01-01,2021-01-01,5.002,0.5863745736516113,,47.37,11.85,16249.95,0.8,-4.56,-12009.99,20,,,2026-07-17 21:50:03,MES,long_futures,5.002,2,mid,250000.0,266249.95,1687.09,5526.31,-2685.88,-7233.69,16,90.3,263470.96,251460.97,182,"",1.0,0.0274,48.8,,,false,MES_LONG_FUTURES_2016-01-01:2021-01-01
C_capped_rolling,2017-01-01,2022-01-01,4.999,0.7779537655210692,,71.46,17.86,24501.2,0.85,-4.59,-12009.99,20,,,2026-07-17 21:50:04,MES,long_futures,4.999,2,mid,250000.0,274501.2,2059.99,5526.31,-3506.19,-7233.69,17,90.3,261456.97,249446.98,182,"",1.0,0.0274,48.8,,,false,MES_LONG_FUTURES_2017-01-01:2022-01-01
C_capped_rolling,2018-01-01,2023-01-01,4.999,0.32979160013834036,,37.22,9.3,12759.95,0.7,-4.67,-12019.82,20,,,2026-07-17 21:50:04,MES,long_futures,4.999,2,mid,250000.0,262759.95,2401.4,5526.31,-3476.61,-7233.69,14,90.3,271045.91,259026.09,313,"",1.0,0.0274,48.8,,,false,MES_LONG_FUTURES_2018-01-01:2023-01-01
C_capped_rolling,2019-01-01,2024-01-01,4.999,0.5133610250032958,,61.1,15.27,20948.7,0.75,-4.64,-12019.82,20,,,2026-07-17 21:50:05,MES,long_futures,4.999,2,mid,250000.0,270948.7,2624.98,5526.31,-3685.19,-7233.69,15,90.2,272696.92,260677.1,624,"",1.0,0.0274,48.8,,,false,MES_LONG_FUTURES_2019-01-01:2024-01-01
C_capped_rolling,2020-01-01,2025-01-01,5.002,1.1449708561981329,,82.52,20.64,28308.7,0.75,-4.77,-12019.82,20,,,2026-07-17 21:50:05,MES,long_futures,5.002,2,mid,250000.0,278308.7,3149.31,5526.31,-3786.19,-7738.69,15,90.5,265467.93,253448.11,613,"",1.0,0.0274,48.8,,,false,MES_LONG_FUTURES_2020-01-01:2025-01-01
C_capped_rolling,2021-01-01,2026-01-01,4.999,0.8192443746403567,,90.0,22.49,30854.95,0.75,-4.62,-12417.44,20,,,2026-07-17 21:50:06,MES,long_futures,4.999,2,mid,250000.0,280854.95,3083.31,5851.31,-3078.94,-4904.94,15,90.3,274023.46,261606.02,613,"",1.0,0.0274,48.8,,,false,MES_LONG_FUTURES_2021-01-01:2026-01-01
C_capped_rolling,2022-01-01,2026-01-15,4.038,0.9657293664128466,,74.43,18.78,20613.46,0.69,-4.79,-12417.44,16,,,2026-07-17 21:50:06,MES,long_futures,4.038,2,mid,250000.0,270613.46,3342.79,5851.31,-3231.44,-5667.44,11,90.2,263781.97,251364.53,608,"",1.0,0.0274,39.04,,,false,MES_LONG_FUTURES_2022-01-01:2026-01-15
