instrument_code,economic_family_id,roll_policy_id,duplicate_group_id,pooling_role,representative_instrument,include_default,decision_basis,notes
AEX,AEX,AEX_ALL_MONTHS,AEX_SIZE_VARIANTS,execution_duplicate,AEX_mini,false,same_contract_policy_history,AEX mini begins earlier
AEX_mini,AEX,AEX_ALL_MONTHS,AEX_SIZE_VARIANTS,primary,AEX_mini,true,longer_daily_history,Selected research representative
ALUMINIUM,ALUMINIUM,ALUMINIUM_NYMEX_INDEX,ALUMINIUM_RELATED,distinct_contract,ALUMINIUM,true,venue_and_history_distinct,NYMEX index contract
ALUMINIUM_LME,ALUMINIUM,ALUMINIUM_LME_3M,ALUMINIUM_RELATED,distinct_contract,ALUMINIUM_LME,true,venue_and_history_distinct,LME contract
AUD,AUDUSD,AUDUSD_QUARTERLY,AUDUSD_SIZE_VARIANTS,execution_duplicate,AUD_micro,false,same_contract_policy_history,Full size execution variant
AUD_micro,AUDUSD,AUDUSD_QUARTERLY,AUDUSD_SIZE_VARIANTS,primary,AUD_micro,true,longer_daily_history,Earlier research history
BRENT-LAST,BRENT,BRENT_NYMEX_LAST_DAY,BRENT_RELATED,distinct_contract,BRENT-LAST,true,venue_and_history_distinct,NYMEX last day financial contract
BRENT_W,BRENT,BRENT_ICE_SUMMER,BRENT_RELATED,distinct_roll_policy,BRENT_W,true,contract_path_materially_distinct,ICE seasonal history
CAD,CADUSD,CADUSD_QUARTERLY,CADUSD_SIZE_VARIANTS,primary,CAD,true,same_span_prefer_established_contract,Same source span; full contract retained
CAD_micro,CADUSD,CADUSD_QUARTERLY,CADUSD_SIZE_VARIANTS,execution_duplicate,CAD,false,same_contract_policy_history,Micro execution variant
CHF,CHFUSD,CHFUSD_QUARTERLY,CHFUSD_SIZE_VARIANTS,primary,CHF,true,same_span_prefer_established_contract,Tie broken toward established full contract source
CHF_micro,CHFUSD,CHFUSD_QUARTERLY,CHFUSD_SIZE_VARIANTS,execution_duplicate,CHF,false,same_contract_policy_history,Micro execution variant
CNH,CHINESE_RENMINBI,USDCNH_SGX_OFFSHORE,CNH_RELATED,distinct_contract,CNH,true,quotation_and_contract_distinct,Offshore renminbi quoted CNH per USD
CNH-onshore,CHINESE_RENMINBI,CNYUSD_SGX_ONSHORE,CNH_RELATED,distinct_contract,CNH-onshore,true,quotation_and_contract_distinct,Onshore renminbi quoted USD per CNY
COAL,THERMAL_COAL,COAL_ROTTERDAM,COAL_RELATED,distinct_contract,COAL,true,regional_contract_distinct,Rotterdam benchmark
COAL-GEORDIE,THERMAL_COAL,COAL_NEWCASTLE,COAL_RELATED,distinct_contract,COAL-GEORDIE,true,regional_contract_distinct,Newcastle benchmark
COCOA,COCOA,COCOA_NEW_YORK,COCOA_RELATED,distinct_contract,COCOA,true,regional_contract_distinct,New York cocoa
COCOA_LDN,COCOA,COCOA_LONDON,COCOA_RELATED,distinct_contract,COCOA_LDN,true,regional_contract_distinct,London cocoa
COPPER,COPPER,COPPER_COMEX_QUARTERLY,COPPER_RELATED,distinct_roll_policy,COPPER,true,contract_path_materially_distinct,Quarterly full contract policy
COPPER-micro,COPPER,COPPER_COMEX_MICRO_ALL_MONTHS,COPPER_RELATED,distinct_roll_policy,COPPER-micro,true,contract_path_materially_distinct,All month micro policy
COPPER-mini,COPPER,COPPER_COMEX_MINI_HKNUZ,COPPER_RELATED,distinct_roll_policy,COPPER-mini,true,contract_path_materially_distinct,HKNUZ mini policy
COPPER_LME,COPPER,COPPER_LME_3M,COPPER_RELATED,distinct_contract,COPPER_LME,true,venue_and_history_distinct,LME contract
CORN,CORN,CORN_DECEMBER,CORN_RELATED,distinct_roll_policy,CORN,true,contract_path_materially_distinct,December seasonal strategy
CORN_mini,CORN,CORN_ALL_LISTED,CORN_RELATED,distinct_roll_policy,CORN_mini,true,contract_path_materially_distinct,All listed month policy
COTTON,COTTON,COTTON_NYMEX_INDEX,COTTON_RELATED,distinct_contract,COTTON,true,contract_history_distinct,NYMEX financial index
COTTON2,COTTON,COTTON2_NYBOT,COTTON_RELATED,distinct_contract,COTTON2,true,contract_history_distinct,Physical Cotton 2 market
CRUDE_ICE,WTI,WTI_ICE_MONTHLY_FRONT,WTI_RELATED,distinct_roll_policy,CRUDE_ICE,true,contract_path_materially_distinct,Consistent ICE monthly front history
CRUDE_W,WTI,WTI_NYMEX_DECEMBER,WTI_RELATED,distinct_roll_policy,CRUDE_W,true,contract_path_materially_distinct,Consistent NYMEX December history
CRUDE_W_micro,WTI,WTI_NYMEX_SMALL_MIXED,WTI_SMALL_MIXED,excluded_mixed_history,CRUDE_W,false,reviewed_mixed_regime,Winter proxy changes to monthly regime in 2015
CRUDE_W_mini,WTI,WTI_NYMEX_SMALL_MIXED,WTI_SMALL_MIXED,excluded_mixed_history,CRUDE_W,false,reviewed_mixed_regime,Winter proxy changes to monthly regime in 2015
DOW,DOW30,DOW30_QUARTERLY,DOW30_SIZE_VARIANTS,execution_duplicate,DOW_mini,false,same_contract_policy_history,Micro execution variant
DOW_mini,DOW30,DOW30_QUARTERLY,DOW30_SIZE_VARIANTS,primary,DOW_mini,true,same_span_prefer_established_contract,Tie broken toward established E-mini contract source
ETHER-micro,ETHER,ETHER_CME_MONTHLY,ETHER_SIZE_VARIANTS,execution_duplicate,ETHEREUM,false,same_economic_exposure_source_divergence,Separate order book has divergent source marks and must not add normalization weight
ETHEREUM,ETHER,ETHER_CME_MONTHLY,ETHER_SIZE_VARIANTS,primary,ETHEREUM,true,prefer_established_contract_source,Established full contract retained despite source-mark divergence
EUR,EURUSD,EURUSD_QUARTERLY,EURUSD_SIZE_VARIANTS,execution_duplicate,EUR_mini,false,same_contract_policy_history,Full size execution variant
EUR_micro,EURUSD,EURUSD_QUARTERLY,EURUSD_SIZE_VARIANTS,execution_duplicate,EUR_mini,false,same_contract_policy_history,Micro execution variant
EUR_mini,EURUSD,EURUSD_QUARTERLY,EURUSD_SIZE_VARIANTS,primary,EUR_mini,true,longer_daily_history,Earlier research history
EURIBOR,EURIBOR,EURIBOR_EUREX,EURIBOR_RELATED,distinct_contract,EURIBOR,true,venue_and_history_distinct,Eurex venue series
EURIBOR-ICE,EURIBOR,EURIBOR_ICE,EURIBOR_RELATED,distinct_contract,EURIBOR-ICE,true,venue_and_history_distinct,ICE venue series
EUROSTX,EUROPE_EQUITY,EUROSTOXX50,EUROSTX_RELATED,distinct_contract,EUROSTX,true,index_methodology_distinct,Euro Stoxx 50
EUROSTX-LARGE,EUROPE_EQUITY,EUROSTOXX_LARGE,EUROSTX_RELATED,distinct_contract,EUROSTX-LARGE,true,index_methodology_distinct,Large cap index
EUROSTX-SMALL,EUROPE_EQUITY,EUROSTOXX_SMALL,EUROSTX_RELATED,distinct_contract,EUROSTX-SMALL,true,index_methodology_distinct,Small cap index
GAS-LAST,HENRY_HUB_GAS,GAS_LAST_DAY_FINANCIAL,GAS_RELATED,distinct_contract,GAS-LAST,true,settlement_contract_distinct,Last day financial contract
GAS-PEN,HENRY_HUB_GAS,GAS_PENULTIMATE_FINANCIAL,GAS_RELATED,distinct_contract,GAS-PEN,true,settlement_contract_distinct,Penultimate financial contract
GAS_US,HENRY_HUB_GAS,GAS_NYMEX_MONTHLY,GAS_NYMEX_SIZE_VARIANTS,execution_duplicate,GAS_US_mini,false,same_config_execution_variant,Full size execution variant
GAS_US_mini,HENRY_HUB_GAS,GAS_NYMEX_MONTHLY,GAS_NYMEX_SIZE_VARIANTS,primary,GAS_US_mini,true,longer_daily_history,Earlier and broader daily coverage
GASOILINE,GASOLINE,GASOLINE_NYMEX_DEFERRED,GASOLINE_RELATED,distinct_roll_policy,GASOILINE,true,contract_path_materially_distinct,Deferred NYMEX policy
GASOILINE_ICE,GASOLINE,GASOLINE_ICE_FRONT,GASOLINE_RELATED,distinct_contract,GASOILINE_ICE,true,venue_and_history_distinct,ICE front contract
GASOILINE_micro,GASOLINE,GASOLINE_NYMEX_MICRO,GASOLINE_RELATED,distinct_roll_policy,GASOILINE_micro,true,contract_path_materially_distinct,Micro policy uses different offset and carry direction
GBP,GBPUSD,GBPUSD_QUARTERLY,GBPUSD_SIZE_VARIANTS,execution_duplicate,GBP_micro,false,same_contract_policy_history,Full size execution variant
GBP_micro,GBPUSD,GBPUSD_QUARTERLY,GBPUSD_SIZE_VARIANTS,primary,GBP_micro,true,longer_daily_history,Earlier research history
GOLD,GOLD,GOLD_COMEX,GOLD_SIZE_VARIANTS,execution_duplicate,GOLD-mini,false,realized_history_near_identical,Full size execution variant
GOLD-mini,GOLD,GOLD_COMEX,GOLD_SIZE_VARIANTS,primary,GOLD-mini,true,longer_daily_history,Earlier research history
GOLD_micro,GOLD,GOLD_COMEX,GOLD_SIZE_VARIANTS,execution_duplicate,GOLD-mini,false,realized_history_near_identical,Offset differs but selected history is near identical
HANG,HANG_SENG,HANG_SENG_ALL_MONTHS,HANG_SIZE_VARIANTS,primary,HANG,true,longer_daily_history,Selected research representative
HANG_mini,HANG_SENG,HANG_SENG_ALL_MONTHS,HANG_SIZE_VARIANTS,execution_duplicate,HANG,false,same_contract_policy_history,Mini execution variant
HANGENT,HANG_SENG_CHINA,HANGENT_OFFSET_5,HANGENT_RELATED,distinct_roll_policy,HANGENT,true,roll_timing_distinct,Five day roll offset
HANGENT_mini,HANG_SENG_CHINA,HANGENT_OFFSET_10,HANGENT_RELATED,distinct_roll_policy,HANGENT_mini,true,roll_timing_distinct,Ten day roll offset
HEATOIL,HEATING_OIL,HEATOIL_NYMEX_DEFERRED,HEATOIL_RELATED,distinct_roll_policy,HEATOIL,true,contract_path_materially_distinct,Deferred NYMEX policy
HEATOIL-ICE,HEATING_OIL,HEATOIL_ICE_FRONT,HEATOIL_RELATED,distinct_contract,HEATOIL-ICE,true,venue_and_history_distinct,ICE front contract
IBEX,IBEX35,IBEX35_ALL_MONTHS,IBEX_SIZE_VARIANTS,primary,IBEX,true,same_span_prefer_established_contract,Tie broken toward established full contract source
IBEX_mini,IBEX35,IBEX35_ALL_MONTHS,IBEX_SIZE_VARIANTS,execution_duplicate,IBEX,false,same_contract_policy_history,Mini execution variant
JGB,JGB10,JGB_OSE_QUARTERLY,JGB_OSE_SIZE_VARIANTS,primary,JGB,true,same_span_prefer_established_contract,Same source span; established full contract retained
JGB-mini,JGB10,JGB_OSE_QUARTERLY,JGB_OSE_SIZE_VARIANTS,execution_duplicate,JGB,false,same_contract_policy_history,OSE mini execution variant
JGB-SGX-mini,JGB10,JGB_SGX_QUARTERLY,JGB_RELATED,distinct_contract,JGB-SGX-mini,true,venue_and_history_distinct,SGX contract retained separately
JPY,JPYUSD,JPYUSD_QUARTERLY,JPYUSD_SIZE_VARIANTS,execution_duplicate,JPY_mini,false,same_contract_policy_history,Full size execution variant
JPY_mini,JPYUSD,JPYUSD_QUARTERLY,JPYUSD_SIZE_VARIANTS,primary,JPY_mini,true,longer_daily_history,Earlier research history
KOSPI,KOSPI200,KOSPI_QUARTERLY,KOSPI_RELATED,distinct_roll_policy,KOSPI,true,contract_path_materially_distinct,Quarterly full contract policy
KOSPI_mini,KOSPI200,KOSPI_MINI_ALL_MONTHS,KOSPI_RELATED,distinct_roll_policy,KOSPI_mini,true,contract_path_materially_distinct,All month mini policy
KRWUSD,KRWUSD,KRWUSD_CME,KRWUSD_RELATED,distinct_contract,KRWUSD,true,venue_and_history_distinct,CME contract
KRWUSD_mini,KRWUSD,KRWUSD_SGX_MINI,KRWUSD_RELATED,distinct_contract,KRWUSD_mini,true,venue_and_history_distinct,SGX contract
MSCIASIA,MSCI_EM_ASIA,MSCI_EM_ASIA_EUREX,MSCI_ASIA_RELATED,distinct_contract,MSCIASIA,true,index_methodology_distinct,Eurex index future
MSCIEMASIA,MSCI_EM_ASIA,MSCI_EM_ASIA_NTR,MSCI_ASIA_RELATED,distinct_contract,MSCIEMASIA,true,index_methodology_distinct,Net total return annual contract
NASDAQ,NASDAQ100,NASDAQ100_QUARTERLY,NASDAQ_SIZE_VARIANTS,primary,NASDAQ,true,same_span_prefer_established_contract,Same source span; full NQ retained and MNQ lacks one date
NASDAQ_micro,NASDAQ100,NASDAQ100_QUARTERLY,NASDAQ_SIZE_VARIANTS,execution_duplicate,NASDAQ,false,same_contract_policy_history,Micro execution variant
RUSSELL,RUSSELL2000,RUSSELL2000_QUARTERLY,RUSSELL_SIZE_VARIANTS,execution_duplicate,RUSSELL_mini,false,same_contract_policy_history,Micro execution variant
RUSSELL_mini,RUSSELL2000,RUSSELL2000_QUARTERLY,RUSSELL_SIZE_VARIANTS,primary,RUSSELL_mini,true,same_span_prefer_established_contract,Tie broken toward established RTY E-mini contract source
SGD,USDSGD,USDSGD_ALL_MONTHS,USDSGD_SIZE_VARIANTS,primary,SGD,true,same_span_prefer_established_contract,Same effective span; full contract retained over denser but divergent mini dates
SGD_mini,USDSGD,USDSGD_ALL_MONTHS,USDSGD_SIZE_VARIANTS,execution_duplicate,SGD,false,same_config_execution_variant,Mini execution variant with divergent source history
SMI,SWISS_EQUITY,SMI_LARGE,SMI_RELATED,distinct_contract,SMI,true,index_methodology_distinct,Swiss Market Index
SMI-MID,SWISS_EQUITY,SMI_MID,SMI_RELATED,distinct_contract,SMI-MID,true,index_methodology_distinct,Swiss mid cap index
SOYBEAN,SOYBEAN,SOYBEAN_NOVEMBER,SOYBEAN_RELATED,distinct_roll_policy,SOYBEAN,true,contract_path_materially_distinct,November seasonal strategy
SOYBEAN_mini,SOYBEAN,SOYBEAN_ALL_LISTED,SOYBEAN_RELATED,distinct_roll_policy,SOYBEAN_mini,true,contract_path_materially_distinct,All listed month policy
SP500,SP500,SP500_QUARTERLY,SP500_SIZE_VARIANTS,primary,SP500,true,same_span_prefer_established_contract,Tie broken toward established full contract source
SP500_micro,SP500,SP500_QUARTERLY,SP500_SIZE_VARIANTS,execution_duplicate,SP500,false,same_contract_policy_history,Micro execution variant
SUGAR11,SUGAR,SUGAR11_NYBOT,SUGAR_RELATED,distinct_contract,SUGAR11,true,contract_history_distinct,World sugar contract
SUGAR16,SUGAR,SUGAR16_NYBOT,SUGAR_RELATED,distinct_contract,SUGAR16,true,contract_history_distinct,US domestic sugar contract
SUGAR_WHITE,SUGAR,SUGAR_WHITE_ICE,SUGAR_RELATED,distinct_contract,SUGAR_WHITE,true,contract_history_distinct,White sugar contract
TWD,TWDUSD,TWDUSD_ALL_MONTHS,TWDUSD_SIZE_VARIANTS,primary,TWD,true,longer_daily_history,Selected research representative
TWD-mini,TWDUSD,TWDUSD_ALL_MONTHS,TWDUSD_SIZE_VARIANTS,execution_duplicate,TWD,false,same_config_execution_variant,Mini execution variant with divergent source history
VIX,VIX,VIX_MONTHLY,VIX_SIZE_VARIANTS,execution_duplicate,VIX_mini,false,same_config_execution_variant,Full size execution variant
VIX_mini,VIX,VIX_MONTHLY,VIX_SIZE_VARIANTS,primary,VIX_mini,true,longer_daily_history,Earlier and broader daily coverage
WHEAT,WHEAT,WHEAT_DECEMBER,WHEAT_RELATED,distinct_roll_policy,WHEAT,true,contract_path_materially_distinct,December seasonal strategy
WHEAT_ICE,WHEAT,WHEAT_ICE_UK,WHEAT_RELATED,distinct_contract,WHEAT_ICE,true,regional_contract_distinct,UK ICE wheat
WHEAT_mini,WHEAT,WHEAT_CBOT_ALL_LISTED,WHEAT_RELATED,distinct_roll_policy,WHEAT_mini,true,contract_path_materially_distinct,All listed CBOT mini policy
