canonical_market_id,carver_instrument,globex_asset,trade_date,present_in,missing_from
sp500,SP500,ES,2013-05-27,globex,pysystemtrade
sp500,SP500,ES,2013-07-04,globex,pysystemtrade
sp500,SP500,ES,2013-09-02,globex,pysystemtrade
sp500,SP500,ES,2014-01-20,globex,pysystemtrade
sp500,SP500,ES,2014-02-17,globex,pysystemtrade
sp500,SP500,ES,2014-03-24,globex,pysystemtrade
sp500,SP500,ES,2014-04-04,globex,pysystemtrade
sp500,SP500,ES,2014-04-08,globex,pysystemtrade
sp500,SP500,ES,2014-04-09,globex,pysystemtrade
sp500,SP500,ES,2014-04-24,globex,pysystemtrade
sp500,SP500,ES,2014-04-29,globex,pysystemtrade
sp500,SP500,ES,2014-05-26,globex,pysystemtrade
sp500,SP500,ES,2014-06-12,pysystemtrade,globex
sp500,SP500,ES,2014-06-13,pysystemtrade,globex
sp500,SP500,ES,2014-07-04,globex,pysystemtrade
sp500,SP500,ES,2014-07-31,globex,pysystemtrade
sp500,SP500,ES,2014-08-01,globex,pysystemtrade
sp500,SP500,ES,2014-08-04,globex,pysystemtrade
sp500,SP500,ES,2014-08-05,globex,pysystemtrade
sp500,SP500,ES,2014-09-01,globex,pysystemtrade
sp500,SP500,ES,2014-09-23,pysystemtrade,globex
sp500,SP500,ES,2014-09-24,pysystemtrade,globex
sp500,SP500,ES,2014-09-25,pysystemtrade,globex
sp500,SP500,ES,2014-12-25,globex,pysystemtrade
sp500,SP500,ES,2014-12-26,globex,pysystemtrade
sp500,SP500,ES,2014-12-31,pysystemtrade,globex
sp500,SP500,ES,2015-01-01,globex,pysystemtrade
sp500,SP500,ES,2015-04-03,globex,pysystemtrade
sp500,SP500,ES,2015-09-01,globex,pysystemtrade
sp500,SP500,ES,2015-10-29,globex,pysystemtrade
sp500,SP500,ES,2015-10-30,globex,pysystemtrade
sp500,SP500,ES,2015-12-18,globex,pysystemtrade
sp500,SP500,ES,2015-12-24,globex,pysystemtrade
sp500,SP500,ES,2016-12-26,globex,pysystemtrade
sp500,SP500,ES,2017-01-02,globex,pysystemtrade
sp500,SP500,ES,2017-07-10,globex,pysystemtrade
sp500,SP500,ES,2017-07-11,globex,pysystemtrade
sp500,SP500,ES,2017-11-29,globex,pysystemtrade
sp500,SP500,ES,2021-01-18,globex,pysystemtrade
sp500,SP500,ES,2021-02-15,globex,pysystemtrade
sp500,SP500,ES,2021-04-02,globex,pysystemtrade
sp500,SP500,ES,2021-05-31,globex,pysystemtrade
sp500,SP500,ES,2021-07-05,globex,pysystemtrade
sp500,SP500,ES,2021-09-06,globex,pysystemtrade
sp500,SP500,ES,2021-11-25,globex,pysystemtrade
sp500,SP500,ES,2022-01-17,globex,pysystemtrade
sp500,SP500,ES,2022-02-21,globex,pysystemtrade
sp500,SP500,ES,2022-05-30,globex,pysystemtrade
sp500,SP500,ES,2022-06-20,globex,pysystemtrade
sp500,SP500,ES,2022-07-04,globex,pysystemtrade
sp500,SP500,ES,2022-09-05,globex,pysystemtrade
sp500,SP500,ES,2022-11-24,globex,pysystemtrade
sp500,SP500,ES,2022-12-26,globex,pysystemtrade
sp500,SP500,ES,2023-01-02,globex,pysystemtrade
sp500,SP500,ES,2023-01-16,globex,pysystemtrade
sp500,SP500,ES,2023-02-20,globex,pysystemtrade
sp500,SP500,ES,2023-04-07,globex,pysystemtrade
sp500,SP500,ES,2023-05-29,globex,pysystemtrade
sp500,SP500,ES,2023-06-19,globex,pysystemtrade
sp500,SP500,ES,2023-07-04,globex,pysystemtrade
sp500,SP500,ES,2023-09-04,globex,pysystemtrade
sp500,SP500,ES,2023-11-23,globex,pysystemtrade
sp500,SP500,ES,2023-12-25,globex,pysystemtrade
sp500,SP500,ES,2024-01-01,globex,pysystemtrade
sp500,SP500,ES,2024-01-15,globex,pysystemtrade
sp500,SP500,ES,2024-02-19,globex,pysystemtrade
nasdaq,NASDAQ,NQ,2013-05-27,globex,pysystemtrade
nasdaq,NASDAQ,NQ,2013-07-04,globex,pysystemtrade
nasdaq,NASDAQ,NQ,2013-09-02,globex,pysystemtrade
nasdaq,NASDAQ,NQ,2014-01-20,globex,pysystemtrade
nasdaq,NASDAQ,NQ,2014-02-17,globex,pysystemtrade
nasdaq,NASDAQ,NQ,2014-03-18,globex,pysystemtrade
nasdaq,NASDAQ,NQ,2014-03-24,globex,pysystemtrade
nasdaq,NASDAQ,NQ,2014-04-04,globex,pysystemtrade
nasdaq,NASDAQ,NQ,2014-04-08,globex,pysystemtrade
nasdaq,NASDAQ,NQ,2014-04-09,globex,pysystemtrade
nasdaq,NASDAQ,NQ,2014-04-24,globex,pysystemtrade
nasdaq,NASDAQ,NQ,2014-04-29,globex,pysystemtrade
nasdaq,NASDAQ,NQ,2014-05-26,globex,pysystemtrade
nasdaq,NASDAQ,NQ,2014-06-12,pysystemtrade,globex
nasdaq,NASDAQ,NQ,2014-06-13,pysystemtrade,globex
nasdaq,NASDAQ,NQ,2014-07-03,globex,pysystemtrade
nasdaq,NASDAQ,NQ,2014-07-31,globex,pysystemtrade
nasdaq,NASDAQ,NQ,2014-08-01,globex,pysystemtrade
nasdaq,NASDAQ,NQ,2014-08-04,globex,pysystemtrade
nasdaq,NASDAQ,NQ,2014-08-05,globex,pysystemtrade
nasdaq,NASDAQ,NQ,2014-09-01,globex,pysystemtrade
nasdaq,NASDAQ,NQ,2014-09-23,pysystemtrade,globex
nasdaq,NASDAQ,NQ,2014-09-24,pysystemtrade,globex
nasdaq,NASDAQ,NQ,2014-09-25,pysystemtrade,globex
nasdaq,NASDAQ,NQ,2014-10-16,globex,pysystemtrade
nasdaq,NASDAQ,NQ,2014-12-25,globex,pysystemtrade
nasdaq,NASDAQ,NQ,2014-12-26,globex,pysystemtrade
nasdaq,NASDAQ,NQ,2014-12-31,pysystemtrade,globex
nasdaq,NASDAQ,NQ,2015-01-01,globex,pysystemtrade
nasdaq,NASDAQ,NQ,2015-04-03,globex,pysystemtrade
nasdaq,NASDAQ,NQ,2015-09-01,globex,pysystemtrade
nasdaq,NASDAQ,NQ,2015-10-29,globex,pysystemtrade
nasdaq,NASDAQ,NQ,2015-10-30,globex,pysystemtrade
nasdaq,NASDAQ,NQ,2016-09-09,globex,pysystemtrade
nasdaq,NASDAQ,NQ,2016-12-26,globex,pysystemtrade
nasdaq,NASDAQ,NQ,2017-01-02,globex,pysystemtrade
nasdaq,NASDAQ,NQ,2017-07-10,globex,pysystemtrade
nasdaq,NASDAQ,NQ,2017-07-11,globex,pysystemtrade
nasdaq,NASDAQ,NQ,2017-11-29,globex,pysystemtrade
nasdaq,NASDAQ,NQ,2017-12-25,globex,pysystemtrade
nasdaq,NASDAQ,NQ,2018-01-01,globex,pysystemtrade
nasdaq,NASDAQ,NQ,2018-03-02,globex,pysystemtrade
nasdaq,NASDAQ,NQ,2018-06-07,globex,pysystemtrade
nasdaq,NASDAQ,NQ,2020-07-03,globex,pysystemtrade
nasdaq,NASDAQ,NQ,2020-09-07,globex,pysystemtrade
nasdaq,NASDAQ,NQ,2020-11-26,globex,pysystemtrade
nasdaq,NASDAQ,NQ,2021-01-18,globex,pysystemtrade
nasdaq,NASDAQ,NQ,2021-02-15,globex,pysystemtrade
nasdaq,NASDAQ,NQ,2021-04-02,globex,pysystemtrade
nasdaq,NASDAQ,NQ,2021-05-31,globex,pysystemtrade
nasdaq,NASDAQ,NQ,2021-07-05,globex,pysystemtrade
nasdaq,NASDAQ,NQ,2021-09-06,globex,pysystemtrade
nasdaq,NASDAQ,NQ,2021-11-25,globex,pysystemtrade
nasdaq,NASDAQ,NQ,2022-01-17,globex,pysystemtrade
nasdaq,NASDAQ,NQ,2022-02-21,globex,pysystemtrade
nasdaq,NASDAQ,NQ,2022-05-30,globex,pysystemtrade
nasdaq,NASDAQ,NQ,2022-06-20,globex,pysystemtrade
nasdaq,NASDAQ,NQ,2022-07-04,globex,pysystemtrade
nasdaq,NASDAQ,NQ,2022-09-05,globex,pysystemtrade
nasdaq,NASDAQ,NQ,2022-11-24,globex,pysystemtrade
nasdaq,NASDAQ,NQ,2022-12-26,globex,pysystemtrade
nasdaq,NASDAQ,NQ,2023-01-02,globex,pysystemtrade
nasdaq,NASDAQ,NQ,2023-01-16,globex,pysystemtrade
nasdaq,NASDAQ,NQ,2023-02-20,globex,pysystemtrade
nasdaq,NASDAQ,NQ,2023-04-07,globex,pysystemtrade
nasdaq,NASDAQ,NQ,2023-05-29,globex,pysystemtrade
nasdaq,NASDAQ,NQ,2023-06-19,globex,pysystemtrade
nasdaq,NASDAQ,NQ,2023-07-04,globex,pysystemtrade
nasdaq,NASDAQ,NQ,2023-09-04,globex,pysystemtrade
nasdaq,NASDAQ,NQ,2023-11-23,globex,pysystemtrade
nasdaq,NASDAQ,NQ,2023-12-25,globex,pysystemtrade
nasdaq,NASDAQ,NQ,2024-01-01,globex,pysystemtrade
nasdaq,NASDAQ,NQ,2024-01-15,globex,pysystemtrade
nasdaq,NASDAQ,NQ,2024-02-19,globex,pysystemtrade
crude_wti,CRUDE_W,CL,2010-07-05,globex,pysystemtrade
crude_wti,CRUDE_W,CL,2010-09-06,globex,pysystemtrade
crude_wti,CRUDE_W,CL,2010-09-08,globex,pysystemtrade
crude_wti,CRUDE_W,CL,2010-09-28,globex,pysystemtrade
crude_wti,CRUDE_W,CL,2010-11-25,globex,pysystemtrade
crude_wti,CRUDE_W,CL,2011-01-17,globex,pysystemtrade
crude_wti,CRUDE_W,CL,2011-02-21,globex,pysystemtrade
crude_wti,CRUDE_W,CL,2011-03-22,globex,pysystemtrade
crude_wti,CRUDE_W,CL,2011-04-11,globex,pysystemtrade
crude_wti,CRUDE_W,CL,2011-05-30,globex,pysystemtrade
crude_wti,CRUDE_W,CL,2011-07-04,globex,pysystemtrade
crude_wti,CRUDE_W,CL,2011-09-05,globex,pysystemtrade
crude_wti,CRUDE_W,CL,2011-11-24,globex,pysystemtrade
crude_wti,CRUDE_W,CL,2011-12-26,globex,pysystemtrade
crude_wti,CRUDE_W,CL,2012-01-02,globex,pysystemtrade
crude_wti,CRUDE_W,CL,2012-01-16,globex,pysystemtrade
crude_wti,CRUDE_W,CL,2012-02-20,globex,pysystemtrade
crude_wti,CRUDE_W,CL,2012-05-28,globex,pysystemtrade
crude_wti,CRUDE_W,CL,2012-07-04,globex,pysystemtrade
crude_wti,CRUDE_W,CL,2012-09-03,globex,pysystemtrade
crude_wti,CRUDE_W,CL,2012-11-22,globex,pysystemtrade
crude_wti,CRUDE_W,CL,2012-12-25,globex,pysystemtrade
crude_wti,CRUDE_W,CL,2013-01-01,globex,pysystemtrade
crude_wti,CRUDE_W,CL,2013-01-21,globex,pysystemtrade
crude_wti,CRUDE_W,CL,2013-02-18,globex,pysystemtrade
crude_wti,CRUDE_W,CL,2013-05-27,globex,pysystemtrade
crude_wti,CRUDE_W,CL,2013-07-04,globex,pysystemtrade
crude_wti,CRUDE_W,CL,2013-09-02,globex,pysystemtrade
crude_wti,CRUDE_W,CL,2013-12-25,globex,pysystemtrade
crude_wti,CRUDE_W,CL,2014-01-01,globex,pysystemtrade
crude_wti,CRUDE_W,CL,2014-01-20,globex,pysystemtrade
crude_wti,CRUDE_W,CL,2014-02-17,globex,pysystemtrade
crude_wti,CRUDE_W,CL,2014-03-24,globex,pysystemtrade
crude_wti,CRUDE_W,CL,2014-04-04,globex,pysystemtrade
crude_wti,CRUDE_W,CL,2014-04-08,globex,pysystemtrade
crude_wti,CRUDE_W,CL,2014-04-09,globex,pysystemtrade
crude_wti,CRUDE_W,CL,2014-04-29,globex,pysystemtrade
crude_wti,CRUDE_W,CL,2014-05-26,globex,pysystemtrade
crude_wti,CRUDE_W,CL,2014-06-04,globex,pysystemtrade
crude_wti,CRUDE_W,CL,2014-06-13,pysystemtrade,globex
crude_wti,CRUDE_W,CL,2014-07-31,globex,pysystemtrade
crude_wti,CRUDE_W,CL,2014-08-01,globex,pysystemtrade
crude_wti,CRUDE_W,CL,2014-08-04,globex,pysystemtrade
crude_wti,CRUDE_W,CL,2014-08-05,globex,pysystemtrade
crude_wti,CRUDE_W,CL,2014-09-23,pysystemtrade,globex
crude_wti,CRUDE_W,CL,2014-09-24,pysystemtrade,globex
crude_wti,CRUDE_W,CL,2014-09-25,pysystemtrade,globex
crude_wti,CRUDE_W,CL,2014-12-25,globex,pysystemtrade
crude_wti,CRUDE_W,CL,2014-12-26,globex,pysystemtrade
crude_wti,CRUDE_W,CL,2015-01-01,globex,pysystemtrade
crude_wti,CRUDE_W,CL,2015-09-01,globex,pysystemtrade
crude_wti,CRUDE_W,CL,2015-10-29,globex,pysystemtrade
crude_wti,CRUDE_W,CL,2015-10-30,globex,pysystemtrade
crude_wti,CRUDE_W,CL,2020-02-28,pysystemtrade,globex
crude_wti,CRUDE_W,CL,2020-07-03,globex,pysystemtrade
crude_wti,CRUDE_W,CL,2020-09-07,globex,pysystemtrade
crude_wti,CRUDE_W,CL,2020-11-26,globex,pysystemtrade
crude_wti,CRUDE_W,CL,2021-01-18,globex,pysystemtrade
crude_wti,CRUDE_W,CL,2021-02-15,globex,pysystemtrade
crude_wti,CRUDE_W,CL,2021-05-31,globex,pysystemtrade
crude_wti,CRUDE_W,CL,2021-07-05,globex,pysystemtrade
crude_wti,CRUDE_W,CL,2021-09-06,globex,pysystemtrade
crude_wti,CRUDE_W,CL,2021-11-25,globex,pysystemtrade
crude_wti,CRUDE_W,CL,2022-01-17,globex,pysystemtrade
crude_wti,CRUDE_W,CL,2022-02-21,globex,pysystemtrade
crude_wti,CRUDE_W,CL,2022-05-30,globex,pysystemtrade
crude_wti,CRUDE_W,CL,2022-06-20,globex,pysystemtrade
crude_wti,CRUDE_W,CL,2022-07-04,globex,pysystemtrade
crude_wti,CRUDE_W,CL,2022-09-05,globex,pysystemtrade
crude_wti,CRUDE_W,CL,2022-11-24,globex,pysystemtrade
crude_wti,CRUDE_W,CL,2022-12-26,globex,pysystemtrade
crude_wti,CRUDE_W,CL,2023-01-02,globex,pysystemtrade
crude_wti,CRUDE_W,CL,2023-01-16,globex,pysystemtrade
crude_wti,CRUDE_W,CL,2023-02-20,globex,pysystemtrade
crude_wti,CRUDE_W,CL,2023-05-29,globex,pysystemtrade
crude_wti,CRUDE_W,CL,2023-06-19,globex,pysystemtrade
crude_wti,CRUDE_W,CL,2023-09-04,globex,pysystemtrade
crude_wti,CRUDE_W,CL,2023-11-23,globex,pysystemtrade
crude_wti,CRUDE_W,CL,2023-12-25,globex,pysystemtrade
crude_wti,CRUDE_W,CL,2024-01-01,globex,pysystemtrade
crude_wti,CRUDE_W,CL,2024-01-15,globex,pysystemtrade
crude_wti,CRUDE_W,CL,2024-02-19,globex,pysystemtrade
gold,GOLD,GC,2010-07-05,globex,pysystemtrade
gold,GOLD,GC,2010-09-06,globex,pysystemtrade
gold,GOLD,GC,2010-09-08,globex,pysystemtrade
gold,GOLD,GC,2010-09-28,globex,pysystemtrade
gold,GOLD,GC,2010-11-25,globex,pysystemtrade
gold,GOLD,GC,2011-01-17,globex,pysystemtrade
gold,GOLD,GC,2011-02-21,globex,pysystemtrade
gold,GOLD,GC,2011-03-22,globex,pysystemtrade
gold,GOLD,GC,2011-04-11,globex,pysystemtrade
gold,GOLD,GC,2011-05-30,globex,pysystemtrade
gold,GOLD,GC,2011-07-04,globex,pysystemtrade
gold,GOLD,GC,2011-09-05,globex,pysystemtrade
gold,GOLD,GC,2011-11-24,globex,pysystemtrade
gold,GOLD,GC,2011-12-26,globex,pysystemtrade
gold,GOLD,GC,2012-01-02,globex,pysystemtrade
gold,GOLD,GC,2012-01-16,globex,pysystemtrade
gold,GOLD,GC,2012-02-20,globex,pysystemtrade
gold,GOLD,GC,2012-03-12,globex,pysystemtrade
gold,GOLD,GC,2012-04-06,pysystemtrade,globex
gold,GOLD,GC,2012-05-28,globex,pysystemtrade
gold,GOLD,GC,2012-07-04,globex,pysystemtrade
gold,GOLD,GC,2012-09-03,globex,pysystemtrade
gold,GOLD,GC,2012-11-22,globex,pysystemtrade
gold,GOLD,GC,2012-12-25,globex,pysystemtrade
gold,GOLD,GC,2013-01-01,globex,pysystemtrade
gold,GOLD,GC,2013-01-21,globex,pysystemtrade
gold,GOLD,GC,2013-02-18,globex,pysystemtrade
gold,GOLD,GC,2013-05-27,globex,pysystemtrade
gold,GOLD,GC,2013-07-04,globex,pysystemtrade
gold,GOLD,GC,2013-09-02,globex,pysystemtrade
gold,GOLD,GC,2013-12-25,globex,pysystemtrade
gold,GOLD,GC,2014-01-01,globex,pysystemtrade
gold,GOLD,GC,2014-01-20,globex,pysystemtrade
gold,GOLD,GC,2014-02-17,globex,pysystemtrade
gold,GOLD,GC,2014-04-04,globex,pysystemtrade
gold,GOLD,GC,2014-04-08,globex,pysystemtrade
gold,GOLD,GC,2014-04-09,globex,pysystemtrade
gold,GOLD,GC,2014-04-29,globex,pysystemtrade
gold,GOLD,GC,2014-05-26,globex,pysystemtrade
gold,GOLD,GC,2014-06-13,pysystemtrade,globex
gold,GOLD,GC,2014-07-04,globex,pysystemtrade
gold,GOLD,GC,2014-07-31,globex,pysystemtrade
gold,GOLD,GC,2014-08-01,globex,pysystemtrade
gold,GOLD,GC,2014-08-04,globex,pysystemtrade
gold,GOLD,GC,2014-08-05,globex,pysystemtrade
gold,GOLD,GC,2014-09-01,globex,pysystemtrade
gold,GOLD,GC,2014-09-23,pysystemtrade,globex
gold,GOLD,GC,2014-09-24,pysystemtrade,globex
gold,GOLD,GC,2014-09-25,pysystemtrade,globex
gold,GOLD,GC,2014-12-25,globex,pysystemtrade
gold,GOLD,GC,2014-12-26,globex,pysystemtrade
gold,GOLD,GC,2014-12-31,pysystemtrade,globex
gold,GOLD,GC,2015-01-01,globex,pysystemtrade
gold,GOLD,GC,2015-02-16,globex,pysystemtrade
gold,GOLD,GC,2015-09-07,globex,pysystemtrade
gold,GOLD,GC,2015-10-29,globex,pysystemtrade
gold,GOLD,GC,2015-10-30,globex,pysystemtrade
gold,GOLD,GC,2016-02-15,globex,pysystemtrade
gold,GOLD,GC,2016-09-05,globex,pysystemtrade
gold,GOLD,GC,2016-12-26,globex,pysystemtrade
gold,GOLD,GC,2017-01-02,globex,pysystemtrade
gold,GOLD,GC,2017-02-20,globex,pysystemtrade
gold,GOLD,GC,2017-07-10,globex,pysystemtrade
gold,GOLD,GC,2017-07-11,globex,pysystemtrade
gold,GOLD,GC,2017-09-04,globex,pysystemtrade
gold,GOLD,GC,2017-12-25,globex,pysystemtrade
gold,GOLD,GC,2018-01-01,globex,pysystemtrade
gold,GOLD,GC,2018-02-19,globex,pysystemtrade
gold,GOLD,GC,2018-05-28,globex,pysystemtrade
gold,GOLD,GC,2018-06-07,globex,pysystemtrade
gold,GOLD,GC,2018-09-03,globex,pysystemtrade
gold,GOLD,GC,2018-09-27,globex,pysystemtrade
gold,GOLD,GC,2020-02-28,pysystemtrade,globex
gold,GOLD,GC,2020-07-03,globex,pysystemtrade
gold,GOLD,GC,2020-09-07,globex,pysystemtrade
gold,GOLD,GC,2020-11-26,globex,pysystemtrade
gold,GOLD,GC,2021-01-18,globex,pysystemtrade
gold,GOLD,GC,2021-02-15,globex,pysystemtrade
gold,GOLD,GC,2021-05-31,globex,pysystemtrade
gold,GOLD,GC,2021-07-05,globex,pysystemtrade
gold,GOLD,GC,2021-09-06,globex,pysystemtrade
gold,GOLD,GC,2021-11-25,globex,pysystemtrade
gold,GOLD,GC,2022-01-17,globex,pysystemtrade
gold,GOLD,GC,2022-02-21,globex,pysystemtrade
gold,GOLD,GC,2022-05-30,globex,pysystemtrade
gold,GOLD,GC,2022-06-20,globex,pysystemtrade
gold,GOLD,GC,2022-07-04,globex,pysystemtrade
gold,GOLD,GC,2022-09-05,globex,pysystemtrade
gold,GOLD,GC,2022-11-24,globex,pysystemtrade
gold,GOLD,GC,2022-12-26,globex,pysystemtrade
gold,GOLD,GC,2023-01-02,globex,pysystemtrade
gold,GOLD,GC,2023-01-16,globex,pysystemtrade
gold,GOLD,GC,2023-02-20,globex,pysystemtrade
gold,GOLD,GC,2023-05-29,globex,pysystemtrade
gold,GOLD,GC,2023-06-19,globex,pysystemtrade
gold,GOLD,GC,2023-07-04,globex,pysystemtrade
gold,GOLD,GC,2023-09-04,globex,pysystemtrade
gold,GOLD,GC,2023-11-23,globex,pysystemtrade
gold,GOLD,GC,2023-12-25,globex,pysystemtrade
gold,GOLD,GC,2024-01-01,globex,pysystemtrade
gold,GOLD,GC,2024-01-15,globex,pysystemtrade
gold,GOLD,GC,2024-02-19,globex,pysystemtrade
silver,SILVER,SI,2021-06-30,globex,pysystemtrade
silver,SILVER,SI,2021-07-05,globex,pysystemtrade
silver,SILVER,SI,2021-09-06,globex,pysystemtrade
silver,SILVER,SI,2021-10-07,globex,pysystemtrade
silver,SILVER,SI,2021-11-25,globex,pysystemtrade
silver,SILVER,SI,2022-01-17,globex,pysystemtrade
silver,SILVER,SI,2022-02-21,globex,pysystemtrade
silver,SILVER,SI,2022-05-30,globex,pysystemtrade
silver,SILVER,SI,2022-06-20,globex,pysystemtrade
silver,SILVER,SI,2022-07-04,globex,pysystemtrade
silver,SILVER,SI,2022-09-05,globex,pysystemtrade
silver,SILVER,SI,2022-11-24,globex,pysystemtrade
silver,SILVER,SI,2022-12-26,globex,pysystemtrade
silver,SILVER,SI,2023-01-02,globex,pysystemtrade
silver,SILVER,SI,2023-01-16,globex,pysystemtrade
silver,SILVER,SI,2023-02-20,globex,pysystemtrade
silver,SILVER,SI,2023-05-29,globex,pysystemtrade
silver,SILVER,SI,2023-06-19,globex,pysystemtrade
silver,SILVER,SI,2023-09-04,globex,pysystemtrade
silver,SILVER,SI,2023-11-23,globex,pysystemtrade
silver,SILVER,SI,2023-12-25,globex,pysystemtrade
silver,SILVER,SI,2024-01-01,globex,pysystemtrade
silver,SILVER,SI,2024-01-15,globex,pysystemtrade
silver,SILVER,SI,2024-02-19,globex,pysystemtrade
us_10y,US10,ZN,2010-07-05,globex,pysystemtrade
us_10y,US10,ZN,2010-09-06,globex,pysystemtrade
us_10y,US10,ZN,2010-11-25,globex,pysystemtrade
us_10y,US10,ZN,2011-01-17,globex,pysystemtrade
us_10y,US10,ZN,2011-02-21,globex,pysystemtrade
us_10y,US10,ZN,2011-05-30,globex,pysystemtrade
us_10y,US10,ZN,2011-07-04,globex,pysystemtrade
us_10y,US10,ZN,2011-09-05,globex,pysystemtrade
us_10y,US10,ZN,2011-11-24,globex,pysystemtrade
us_10y,US10,ZN,2012-01-16,globex,pysystemtrade
us_10y,US10,ZN,2012-02-20,globex,pysystemtrade
us_10y,US10,ZN,2012-05-28,globex,pysystemtrade
us_10y,US10,ZN,2012-07-04,globex,pysystemtrade
us_10y,US10,ZN,2012-09-03,globex,pysystemtrade
us_10y,US10,ZN,2012-11-22,globex,pysystemtrade
us_10y,US10,ZN,2013-01-21,globex,pysystemtrade
us_10y,US10,ZN,2013-02-18,globex,pysystemtrade
us_10y,US10,ZN,2013-05-27,globex,pysystemtrade
us_10y,US10,ZN,2013-07-04,globex,pysystemtrade
us_10y,US10,ZN,2013-09-02,globex,pysystemtrade
us_10y,US10,ZN,2014-01-20,globex,pysystemtrade
us_10y,US10,ZN,2014-02-17,globex,pysystemtrade
us_10y,US10,ZN,2014-03-24,globex,pysystemtrade
us_10y,US10,ZN,2014-04-04,globex,pysystemtrade
us_10y,US10,ZN,2014-04-08,globex,pysystemtrade
us_10y,US10,ZN,2014-04-09,globex,pysystemtrade
us_10y,US10,ZN,2014-04-29,globex,pysystemtrade
us_10y,US10,ZN,2014-05-26,globex,pysystemtrade
us_10y,US10,ZN,2014-06-04,globex,pysystemtrade
us_10y,US10,ZN,2014-07-03,globex,pysystemtrade
us_10y,US10,ZN,2014-07-31,globex,pysystemtrade
us_10y,US10,ZN,2014-08-01,globex,pysystemtrade
us_10y,US10,ZN,2014-08-04,globex,pysystemtrade
us_10y,US10,ZN,2014-08-05,globex,pysystemtrade
us_10y,US10,ZN,2014-09-01,globex,pysystemtrade
us_10y,US10,ZN,2014-10-03,pysystemtrade,globex
us_10y,US10,ZN,2014-11-27,globex,pysystemtrade
us_10y,US10,ZN,2014-12-25,globex,pysystemtrade
us_10y,US10,ZN,2015-01-01,globex,pysystemtrade
us_10y,US10,ZN,2015-04-03,globex,pysystemtrade
us_10y,US10,ZN,2015-05-25,globex,pysystemtrade
us_10y,US10,ZN,2015-08-31,globex,pysystemtrade
us_10y,US10,ZN,2015-09-01,globex,pysystemtrade
us_10y,US10,ZN,2015-10-29,globex,pysystemtrade
us_10y,US10,ZN,2015-10-30,globex,pysystemtrade
us_10y,US10,ZN,2016-11-24,globex,pysystemtrade
us_10y,US10,ZN,2016-12-26,globex,pysystemtrade
us_10y,US10,ZN,2017-01-02,globex,pysystemtrade
us_10y,US10,ZN,2017-05-29,globex,pysystemtrade
us_10y,US10,ZN,2017-07-10,globex,pysystemtrade
us_10y,US10,ZN,2017-07-11,globex,pysystemtrade
us_10y,US10,ZN,2017-10-17,globex,pysystemtrade
us_10y,US10,ZN,2017-11-29,globex,pysystemtrade
us_10y,US10,ZN,2017-12-25,globex,pysystemtrade
us_10y,US10,ZN,2018-01-01,globex,pysystemtrade
us_10y,US10,ZN,2018-03-02,globex,pysystemtrade
us_10y,US10,ZN,2018-05-28,globex,pysystemtrade
us_10y,US10,ZN,2018-06-06,globex,pysystemtrade
us_10y,US10,ZN,2018-06-07,globex,pysystemtrade
us_10y,US10,ZN,2020-02-28,pysystemtrade,globex
us_10y,US10,ZN,2020-07-03,globex,pysystemtrade
us_10y,US10,ZN,2020-09-07,globex,pysystemtrade
us_10y,US10,ZN,2020-11-26,globex,pysystemtrade
us_10y,US10,ZN,2021-01-18,globex,pysystemtrade
us_10y,US10,ZN,2021-02-15,globex,pysystemtrade
us_10y,US10,ZN,2021-04-02,globex,pysystemtrade
us_10y,US10,ZN,2021-05-31,globex,pysystemtrade
us_10y,US10,ZN,2021-07-05,globex,pysystemtrade
us_10y,US10,ZN,2021-09-06,globex,pysystemtrade
us_10y,US10,ZN,2021-11-25,globex,pysystemtrade
us_10y,US10,ZN,2022-01-17,globex,pysystemtrade
us_10y,US10,ZN,2022-02-21,globex,pysystemtrade
us_10y,US10,ZN,2022-05-30,globex,pysystemtrade
us_10y,US10,ZN,2022-06-20,globex,pysystemtrade
us_10y,US10,ZN,2022-07-04,globex,pysystemtrade
us_10y,US10,ZN,2022-09-05,globex,pysystemtrade
us_10y,US10,ZN,2022-11-24,globex,pysystemtrade
us_10y,US10,ZN,2022-12-26,globex,pysystemtrade
us_10y,US10,ZN,2023-01-02,globex,pysystemtrade
us_10y,US10,ZN,2023-01-16,globex,pysystemtrade
us_10y,US10,ZN,2023-02-20,globex,pysystemtrade
us_10y,US10,ZN,2023-04-07,globex,pysystemtrade
us_10y,US10,ZN,2023-05-29,globex,pysystemtrade
us_10y,US10,ZN,2023-06-19,globex,pysystemtrade
us_10y,US10,ZN,2023-07-04,globex,pysystemtrade
us_10y,US10,ZN,2023-09-04,globex,pysystemtrade
us_10y,US10,ZN,2023-11-23,globex,pysystemtrade
us_10y,US10,ZN,2023-12-25,globex,pysystemtrade
us_10y,US10,ZN,2024-01-01,globex,pysystemtrade
us_10y,US10,ZN,2024-01-15,globex,pysystemtrade
us_10y,US10,ZN,2024-02-19,globex,pysystemtrade
us_2y,US2,ZT,2010-07-05,globex,pysystemtrade
us_2y,US2,ZT,2010-09-06,globex,pysystemtrade
us_2y,US2,ZT,2010-09-08,globex,pysystemtrade
us_2y,US2,ZT,2010-09-28,globex,pysystemtrade
us_2y,US2,ZT,2010-10-11,globex,pysystemtrade
us_2y,US2,ZT,2010-11-11,globex,pysystemtrade
us_2y,US2,ZT,2010-11-25,globex,pysystemtrade
us_2y,US2,ZT,2011-01-17,globex,pysystemtrade
us_2y,US2,ZT,2011-02-21,globex,pysystemtrade
us_2y,US2,ZT,2011-03-22,globex,pysystemtrade
us_2y,US2,ZT,2011-04-11,globex,pysystemtrade
us_2y,US2,ZT,2011-05-30,globex,pysystemtrade
us_2y,US2,ZT,2011-07-04,globex,pysystemtrade
us_2y,US2,ZT,2011-07-27,globex,pysystemtrade
us_2y,US2,ZT,2011-09-05,globex,pysystemtrade
us_2y,US2,ZT,2011-11-24,globex,pysystemtrade
us_2y,US2,ZT,2012-01-16,globex,pysystemtrade
us_2y,US2,ZT,2012-02-20,globex,pysystemtrade
us_2y,US2,ZT,2012-03-12,globex,pysystemtrade
us_2y,US2,ZT,2012-05-28,globex,pysystemtrade
us_2y,US2,ZT,2012-07-04,globex,pysystemtrade
us_2y,US2,ZT,2012-09-03,globex,pysystemtrade
us_2y,US2,ZT,2012-11-22,globex,pysystemtrade
us_2y,US2,ZT,2013-01-21,globex,pysystemtrade
us_2y,US2,ZT,2013-02-18,globex,pysystemtrade
us_2y,US2,ZT,2013-05-27,globex,pysystemtrade
us_2y,US2,ZT,2013-07-04,globex,pysystemtrade
us_2y,US2,ZT,2013-09-02,globex,pysystemtrade
us_2y,US2,ZT,2013-12-25,pysystemtrade,globex
us_2y,US2,ZT,2014-01-01,pysystemtrade,globex
us_2y,US2,ZT,2014-01-20,globex,pysystemtrade
us_2y,US2,ZT,2014-02-17,globex,pysystemtrade
us_2y,US2,ZT,2014-03-24,globex,pysystemtrade
us_2y,US2,ZT,2014-05-26,globex,pysystemtrade
us_2y,US2,ZT,2014-06-04,globex,pysystemtrade
us_2y,US2,ZT,2014-07-03,globex,pysystemtrade
us_2y,US2,ZT,2014-09-01,globex,pysystemtrade
us_2y,US2,ZT,2014-10-03,pysystemtrade,globex
us_2y,US2,ZT,2014-12-25,globex,pysystemtrade
us_2y,US2,ZT,2014-12-26,globex,pysystemtrade
us_2y,US2,ZT,2015-01-01,globex,pysystemtrade
us_2y,US2,ZT,2015-04-03,globex,pysystemtrade
us_2y,US2,ZT,2015-08-31,globex,pysystemtrade
us_2y,US2,ZT,2015-09-01,globex,pysystemtrade
us_2y,US2,ZT,2016-12-26,globex,pysystemtrade
us_2y,US2,ZT,2017-01-02,globex,pysystemtrade
us_2y,US2,ZT,2017-07-10,globex,pysystemtrade
us_2y,US2,ZT,2017-07-11,globex,pysystemtrade
us_2y,US2,ZT,2020-02-28,pysystemtrade,globex
us_2y,US2,ZT,2020-07-03,globex,pysystemtrade
us_2y,US2,ZT,2020-09-07,globex,pysystemtrade
us_2y,US2,ZT,2020-11-26,globex,pysystemtrade
us_2y,US2,ZT,2021-01-18,globex,pysystemtrade
us_2y,US2,ZT,2021-02-15,globex,pysystemtrade
us_2y,US2,ZT,2021-04-02,globex,pysystemtrade
us_2y,US2,ZT,2021-05-31,globex,pysystemtrade
us_2y,US2,ZT,2021-07-05,globex,pysystemtrade
us_2y,US2,ZT,2021-09-06,globex,pysystemtrade
us_2y,US2,ZT,2021-11-25,globex,pysystemtrade
us_2y,US2,ZT,2022-01-17,globex,pysystemtrade
us_2y,US2,ZT,2022-02-21,globex,pysystemtrade
us_2y,US2,ZT,2022-05-30,globex,pysystemtrade
us_2y,US2,ZT,2022-06-20,globex,pysystemtrade
us_2y,US2,ZT,2022-07-04,globex,pysystemtrade
us_2y,US2,ZT,2022-09-05,globex,pysystemtrade
us_2y,US2,ZT,2022-11-24,globex,pysystemtrade
us_2y,US2,ZT,2022-12-26,globex,pysystemtrade
us_2y,US2,ZT,2023-01-02,globex,pysystemtrade
us_2y,US2,ZT,2023-01-16,globex,pysystemtrade
us_2y,US2,ZT,2023-02-20,globex,pysystemtrade
us_2y,US2,ZT,2023-04-07,globex,pysystemtrade
us_2y,US2,ZT,2023-05-29,globex,pysystemtrade
us_2y,US2,ZT,2023-06-19,globex,pysystemtrade
us_2y,US2,ZT,2023-07-04,globex,pysystemtrade
us_2y,US2,ZT,2023-09-04,globex,pysystemtrade
us_2y,US2,ZT,2023-11-23,globex,pysystemtrade
us_2y,US2,ZT,2023-12-25,globex,pysystemtrade
us_2y,US2,ZT,2024-01-01,globex,pysystemtrade
us_2y,US2,ZT,2024-01-15,globex,pysystemtrade
us_2y,US2,ZT,2024-02-19,globex,pysystemtrade
corn,CORN,ZC,2010-07-05,globex,pysystemtrade
corn,CORN,ZC,2010-09-06,globex,pysystemtrade
corn,CORN,ZC,2010-09-08,globex,pysystemtrade
corn,CORN,ZC,2010-09-28,globex,pysystemtrade
corn,CORN,ZC,2011-04-11,globex,pysystemtrade
corn,CORN,ZC,2011-05-30,globex,pysystemtrade
corn,CORN,ZC,2011-07-04,globex,pysystemtrade
corn,CORN,ZC,2011-09-05,globex,pysystemtrade
corn,CORN,ZC,2012-03-12,globex,pysystemtrade
corn,CORN,ZC,2012-04-06,pysystemtrade,globex
corn,CORN,ZC,2014-03-24,globex,pysystemtrade
corn,CORN,ZC,2014-04-04,globex,pysystemtrade
corn,CORN,ZC,2014-04-08,globex,pysystemtrade
corn,CORN,ZC,2014-04-09,globex,pysystemtrade
corn,CORN,ZC,2014-06-11,pysystemtrade,globex
corn,CORN,ZC,2014-07-31,globex,pysystemtrade
corn,CORN,ZC,2014-08-01,globex,pysystemtrade
corn,CORN,ZC,2014-08-04,globex,pysystemtrade
corn,CORN,ZC,2014-08-05,globex,pysystemtrade
corn,CORN,ZC,2014-10-03,pysystemtrade,globex
corn,CORN,ZC,2014-12-26,globex,pysystemtrade
corn,CORN,ZC,2015-01-19,pysystemtrade,globex
corn,CORN,ZC,2015-02-16,pysystemtrade,globex
corn,CORN,ZC,2015-05-25,pysystemtrade,globex
corn,CORN,ZC,2015-09-01,globex,pysystemtrade
corn,CORN,ZC,2015-09-07,pysystemtrade,globex
corn,CORN,ZC,2015-10-29,globex,pysystemtrade
corn,CORN,ZC,2015-10-30,globex,pysystemtrade
corn,CORN,ZC,2015-11-26,pysystemtrade,globex
corn,CORN,ZC,2016-01-18,pysystemtrade,globex
corn,CORN,ZC,2016-02-15,pysystemtrade,globex
corn,CORN,ZC,2016-05-30,pysystemtrade,globex
corn,CORN,ZC,2016-09-05,pysystemtrade,globex
corn,CORN,ZC,2016-11-24,pysystemtrade,globex
corn,CORN,ZC,2017-01-16,pysystemtrade,globex
corn,CORN,ZC,2017-02-20,pysystemtrade,globex
corn,CORN,ZC,2017-05-29,pysystemtrade,globex
corn,CORN,ZC,2017-07-10,globex,pysystemtrade
corn,CORN,ZC,2017-07-11,globex,pysystemtrade
corn,CORN,ZC,2017-09-04,pysystemtrade,globex
corn,CORN,ZC,2018-01-15,pysystemtrade,globex
corn,CORN,ZC,2018-02-19,pysystemtrade,globex
corn,CORN,ZC,2018-05-28,pysystemtrade,globex
corn,CORN,ZC,2018-09-03,pysystemtrade,globex
corn,CORN,ZC,2019-01-21,pysystemtrade,globex
corn,CORN,ZC,2019-02-18,pysystemtrade,globex
corn,CORN,ZC,2019-05-27,pysystemtrade,globex
corn,CORN,ZC,2019-09-02,pysystemtrade,globex
corn,CORN,ZC,2019-10-18,globex,pysystemtrade
corn,CORN,ZC,2019-10-21,globex,pysystemtrade
corn,CORN,ZC,2019-10-22,globex,pysystemtrade
corn,CORN,ZC,2019-10-28,globex,pysystemtrade
corn,CORN,ZC,2019-10-29,globex,pysystemtrade
corn,CORN,ZC,2019-10-30,globex,pysystemtrade
corn,CORN,ZC,2019-11-05,globex,pysystemtrade
corn,CORN,ZC,2019-11-11,globex,pysystemtrade
corn,CORN,ZC,2019-11-12,globex,pysystemtrade
corn,CORN,ZC,2019-11-13,globex,pysystemtrade
corn,CORN,ZC,2019-11-19,globex,pysystemtrade
corn,CORN,ZC,2019-11-20,globex,pysystemtrade
corn,CORN,ZC,2019-11-28,pysystemtrade,globex
corn,CORN,ZC,2019-12-19,globex,pysystemtrade
corn,CORN,ZC,2019-12-23,globex,pysystemtrade
corn,CORN,ZC,2019-12-24,globex,pysystemtrade
corn,CORN,ZC,2019-12-26,globex,pysystemtrade
corn,CORN,ZC,2019-12-27,globex,pysystemtrade
corn,CORN,ZC,2019-12-30,globex,pysystemtrade
corn,CORN,ZC,2019-12-31,globex,pysystemtrade
corn,CORN,ZC,2020-01-02,globex,pysystemtrade
corn,CORN,ZC,2020-01-03,globex,pysystemtrade
corn,CORN,ZC,2020-01-20,pysystemtrade,globex
corn,CORN,ZC,2020-02-18,globex,pysystemtrade
corn,CORN,ZC,2020-02-19,globex,pysystemtrade
corn,CORN,ZC,2020-02-20,globex,pysystemtrade
corn,CORN,ZC,2020-02-21,globex,pysystemtrade
corn,CORN,ZC,2020-02-28,pysystemtrade,globex
corn,CORN,ZC,2020-04-06,globex,pysystemtrade
corn,CORN,ZC,2020-04-13,globex,pysystemtrade
corn,CORN,ZC,2020-05-18,globex,pysystemtrade
soybean_oil,SOYOIL,ZL,2014-06-11,pysystemtrade,globex
soybean_oil,SOYOIL,ZL,2014-10-03,pysystemtrade,globex
soybean_oil,SOYOIL,ZL,2020-02-28,pysystemtrade,globex
soybeans,SOYBEAN,ZS,2010-07-05,globex,pysystemtrade
soybeans,SOYBEAN,ZS,2010-09-06,globex,pysystemtrade
soybeans,SOYBEAN,ZS,2011-05-30,globex,pysystemtrade
soybeans,SOYBEAN,ZS,2011-07-04,globex,pysystemtrade
soybeans,SOYBEAN,ZS,2011-09-05,globex,pysystemtrade
soybeans,SOYBEAN,ZS,2012-04-06,pysystemtrade,globex
soybeans,SOYBEAN,ZS,2014-03-24,globex,pysystemtrade
soybeans,SOYBEAN,ZS,2014-04-04,globex,pysystemtrade
soybeans,SOYBEAN,ZS,2014-04-08,globex,pysystemtrade
soybeans,SOYBEAN,ZS,2014-04-09,globex,pysystemtrade
soybeans,SOYBEAN,ZS,2014-06-11,pysystemtrade,globex
soybeans,SOYBEAN,ZS,2014-08-01,globex,pysystemtrade
soybeans,SOYBEAN,ZS,2014-08-04,globex,pysystemtrade
soybeans,SOYBEAN,ZS,2014-08-05,globex,pysystemtrade
soybeans,SOYBEAN,ZS,2014-10-03,pysystemtrade,globex
soybeans,SOYBEAN,ZS,2014-12-26,globex,pysystemtrade
soybeans,SOYBEAN,ZS,2015-01-19,pysystemtrade,globex
soybeans,SOYBEAN,ZS,2015-02-16,pysystemtrade,globex
soybeans,SOYBEAN,ZS,2015-05-25,pysystemtrade,globex
soybeans,SOYBEAN,ZS,2015-09-01,globex,pysystemtrade
soybeans,SOYBEAN,ZS,2015-09-07,pysystemtrade,globex
soybeans,SOYBEAN,ZS,2015-10-29,globex,pysystemtrade
soybeans,SOYBEAN,ZS,2015-10-30,globex,pysystemtrade
soybeans,SOYBEAN,ZS,2015-11-26,pysystemtrade,globex
soybeans,SOYBEAN,ZS,2016-01-18,pysystemtrade,globex
soybeans,SOYBEAN,ZS,2016-02-15,pysystemtrade,globex
soybeans,SOYBEAN,ZS,2016-05-30,pysystemtrade,globex
soybeans,SOYBEAN,ZS,2016-08-05,globex,pysystemtrade
soybeans,SOYBEAN,ZS,2016-09-05,pysystemtrade,globex
soybeans,SOYBEAN,ZS,2020-02-28,pysystemtrade,globex
wheat,WHEAT,ZW,2010-07-05,globex,pysystemtrade
wheat,WHEAT,ZW,2010-09-06,globex,pysystemtrade
wheat,WHEAT,ZW,2011-05-30,globex,pysystemtrade
wheat,WHEAT,ZW,2011-07-04,globex,pysystemtrade
wheat,WHEAT,ZW,2011-09-05,globex,pysystemtrade
wheat,WHEAT,ZW,2012-04-06,pysystemtrade,globex
wheat,WHEAT,ZW,2014-06-11,pysystemtrade,globex
wheat,WHEAT,ZW,2014-10-03,pysystemtrade,globex
wheat,WHEAT,ZW,2019-05-27,pysystemtrade,globex
wheat,WHEAT,ZW,2019-09-02,pysystemtrade,globex
wheat,WHEAT,ZW,2020-01-20,pysystemtrade,globex
wheat,WHEAT,ZW,2020-02-17,pysystemtrade,globex
wheat,WHEAT,ZW,2020-02-28,pysystemtrade,globex
wheat,WHEAT,ZW,2020-05-25,pysystemtrade,globex
jpy,JPY,6J,2010-07-05,globex,pysystemtrade
jpy,JPY,6J,2010-09-06,globex,pysystemtrade
jpy,JPY,6J,2010-11-25,globex,pysystemtrade
jpy,JPY,6J,2011-01-17,globex,pysystemtrade
jpy,JPY,6J,2011-02-21,globex,pysystemtrade
jpy,JPY,6J,2011-05-30,globex,pysystemtrade
jpy,JPY,6J,2011-07-04,globex,pysystemtrade
jpy,JPY,6J,2011-09-05,globex,pysystemtrade
jpy,JPY,6J,2011-11-24,globex,pysystemtrade
jpy,JPY,6J,2012-01-16,globex,pysystemtrade
jpy,JPY,6J,2012-02-20,globex,pysystemtrade
jpy,JPY,6J,2012-03-12,globex,pysystemtrade
jpy,JPY,6J,2012-05-28,globex,pysystemtrade
jpy,JPY,6J,2012-07-04,globex,pysystemtrade
jpy,JPY,6J,2012-09-03,globex,pysystemtrade
jpy,JPY,6J,2012-11-22,globex,pysystemtrade
jpy,JPY,6J,2013-01-21,globex,pysystemtrade
jpy,JPY,6J,2013-02-18,globex,pysystemtrade
jpy,JPY,6J,2013-05-27,globex,pysystemtrade
jpy,JPY,6J,2013-07-04,globex,pysystemtrade
jpy,JPY,6J,2013-09-02,globex,pysystemtrade
jpy,JPY,6J,2014-01-20,globex,pysystemtrade
jpy,JPY,6J,2014-03-24,globex,pysystemtrade
jpy,JPY,6J,2014-04-04,globex,pysystemtrade
jpy,JPY,6J,2014-04-09,globex,pysystemtrade
jpy,JPY,6J,2014-05-26,globex,pysystemtrade
jpy,JPY,6J,2014-06-12,pysystemtrade,globex
jpy,JPY,6J,2014-06-13,pysystemtrade,globex
jpy,JPY,6J,2014-08-01,globex,pysystemtrade
jpy,JPY,6J,2014-08-04,globex,pysystemtrade
jpy,JPY,6J,2014-08-05,globex,pysystemtrade
jpy,JPY,6J,2014-09-23,pysystemtrade,globex
jpy,JPY,6J,2014-09-24,pysystemtrade,globex
jpy,JPY,6J,2014-09-25,pysystemtrade,globex
jpy,JPY,6J,2014-12-25,globex,pysystemtrade
jpy,JPY,6J,2014-12-26,globex,pysystemtrade
jpy,JPY,6J,2014-12-31,pysystemtrade,globex
jpy,JPY,6J,2015-01-01,globex,pysystemtrade
jpy,JPY,6J,2015-04-03,globex,pysystemtrade
jpy,JPY,6J,2015-09-01,globex,pysystemtrade
jpy,JPY,6J,2015-10-30,globex,pysystemtrade
jpy,JPY,6J,2016-12-26,globex,pysystemtrade
jpy,JPY,6J,2017-01-02,globex,pysystemtrade
jpy,JPY,6J,2017-07-11,globex,pysystemtrade
jpy,JPY,6J,2017-12-25,globex,pysystemtrade
jpy,JPY,6J,2018-01-01,globex,pysystemtrade
jpy,JPY,6J,2018-06-07,globex,pysystemtrade
jpy,JPY,6J,2018-09-04,globex,pysystemtrade
jpy,JPY,6J,2018-09-11,globex,pysystemtrade
jpy,JPY,6J,2018-09-12,globex,pysystemtrade
jpy,JPY,6J,2018-09-17,globex,pysystemtrade
jpy,JPY,6J,2018-09-18,globex,pysystemtrade
jpy,JPY,6J,2018-09-24,globex,pysystemtrade
jpy,JPY,6J,2018-10-02,globex,pysystemtrade
jpy,JPY,6J,2018-10-08,globex,pysystemtrade
jpy,JPY,6J,2018-10-09,globex,pysystemtrade
jpy,JPY,6J,2018-10-10,globex,pysystemtrade
jpy,JPY,6J,2018-10-15,globex,pysystemtrade
jpy,JPY,6J,2018-10-22,globex,pysystemtrade
jpy,JPY,6J,2018-10-23,globex,pysystemtrade
jpy,JPY,6J,2018-10-24,globex,pysystemtrade
jpy,JPY,6J,2018-10-25,globex,pysystemtrade
jpy,JPY,6J,2018-11-05,globex,pysystemtrade
jpy,JPY,6J,2018-11-06,globex,pysystemtrade
jpy,JPY,6J,2018-11-12,globex,pysystemtrade
jpy,JPY,6J,2018-11-13,globex,pysystemtrade
jpy,JPY,6J,2018-11-19,globex,pysystemtrade
jpy,JPY,6J,2018-11-26,globex,pysystemtrade
jpy,JPY,6J,2018-12-03,globex,pysystemtrade
jpy,JPY,6J,2018-12-11,globex,pysystemtrade
jpy,JPY,6J,2020-07-03,globex,pysystemtrade
jpy,JPY,6J,2020-09-07,globex,pysystemtrade
jpy,JPY,6J,2020-11-26,globex,pysystemtrade
jpy,JPY,6J,2021-01-18,globex,pysystemtrade
jpy,JPY,6J,2021-02-15,globex,pysystemtrade
jpy,JPY,6J,2021-04-02,globex,pysystemtrade
jpy,JPY,6J,2021-05-31,globex,pysystemtrade
jpy,JPY,6J,2021-07-05,globex,pysystemtrade
jpy,JPY,6J,2021-09-06,globex,pysystemtrade
jpy,JPY,6J,2021-11-25,globex,pysystemtrade
jpy,JPY,6J,2022-12-26,globex,pysystemtrade
jpy,JPY,6J,2023-01-02,globex,pysystemtrade
jpy,JPY,6J,2023-04-07,globex,pysystemtrade
jpy,JPY,6J,2023-12-25,globex,pysystemtrade
jpy,JPY,6J,2024-01-01,globex,pysystemtrade
mxn,MXP,6M,2010-07-05,globex,pysystemtrade
mxn,MXP,6M,2010-09-06,globex,pysystemtrade
mxn,MXP,6M,2010-11-25,globex,pysystemtrade
mxn,MXP,6M,2011-01-17,globex,pysystemtrade
mxn,MXP,6M,2011-02-21,globex,pysystemtrade
mxn,MXP,6M,2011-05-30,globex,pysystemtrade
mxn,MXP,6M,2011-07-04,globex,pysystemtrade
mxn,MXP,6M,2011-09-05,globex,pysystemtrade
mxn,MXP,6M,2011-11-24,globex,pysystemtrade
mxn,MXP,6M,2012-01-16,globex,pysystemtrade
mxn,MXP,6M,2012-02-20,globex,pysystemtrade
mxn,MXP,6M,2012-05-28,globex,pysystemtrade
mxn,MXP,6M,2012-07-04,globex,pysystemtrade
mxn,MXP,6M,2012-09-03,globex,pysystemtrade
mxn,MXP,6M,2012-11-22,globex,pysystemtrade
mxn,MXP,6M,2013-01-21,globex,pysystemtrade
mxn,MXP,6M,2013-02-18,globex,pysystemtrade
mxn,MXP,6M,2013-05-27,globex,pysystemtrade
mxn,MXP,6M,2013-07-04,globex,pysystemtrade
mxn,MXP,6M,2013-09-02,globex,pysystemtrade
mxn,MXP,6M,2013-11-28,pysystemtrade,globex
mxn,MXP,6M,2013-12-31,pysystemtrade,globex
mxn,MXP,6M,2014-01-20,globex,pysystemtrade
mxn,MXP,6M,2014-02-17,globex,pysystemtrade
mxn,MXP,6M,2014-03-24,globex,pysystemtrade
mxn,MXP,6M,2014-04-04,globex,pysystemtrade
mxn,MXP,6M,2014-04-09,globex,pysystemtrade
mxn,MXP,6M,2014-05-26,globex,pysystemtrade
mxn,MXP,6M,2014-06-12,pysystemtrade,globex
mxn,MXP,6M,2014-06-13,pysystemtrade,globex
mxn,MXP,6M,2014-08-01,globex,pysystemtrade
mxn,MXP,6M,2014-08-04,globex,pysystemtrade
mxn,MXP,6M,2014-08-05,globex,pysystemtrade
mxn,MXP,6M,2014-09-23,pysystemtrade,globex
mxn,MXP,6M,2014-09-24,pysystemtrade,globex
mxn,MXP,6M,2014-09-25,pysystemtrade,globex
mxn,MXP,6M,2014-12-25,globex,pysystemtrade
mxn,MXP,6M,2014-12-26,globex,pysystemtrade
mxn,MXP,6M,2014-12-31,pysystemtrade,globex
mxn,MXP,6M,2015-01-01,globex,pysystemtrade
mxn,MXP,6M,2015-04-03,globex,pysystemtrade
mxn,MXP,6M,2015-09-01,globex,pysystemtrade
mxn,MXP,6M,2015-10-30,globex,pysystemtrade
mxn,MXP,6M,2016-12-26,globex,pysystemtrade
mxn,MXP,6M,2017-01-02,globex,pysystemtrade
mxn,MXP,6M,2017-07-11,globex,pysystemtrade
mxn,MXP,6M,2017-12-25,globex,pysystemtrade
mxn,MXP,6M,2018-01-01,globex,pysystemtrade
mxn,MXP,6M,2018-06-07,globex,pysystemtrade
mxn,MXP,6M,2018-09-04,globex,pysystemtrade
mxn,MXP,6M,2018-09-11,globex,pysystemtrade
mxn,MXP,6M,2018-09-12,globex,pysystemtrade
mxn,MXP,6M,2018-09-17,globex,pysystemtrade
mxn,MXP,6M,2018-09-18,globex,pysystemtrade
mxn,MXP,6M,2018-09-24,globex,pysystemtrade
mxn,MXP,6M,2018-10-02,globex,pysystemtrade
mxn,MXP,6M,2018-10-08,globex,pysystemtrade
mxn,MXP,6M,2018-10-09,globex,pysystemtrade
mxn,MXP,6M,2018-10-10,globex,pysystemtrade
mxn,MXP,6M,2018-10-15,globex,pysystemtrade
mxn,MXP,6M,2018-10-22,globex,pysystemtrade
mxn,MXP,6M,2018-10-23,globex,pysystemtrade
mxn,MXP,6M,2018-10-24,globex,pysystemtrade
mxn,MXP,6M,2018-10-25,globex,pysystemtrade
mxn,MXP,6M,2018-11-05,globex,pysystemtrade
mxn,MXP,6M,2018-11-06,globex,pysystemtrade
mxn,MXP,6M,2018-11-12,globex,pysystemtrade
mxn,MXP,6M,2018-11-13,globex,pysystemtrade
mxn,MXP,6M,2018-11-19,globex,pysystemtrade
mxn,MXP,6M,2018-11-26,globex,pysystemtrade
mxn,MXP,6M,2018-12-03,globex,pysystemtrade
mxn,MXP,6M,2018-12-11,globex,pysystemtrade
mxn,MXP,6M,2020-07-03,globex,pysystemtrade
mxn,MXP,6M,2020-09-07,globex,pysystemtrade
mxn,MXP,6M,2020-11-26,globex,pysystemtrade
mxn,MXP,6M,2020-12-01,globex,pysystemtrade
mxn,MXP,6M,2020-12-02,globex,pysystemtrade
mxn,MXP,6M,2020-12-03,globex,pysystemtrade
mxn,MXP,6M,2020-12-04,globex,pysystemtrade
mxn,MXP,6M,2020-12-07,globex,pysystemtrade
mxn,MXP,6M,2021-01-18,globex,pysystemtrade
mxn,MXP,6M,2021-02-15,globex,pysystemtrade
mxn,MXP,6M,2021-04-02,globex,pysystemtrade
mxn,MXP,6M,2021-05-31,globex,pysystemtrade
mxn,MXP,6M,2021-07-05,globex,pysystemtrade
mxn,MXP,6M,2021-09-06,globex,pysystemtrade
mxn,MXP,6M,2021-11-25,globex,pysystemtrade
mxn,MXP,6M,2022-12-26,globex,pysystemtrade
mxn,MXP,6M,2023-01-02,globex,pysystemtrade
mxn,MXP,6M,2023-04-07,globex,pysystemtrade
mxn,MXP,6M,2023-12-25,globex,pysystemtrade
mxn,MXP,6M,2024-01-01,globex,pysystemtrade
brl,BRE,6L,2010-06-07,pysystemtrade,globex
brl,BRE,6L,2010-06-08,pysystemtrade,globex
brl,BRE,6L,2010-06-09,pysystemtrade,globex
brl,BRE,6L,2010-06-10,pysystemtrade,globex
brl,BRE,6L,2010-06-11,pysystemtrade,globex
brl,BRE,6L,2010-06-16,pysystemtrade,globex
brl,BRE,6L,2010-06-17,pysystemtrade,globex
brl,BRE,6L,2010-06-18,pysystemtrade,globex
brl,BRE,6L,2010-06-21,pysystemtrade,globex
brl,BRE,6L,2010-06-22,pysystemtrade,globex
brl,BRE,6L,2010-06-23,pysystemtrade,globex
brl,BRE,6L,2010-06-24,pysystemtrade,globex
brl,BRE,6L,2010-06-25,pysystemtrade,globex
brl,BRE,6L,2010-06-28,pysystemtrade,globex
brl,BRE,6L,2010-06-29,pysystemtrade,globex
brl,BRE,6L,2010-06-30,pysystemtrade,globex
brl,BRE,6L,2010-07-02,pysystemtrade,globex
brl,BRE,6L,2010-07-06,pysystemtrade,globex
brl,BRE,6L,2010-07-07,pysystemtrade,globex
brl,BRE,6L,2010-07-08,pysystemtrade,globex
brl,BRE,6L,2010-07-09,pysystemtrade,globex
brl,BRE,6L,2010-07-12,pysystemtrade,globex
brl,BRE,6L,2010-07-13,pysystemtrade,globex
brl,BRE,6L,2010-07-14,pysystemtrade,globex
brl,BRE,6L,2010-07-15,pysystemtrade,globex
brl,BRE,6L,2010-07-16,pysystemtrade,globex
brl,BRE,6L,2010-07-19,pysystemtrade,globex
brl,BRE,6L,2010-07-20,pysystemtrade,globex
brl,BRE,6L,2010-07-21,pysystemtrade,globex
brl,BRE,6L,2010-07-22,pysystemtrade,globex
brl,BRE,6L,2010-07-23,pysystemtrade,globex
brl,BRE,6L,2010-07-26,pysystemtrade,globex
brl,BRE,6L,2010-07-27,pysystemtrade,globex
brl,BRE,6L,2010-07-28,pysystemtrade,globex
brl,BRE,6L,2010-07-29,pysystemtrade,globex
brl,BRE,6L,2010-07-30,pysystemtrade,globex
brl,BRE,6L,2010-08-02,pysystemtrade,globex
brl,BRE,6L,2010-08-03,pysystemtrade,globex
brl,BRE,6L,2010-08-04,pysystemtrade,globex
brl,BRE,6L,2010-08-05,pysystemtrade,globex
brl,BRE,6L,2010-08-06,pysystemtrade,globex
brl,BRE,6L,2010-08-09,pysystemtrade,globex
brl,BRE,6L,2010-08-10,pysystemtrade,globex
brl,BRE,6L,2010-08-11,pysystemtrade,globex
brl,BRE,6L,2010-08-12,pysystemtrade,globex
brl,BRE,6L,2010-08-13,pysystemtrade,globex
brl,BRE,6L,2010-08-16,pysystemtrade,globex
brl,BRE,6L,2010-08-17,pysystemtrade,globex
brl,BRE,6L,2010-08-18,pysystemtrade,globex
brl,BRE,6L,2010-08-19,pysystemtrade,globex
brl,BRE,6L,2010-08-20,pysystemtrade,globex
brl,BRE,6L,2010-08-23,pysystemtrade,globex
brl,BRE,6L,2010-08-24,pysystemtrade,globex
brl,BRE,6L,2010-08-25,pysystemtrade,globex
brl,BRE,6L,2010-08-26,pysystemtrade,globex
brl,BRE,6L,2010-08-27,pysystemtrade,globex
brl,BRE,6L,2010-08-30,pysystemtrade,globex
brl,BRE,6L,2010-08-31,pysystemtrade,globex
brl,BRE,6L,2010-09-01,pysystemtrade,globex
brl,BRE,6L,2010-09-02,pysystemtrade,globex
brl,BRE,6L,2010-09-03,pysystemtrade,globex
brl,BRE,6L,2010-09-07,pysystemtrade,globex
brl,BRE,6L,2010-09-08,pysystemtrade,globex
brl,BRE,6L,2010-09-09,pysystemtrade,globex
brl,BRE,6L,2010-09-10,pysystemtrade,globex
brl,BRE,6L,2010-09-13,pysystemtrade,globex
brl,BRE,6L,2010-09-14,pysystemtrade,globex
brl,BRE,6L,2010-09-15,pysystemtrade,globex
brl,BRE,6L,2010-09-16,pysystemtrade,globex
brl,BRE,6L,2010-09-17,pysystemtrade,globex
brl,BRE,6L,2010-09-20,pysystemtrade,globex
brl,BRE,6L,2010-09-21,pysystemtrade,globex
brl,BRE,6L,2010-09-22,pysystemtrade,globex
brl,BRE,6L,2010-09-23,pysystemtrade,globex
brl,BRE,6L,2010-09-24,pysystemtrade,globex
brl,BRE,6L,2010-09-27,pysystemtrade,globex
brl,BRE,6L,2010-09-28,pysystemtrade,globex
brl,BRE,6L,2010-09-29,pysystemtrade,globex
brl,BRE,6L,2010-09-30,pysystemtrade,globex
brl,BRE,6L,2010-10-01,pysystemtrade,globex
brl,BRE,6L,2010-10-04,pysystemtrade,globex
brl,BRE,6L,2010-10-05,pysystemtrade,globex
brl,BRE,6L,2010-10-06,pysystemtrade,globex
brl,BRE,6L,2010-10-07,pysystemtrade,globex
brl,BRE,6L,2010-10-08,pysystemtrade,globex
brl,BRE,6L,2010-10-11,pysystemtrade,globex
brl,BRE,6L,2010-10-12,pysystemtrade,globex
brl,BRE,6L,2010-10-13,pysystemtrade,globex
brl,BRE,6L,2010-10-14,pysystemtrade,globex
brl,BRE,6L,2010-10-15,pysystemtrade,globex
brl,BRE,6L,2010-10-18,pysystemtrade,globex
brl,BRE,6L,2010-10-19,pysystemtrade,globex
brl,BRE,6L,2010-10-20,pysystemtrade,globex
brl,BRE,6L,2010-10-21,pysystemtrade,globex
brl,BRE,6L,2010-10-22,pysystemtrade,globex
brl,BRE,6L,2010-10-25,pysystemtrade,globex
brl,BRE,6L,2010-10-26,pysystemtrade,globex
brl,BRE,6L,2010-10-27,pysystemtrade,globex
brl,BRE,6L,2010-10-28,pysystemtrade,globex
brl,BRE,6L,2010-10-29,pysystemtrade,globex
brl,BRE,6L,2010-11-01,pysystemtrade,globex
brl,BRE,6L,2010-11-02,pysystemtrade,globex
brl,BRE,6L,2010-11-03,pysystemtrade,globex
brl,BRE,6L,2010-11-04,pysystemtrade,globex
brl,BRE,6L,2010-11-05,pysystemtrade,globex
brl,BRE,6L,2010-11-08,pysystemtrade,globex
brl,BRE,6L,2010-11-09,pysystemtrade,globex
brl,BRE,6L,2010-11-10,pysystemtrade,globex
brl,BRE,6L,2010-11-11,pysystemtrade,globex
brl,BRE,6L,2010-11-12,pysystemtrade,globex
brl,BRE,6L,2010-11-15,pysystemtrade,globex
brl,BRE,6L,2010-11-16,pysystemtrade,globex
brl,BRE,6L,2010-11-17,pysystemtrade,globex
brl,BRE,6L,2010-11-18,pysystemtrade,globex
brl,BRE,6L,2010-11-19,pysystemtrade,globex
brl,BRE,6L,2010-11-22,pysystemtrade,globex
brl,BRE,6L,2010-11-23,pysystemtrade,globex
brl,BRE,6L,2010-11-24,pysystemtrade,globex
brl,BRE,6L,2010-11-26,pysystemtrade,globex
brl,BRE,6L,2010-11-29,pysystemtrade,globex
brl,BRE,6L,2010-11-30,pysystemtrade,globex
brl,BRE,6L,2010-12-01,pysystemtrade,globex
brl,BRE,6L,2010-12-02,pysystemtrade,globex
brl,BRE,6L,2010-12-03,pysystemtrade,globex
brl,BRE,6L,2010-12-06,pysystemtrade,globex
brl,BRE,6L,2010-12-08,pysystemtrade,globex
brl,BRE,6L,2010-12-09,pysystemtrade,globex
brl,BRE,6L,2010-12-10,pysystemtrade,globex
brl,BRE,6L,2010-12-13,pysystemtrade,globex
brl,BRE,6L,2010-12-14,pysystemtrade,globex
brl,BRE,6L,2010-12-15,pysystemtrade,globex
brl,BRE,6L,2010-12-16,pysystemtrade,globex
brl,BRE,6L,2010-12-17,pysystemtrade,globex
brl,BRE,6L,2010-12-20,pysystemtrade,globex
brl,BRE,6L,2010-12-21,pysystemtrade,globex
brl,BRE,6L,2010-12-22,pysystemtrade,globex
brl,BRE,6L,2010-12-23,pysystemtrade,globex
brl,BRE,6L,2010-12-27,pysystemtrade,globex
brl,BRE,6L,2010-12-28,pysystemtrade,globex
brl,BRE,6L,2010-12-29,pysystemtrade,globex
brl,BRE,6L,2010-12-30,pysystemtrade,globex
brl,BRE,6L,2010-12-31,pysystemtrade,globex
brl,BRE,6L,2011-01-03,pysystemtrade,globex
brl,BRE,6L,2011-01-04,pysystemtrade,globex
brl,BRE,6L,2011-01-05,pysystemtrade,globex
brl,BRE,6L,2011-01-06,pysystemtrade,globex
brl,BRE,6L,2011-01-07,pysystemtrade,globex
brl,BRE,6L,2011-01-10,pysystemtrade,globex
brl,BRE,6L,2011-01-11,pysystemtrade,globex
brl,BRE,6L,2011-01-12,pysystemtrade,globex
brl,BRE,6L,2011-01-13,pysystemtrade,globex
brl,BRE,6L,2011-01-14,pysystemtrade,globex
brl,BRE,6L,2011-01-18,pysystemtrade,globex
brl,BRE,6L,2011-01-19,pysystemtrade,globex
brl,BRE,6L,2011-01-20,pysystemtrade,globex
brl,BRE,6L,2011-01-21,pysystemtrade,globex
brl,BRE,6L,2011-01-24,pysystemtrade,globex
brl,BRE,6L,2011-01-25,pysystemtrade,globex
brl,BRE,6L,2011-01-26,pysystemtrade,globex
brl,BRE,6L,2011-01-27,pysystemtrade,globex
brl,BRE,6L,2011-01-28,pysystemtrade,globex
brl,BRE,6L,2011-01-31,pysystemtrade,globex
brl,BRE,6L,2011-02-01,pysystemtrade,globex
brl,BRE,6L,2011-02-02,pysystemtrade,globex
brl,BRE,6L,2011-02-03,pysystemtrade,globex
brl,BRE,6L,2011-02-04,pysystemtrade,globex
brl,BRE,6L,2011-02-07,pysystemtrade,globex
brl,BRE,6L,2011-02-08,pysystemtrade,globex
brl,BRE,6L,2011-02-09,pysystemtrade,globex
brl,BRE,6L,2011-02-10,pysystemtrade,globex
brl,BRE,6L,2011-02-11,pysystemtrade,globex
brl,BRE,6L,2011-02-14,pysystemtrade,globex
brl,BRE,6L,2011-02-15,pysystemtrade,globex
brl,BRE,6L,2011-02-16,pysystemtrade,globex
brl,BRE,6L,2011-02-17,pysystemtrade,globex
brl,BRE,6L,2011-02-18,pysystemtrade,globex
brl,BRE,6L,2011-02-21,globex,pysystemtrade
brl,BRE,6L,2011-03-07,pysystemtrade,globex
brl,BRE,6L,2011-03-25,pysystemtrade,globex
brl,BRE,6L,2011-04-21,pysystemtrade,globex
brl,BRE,6L,2011-05-24,pysystemtrade,globex
brl,BRE,6L,2011-05-25,pysystemtrade,globex
brl,BRE,6L,2011-05-26,pysystemtrade,globex
brl,BRE,6L,2011-05-27,pysystemtrade,globex
brl,BRE,6L,2011-05-31,pysystemtrade,globex
brl,BRE,6L,2011-06-01,pysystemtrade,globex
brl,BRE,6L,2011-06-02,pysystemtrade,globex
brl,BRE,6L,2011-06-03,pysystemtrade,globex
brl,BRE,6L,2011-06-06,pysystemtrade,globex
brl,BRE,6L,2011-06-07,pysystemtrade,globex
brl,BRE,6L,2011-06-08,pysystemtrade,globex
brl,BRE,6L,2011-06-09,pysystemtrade,globex
brl,BRE,6L,2011-06-10,pysystemtrade,globex
brl,BRE,6L,2011-06-13,pysystemtrade,globex
brl,BRE,6L,2011-06-14,pysystemtrade,globex
brl,BRE,6L,2011-06-15,pysystemtrade,globex
brl,BRE,6L,2011-06-16,pysystemtrade,globex
brl,BRE,6L,2011-06-17,pysystemtrade,globex
brl,BRE,6L,2011-06-20,pysystemtrade,globex
brl,BRE,6L,2011-06-21,pysystemtrade,globex
brl,BRE,6L,2011-06-22,pysystemtrade,globex
brl,BRE,6L,2011-06-23,pysystemtrade,globex
brl,BRE,6L,2011-06-24,pysystemtrade,globex
brl,BRE,6L,2011-06-27,pysystemtrade,globex
brl,BRE,6L,2011-06-28,pysystemtrade,globex
brl,BRE,6L,2011-06-29,pysystemtrade,globex
brl,BRE,6L,2011-06-30,pysystemtrade,globex
brl,BRE,6L,2011-07-01,pysystemtrade,globex
brl,BRE,6L,2011-07-05,pysystemtrade,globex
brl,BRE,6L,2011-07-06,pysystemtrade,globex
brl,BRE,6L,2011-07-07,pysystemtrade,globex
brl,BRE,6L,2011-07-08,pysystemtrade,globex
brl,BRE,6L,2011-07-11,pysystemtrade,globex
brl,BRE,6L,2011-07-12,pysystemtrade,globex
brl,BRE,6L,2011-07-15,pysystemtrade,globex
brl,BRE,6L,2011-07-18,pysystemtrade,globex
brl,BRE,6L,2011-07-19,pysystemtrade,globex
brl,BRE,6L,2011-07-20,pysystemtrade,globex
brl,BRE,6L,2011-07-21,pysystemtrade,globex
brl,BRE,6L,2011-07-25,pysystemtrade,globex
brl,BRE,6L,2011-07-26,pysystemtrade,globex
brl,BRE,6L,2011-07-27,pysystemtrade,globex
brl,BRE,6L,2011-07-28,pysystemtrade,globex
brl,BRE,6L,2011-07-29,pysystemtrade,globex
brl,BRE,6L,2011-08-01,pysystemtrade,globex
brl,BRE,6L,2011-08-02,pysystemtrade,globex
brl,BRE,6L,2011-08-03,pysystemtrade,globex
brl,BRE,6L,2011-08-04,pysystemtrade,globex
brl,BRE,6L,2011-08-05,pysystemtrade,globex
brl,BRE,6L,2011-08-08,pysystemtrade,globex
brl,BRE,6L,2011-08-09,pysystemtrade,globex
brl,BRE,6L,2011-08-10,pysystemtrade,globex
brl,BRE,6L,2011-08-11,pysystemtrade,globex
brl,BRE,6L,2011-08-12,pysystemtrade,globex
brl,BRE,6L,2011-08-16,pysystemtrade,globex
brl,BRE,6L,2011-08-18,pysystemtrade,globex
brl,BRE,6L,2011-08-19,pysystemtrade,globex
brl,BRE,6L,2011-08-22,pysystemtrade,globex
brl,BRE,6L,2011-08-23,pysystemtrade,globex
brl,BRE,6L,2011-08-24,pysystemtrade,globex
brl,BRE,6L,2011-08-25,pysystemtrade,globex
brl,BRE,6L,2011-08-26,pysystemtrade,globex
brl,BRE,6L,2011-08-29,pysystemtrade,globex
brl,BRE,6L,2011-08-30,pysystemtrade,globex
brl,BRE,6L,2011-08-31,pysystemtrade,globex
brl,BRE,6L,2011-09-01,pysystemtrade,globex
brl,BRE,6L,2011-09-02,pysystemtrade,globex
brl,BRE,6L,2011-09-06,pysystemtrade,globex
brl,BRE,6L,2011-09-07,pysystemtrade,globex
brl,BRE,6L,2011-09-08,pysystemtrade,globex
brl,BRE,6L,2011-09-09,pysystemtrade,globex
brl,BRE,6L,2011-09-12,pysystemtrade,globex
brl,BRE,6L,2011-09-13,pysystemtrade,globex
brl,BRE,6L,2011-09-14,pysystemtrade,globex
brl,BRE,6L,2011-09-15,pysystemtrade,globex
brl,BRE,6L,2011-09-16,pysystemtrade,globex
brl,BRE,6L,2011-09-19,pysystemtrade,globex
brl,BRE,6L,2011-09-20,pysystemtrade,globex
brl,BRE,6L,2011-09-21,pysystemtrade,globex
brl,BRE,6L,2011-09-22,pysystemtrade,globex
brl,BRE,6L,2011-09-23,pysystemtrade,globex
brl,BRE,6L,2011-09-26,pysystemtrade,globex
brl,BRE,6L,2011-09-27,pysystemtrade,globex
brl,BRE,6L,2011-09-28,pysystemtrade,globex
brl,BRE,6L,2011-09-29,pysystemtrade,globex
brl,BRE,6L,2011-09-30,pysystemtrade,globex
brl,BRE,6L,2011-10-03,pysystemtrade,globex
brl,BRE,6L,2011-10-04,pysystemtrade,globex
brl,BRE,6L,2011-10-05,pysystemtrade,globex
brl,BRE,6L,2011-10-06,pysystemtrade,globex
brl,BRE,6L,2011-10-07,pysystemtrade,globex
brl,BRE,6L,2011-10-10,pysystemtrade,globex
brl,BRE,6L,2011-10-11,pysystemtrade,globex
brl,BRE,6L,2011-10-12,pysystemtrade,globex
brl,BRE,6L,2011-10-13,pysystemtrade,globex
brl,BRE,6L,2011-10-14,pysystemtrade,globex
brl,BRE,6L,2011-10-17,pysystemtrade,globex
brl,BRE,6L,2011-10-18,pysystemtrade,globex
brl,BRE,6L,2011-10-19,pysystemtrade,globex
brl,BRE,6L,2011-10-20,pysystemtrade,globex
brl,BRE,6L,2011-10-21,pysystemtrade,globex
brl,BRE,6L,2011-10-24,pysystemtrade,globex
brl,BRE,6L,2011-10-25,pysystemtrade,globex
brl,BRE,6L,2011-10-26,pysystemtrade,globex
brl,BRE,6L,2011-10-27,pysystemtrade,globex
brl,BRE,6L,2011-10-28,pysystemtrade,globex
brl,BRE,6L,2011-10-31,pysystemtrade,globex
brl,BRE,6L,2011-11-01,pysystemtrade,globex
brl,BRE,6L,2011-11-02,pysystemtrade,globex
brl,BRE,6L,2011-11-03,pysystemtrade,globex
brl,BRE,6L,2011-11-04,pysystemtrade,globex
brl,BRE,6L,2011-11-07,pysystemtrade,globex
brl,BRE,6L,2011-11-08,pysystemtrade,globex
brl,BRE,6L,2011-11-09,pysystemtrade,globex
brl,BRE,6L,2011-11-10,pysystemtrade,globex
brl,BRE,6L,2011-11-11,pysystemtrade,globex
brl,BRE,6L,2011-11-14,pysystemtrade,globex
brl,BRE,6L,2011-11-15,pysystemtrade,globex
brl,BRE,6L,2011-11-16,pysystemtrade,globex
brl,BRE,6L,2011-11-17,pysystemtrade,globex
brl,BRE,6L,2011-11-18,pysystemtrade,globex
brl,BRE,6L,2011-11-21,pysystemtrade,globex
brl,BRE,6L,2011-11-22,pysystemtrade,globex
brl,BRE,6L,2011-11-23,pysystemtrade,globex
brl,BRE,6L,2011-11-25,pysystemtrade,globex
brl,BRE,6L,2011-11-28,pysystemtrade,globex
brl,BRE,6L,2011-11-29,pysystemtrade,globex
brl,BRE,6L,2011-11-30,pysystemtrade,globex
brl,BRE,6L,2011-12-01,pysystemtrade,globex
brl,BRE,6L,2011-12-02,pysystemtrade,globex
brl,BRE,6L,2011-12-05,pysystemtrade,globex
brl,BRE,6L,2011-12-06,pysystemtrade,globex
brl,BRE,6L,2011-12-07,pysystemtrade,globex
brl,BRE,6L,2011-12-08,pysystemtrade,globex
brl,BRE,6L,2011-12-09,pysystemtrade,globex
brl,BRE,6L,2011-12-12,pysystemtrade,globex
brl,BRE,6L,2011-12-13,pysystemtrade,globex
brl,BRE,6L,2011-12-14,pysystemtrade,globex
brl,BRE,6L,2011-12-15,pysystemtrade,globex
brl,BRE,6L,2011-12-16,pysystemtrade,globex
brl,BRE,6L,2011-12-19,pysystemtrade,globex
brl,BRE,6L,2011-12-20,pysystemtrade,globex
brl,BRE,6L,2011-12-21,pysystemtrade,globex
brl,BRE,6L,2011-12-22,pysystemtrade,globex
brl,BRE,6L,2011-12-23,pysystemtrade,globex
brl,BRE,6L,2011-12-27,pysystemtrade,globex
brl,BRE,6L,2011-12-28,pysystemtrade,globex
brl,BRE,6L,2011-12-29,pysystemtrade,globex
brl,BRE,6L,2011-12-30,pysystemtrade,globex
brl,BRE,6L,2012-01-03,pysystemtrade,globex
brl,BRE,6L,2012-01-04,pysystemtrade,globex
brl,BRE,6L,2012-01-05,pysystemtrade,globex
brl,BRE,6L,2012-01-06,pysystemtrade,globex
brl,BRE,6L,2012-01-09,pysystemtrade,globex
brl,BRE,6L,2012-01-10,pysystemtrade,globex
brl,BRE,6L,2012-01-11,pysystemtrade,globex
brl,BRE,6L,2012-01-12,pysystemtrade,globex
brl,BRE,6L,2012-01-13,pysystemtrade,globex
brl,BRE,6L,2012-01-17,pysystemtrade,globex
brl,BRE,6L,2012-01-18,pysystemtrade,globex
brl,BRE,6L,2012-01-19,pysystemtrade,globex
brl,BRE,6L,2012-01-20,pysystemtrade,globex
brl,BRE,6L,2012-01-23,pysystemtrade,globex
brl,BRE,6L,2012-01-24,pysystemtrade,globex
brl,BRE,6L,2012-01-25,pysystemtrade,globex
brl,BRE,6L,2012-01-26,pysystemtrade,globex
brl,BRE,6L,2012-01-27,pysystemtrade,globex
brl,BRE,6L,2012-01-30,pysystemtrade,globex
brl,BRE,6L,2012-01-31,pysystemtrade,globex
brl,BRE,6L,2012-02-01,pysystemtrade,globex
brl,BRE,6L,2012-02-02,pysystemtrade,globex
brl,BRE,6L,2012-02-03,pysystemtrade,globex
brl,BRE,6L,2012-02-06,pysystemtrade,globex
brl,BRE,6L,2012-02-07,pysystemtrade,globex
brl,BRE,6L,2012-02-08,pysystemtrade,globex
brl,BRE,6L,2012-02-09,pysystemtrade,globex
brl,BRE,6L,2012-02-10,pysystemtrade,globex
brl,BRE,6L,2012-02-13,pysystemtrade,globex
brl,BRE,6L,2012-02-14,pysystemtrade,globex
brl,BRE,6L,2012-02-15,pysystemtrade,globex
brl,BRE,6L,2012-02-16,pysystemtrade,globex
brl,BRE,6L,2012-02-17,pysystemtrade,globex
brl,BRE,6L,2012-02-21,pysystemtrade,globex
brl,BRE,6L,2012-02-22,pysystemtrade,globex
brl,BRE,6L,2012-02-23,pysystemtrade,globex
brl,BRE,6L,2012-02-24,pysystemtrade,globex
brl,BRE,6L,2012-02-27,pysystemtrade,globex
brl,BRE,6L,2012-02-28,pysystemtrade,globex
brl,BRE,6L,2012-02-29,pysystemtrade,globex
brl,BRE,6L,2012-03-01,pysystemtrade,globex
brl,BRE,6L,2012-03-02,pysystemtrade,globex
brl,BRE,6L,2012-03-05,pysystemtrade,globex
brl,BRE,6L,2012-03-06,pysystemtrade,globex
brl,BRE,6L,2012-03-07,pysystemtrade,globex
brl,BRE,6L,2012-03-08,pysystemtrade,globex
brl,BRE,6L,2012-03-09,pysystemtrade,globex
brl,BRE,6L,2012-03-12,pysystemtrade,globex
brl,BRE,6L,2012-03-13,pysystemtrade,globex
brl,BRE,6L,2012-03-14,pysystemtrade,globex
brl,BRE,6L,2012-03-15,pysystemtrade,globex
brl,BRE,6L,2012-03-16,pysystemtrade,globex
brl,BRE,6L,2012-03-19,pysystemtrade,globex
brl,BRE,6L,2012-03-20,pysystemtrade,globex
brl,BRE,6L,2012-03-21,pysystemtrade,globex
brl,BRE,6L,2012-03-22,pysystemtrade,globex
brl,BRE,6L,2012-03-23,pysystemtrade,globex
brl,BRE,6L,2012-03-26,pysystemtrade,globex
brl,BRE,6L,2012-03-27,pysystemtrade,globex
brl,BRE,6L,2012-03-28,pysystemtrade,globex
brl,BRE,6L,2012-03-29,pysystemtrade,globex
brl,BRE,6L,2012-03-30,pysystemtrade,globex
brl,BRE,6L,2012-04-02,pysystemtrade,globex
brl,BRE,6L,2012-04-03,pysystemtrade,globex
brl,BRE,6L,2012-04-04,pysystemtrade,globex
brl,BRE,6L,2012-04-05,pysystemtrade,globex
brl,BRE,6L,2012-04-06,pysystemtrade,globex
brl,BRE,6L,2012-04-09,pysystemtrade,globex
brl,BRE,6L,2012-04-10,pysystemtrade,globex
brl,BRE,6L,2012-04-11,pysystemtrade,globex
brl,BRE,6L,2012-04-12,pysystemtrade,globex
brl,BRE,6L,2012-04-13,pysystemtrade,globex
brl,BRE,6L,2012-04-16,pysystemtrade,globex
brl,BRE,6L,2012-04-17,pysystemtrade,globex
brl,BRE,6L,2012-04-18,pysystemtrade,globex
brl,BRE,6L,2012-04-19,pysystemtrade,globex
brl,BRE,6L,2012-04-20,pysystemtrade,globex
brl,BRE,6L,2012-04-23,pysystemtrade,globex
brl,BRE,6L,2012-04-24,pysystemtrade,globex
brl,BRE,6L,2012-04-25,pysystemtrade,globex
brl,BRE,6L,2012-04-26,pysystemtrade,globex
brl,BRE,6L,2012-04-27,pysystemtrade,globex
brl,BRE,6L,2012-04-30,pysystemtrade,globex
brl,BRE,6L,2012-05-01,pysystemtrade,globex
brl,BRE,6L,2012-05-02,pysystemtrade,globex
brl,BRE,6L,2012-05-03,pysystemtrade,globex
brl,BRE,6L,2012-05-04,pysystemtrade,globex
brl,BRE,6L,2012-05-07,pysystemtrade,globex
brl,BRE,6L,2012-05-08,pysystemtrade,globex
brl,BRE,6L,2012-05-09,pysystemtrade,globex
brl,BRE,6L,2012-05-10,pysystemtrade,globex
brl,BRE,6L,2012-05-11,pysystemtrade,globex
brl,BRE,6L,2012-05-14,pysystemtrade,globex
brl,BRE,6L,2012-05-15,pysystemtrade,globex
brl,BRE,6L,2012-05-16,pysystemtrade,globex
brl,BRE,6L,2012-05-17,pysystemtrade,globex
brl,BRE,6L,2012-05-18,pysystemtrade,globex
brl,BRE,6L,2012-05-21,pysystemtrade,globex
brl,BRE,6L,2012-05-22,pysystemtrade,globex
brl,BRE,6L,2012-05-24,pysystemtrade,globex
brl,BRE,6L,2012-05-25,pysystemtrade,globex
brl,BRE,6L,2012-05-29,pysystemtrade,globex
brl,BRE,6L,2012-05-30,pysystemtrade,globex
brl,BRE,6L,2012-05-31,pysystemtrade,globex
brl,BRE,6L,2012-06-01,pysystemtrade,globex
brl,BRE,6L,2012-06-04,pysystemtrade,globex
brl,BRE,6L,2012-06-05,pysystemtrade,globex
brl,BRE,6L,2012-06-06,pysystemtrade,globex
brl,BRE,6L,2012-06-07,pysystemtrade,globex
brl,BRE,6L,2012-06-08,pysystemtrade,globex
brl,BRE,6L,2012-06-11,pysystemtrade,globex
brl,BRE,6L,2012-06-12,pysystemtrade,globex
brl,BRE,6L,2012-06-13,pysystemtrade,globex
brl,BRE,6L,2012-06-14,pysystemtrade,globex
brl,BRE,6L,2012-06-15,pysystemtrade,globex
brl,BRE,6L,2012-06-18,pysystemtrade,globex
brl,BRE,6L,2012-06-19,pysystemtrade,globex
brl,BRE,6L,2012-06-20,pysystemtrade,globex
brl,BRE,6L,2012-06-21,pysystemtrade,globex
brl,BRE,6L,2012-06-22,pysystemtrade,globex
brl,BRE,6L,2012-06-25,pysystemtrade,globex
brl,BRE,6L,2012-06-26,pysystemtrade,globex
brl,BRE,6L,2012-06-27,pysystemtrade,globex
brl,BRE,6L,2012-06-28,pysystemtrade,globex
brl,BRE,6L,2012-06-29,pysystemtrade,globex
brl,BRE,6L,2012-07-02,pysystemtrade,globex
brl,BRE,6L,2012-07-03,pysystemtrade,globex
brl,BRE,6L,2012-07-05,pysystemtrade,globex
brl,BRE,6L,2012-07-06,pysystemtrade,globex
brl,BRE,6L,2012-07-09,pysystemtrade,globex
brl,BRE,6L,2012-07-10,pysystemtrade,globex
brl,BRE,6L,2012-07-11,pysystemtrade,globex
brl,BRE,6L,2012-07-12,pysystemtrade,globex
brl,BRE,6L,2012-07-13,pysystemtrade,globex
brl,BRE,6L,2012-07-16,pysystemtrade,globex
brl,BRE,6L,2012-07-17,pysystemtrade,globex
brl,BRE,6L,2012-07-18,pysystemtrade,globex
brl,BRE,6L,2012-07-19,pysystemtrade,globex
brl,BRE,6L,2012-07-20,pysystemtrade,globex
brl,BRE,6L,2012-07-23,pysystemtrade,globex
brl,BRE,6L,2012-07-24,pysystemtrade,globex
brl,BRE,6L,2012-07-25,pysystemtrade,globex
brl,BRE,6L,2012-07-26,pysystemtrade,globex
brl,BRE,6L,2012-07-27,pysystemtrade,globex
brl,BRE,6L,2012-07-30,pysystemtrade,globex
brl,BRE,6L,2012-07-31,pysystemtrade,globex
brl,BRE,6L,2012-08-01,pysystemtrade,globex
brl,BRE,6L,2012-08-02,pysystemtrade,globex
brl,BRE,6L,2012-08-03,pysystemtrade,globex
brl,BRE,6L,2012-08-06,pysystemtrade,globex
brl,BRE,6L,2012-08-07,pysystemtrade,globex
brl,BRE,6L,2012-08-08,pysystemtrade,globex
brl,BRE,6L,2012-08-09,pysystemtrade,globex
brl,BRE,6L,2012-08-10,pysystemtrade,globex
brl,BRE,6L,2012-08-13,pysystemtrade,globex
brl,BRE,6L,2012-08-14,pysystemtrade,globex
brl,BRE,6L,2012-08-15,pysystemtrade,globex
brl,BRE,6L,2012-08-16,pysystemtrade,globex
brl,BRE,6L,2012-08-20,pysystemtrade,globex
brl,BRE,6L,2012-08-21,pysystemtrade,globex
brl,BRE,6L,2012-08-22,pysystemtrade,globex
brl,BRE,6L,2012-08-23,pysystemtrade,globex
brl,BRE,6L,2012-08-24,pysystemtrade,globex
brl,BRE,6L,2012-08-27,pysystemtrade,globex
brl,BRE,6L,2012-08-29,pysystemtrade,globex
brl,BRE,6L,2012-08-30,pysystemtrade,globex
brl,BRE,6L,2012-08-31,pysystemtrade,globex
brl,BRE,6L,2012-09-04,pysystemtrade,globex
brl,BRE,6L,2012-09-05,pysystemtrade,globex
brl,BRE,6L,2012-09-06,pysystemtrade,globex
brl,BRE,6L,2012-09-07,pysystemtrade,globex
brl,BRE,6L,2012-09-10,pysystemtrade,globex
brl,BRE,6L,2012-09-11,pysystemtrade,globex
brl,BRE,6L,2012-09-12,pysystemtrade,globex
brl,BRE,6L,2012-09-17,pysystemtrade,globex
brl,BRE,6L,2012-09-18,pysystemtrade,globex
brl,BRE,6L,2012-09-19,pysystemtrade,globex
brl,BRE,6L,2012-09-20,pysystemtrade,globex
brl,BRE,6L,2012-09-21,pysystemtrade,globex
brl,BRE,6L,2012-09-24,pysystemtrade,globex
brl,BRE,6L,2012-09-25,pysystemtrade,globex
brl,BRE,6L,2012-09-26,pysystemtrade,globex
brl,BRE,6L,2012-09-27,pysystemtrade,globex
brl,BRE,6L,2012-09-28,pysystemtrade,globex
brl,BRE,6L,2012-10-01,pysystemtrade,globex
brl,BRE,6L,2012-10-02,pysystemtrade,globex
brl,BRE,6L,2012-10-03,pysystemtrade,globex
brl,BRE,6L,2012-10-04,pysystemtrade,globex
brl,BRE,6L,2012-10-05,pysystemtrade,globex
brl,BRE,6L,2012-10-08,pysystemtrade,globex
brl,BRE,6L,2012-10-09,pysystemtrade,globex
brl,BRE,6L,2012-10-10,pysystemtrade,globex
brl,BRE,6L,2012-10-11,pysystemtrade,globex
brl,BRE,6L,2012-10-12,pysystemtrade,globex
brl,BRE,6L,2012-10-15,pysystemtrade,globex
brl,BRE,6L,2012-10-16,pysystemtrade,globex
brl,BRE,6L,2012-10-17,pysystemtrade,globex
brl,BRE,6L,2012-10-18,pysystemtrade,globex
brl,BRE,6L,2012-10-19,pysystemtrade,globex
brl,BRE,6L,2012-10-22,pysystemtrade,globex
brl,BRE,6L,2012-10-23,pysystemtrade,globex
brl,BRE,6L,2012-10-24,pysystemtrade,globex
brl,BRE,6L,2012-10-25,pysystemtrade,globex
brl,BRE,6L,2012-10-26,pysystemtrade,globex
brl,BRE,6L,2012-10-29,pysystemtrade,globex
brl,BRE,6L,2012-10-30,pysystemtrade,globex
brl,BRE,6L,2012-10-31,pysystemtrade,globex
brl,BRE,6L,2012-11-01,pysystemtrade,globex
brl,BRE,6L,2012-11-02,pysystemtrade,globex
brl,BRE,6L,2012-11-05,pysystemtrade,globex
brl,BRE,6L,2012-11-06,pysystemtrade,globex
brl,BRE,6L,2012-11-07,pysystemtrade,globex
brl,BRE,6L,2012-11-08,pysystemtrade,globex
brl,BRE,6L,2012-11-09,pysystemtrade,globex
brl,BRE,6L,2012-11-12,pysystemtrade,globex
brl,BRE,6L,2012-11-13,pysystemtrade,globex
brl,BRE,6L,2012-11-15,pysystemtrade,globex
brl,BRE,6L,2012-11-16,pysystemtrade,globex
brl,BRE,6L,2012-11-19,pysystemtrade,globex
brl,BRE,6L,2012-11-20,pysystemtrade,globex
brl,BRE,6L,2012-11-21,pysystemtrade,globex
brl,BRE,6L,2012-11-23,pysystemtrade,globex
brl,BRE,6L,2012-11-26,pysystemtrade,globex
brl,BRE,6L,2012-11-27,pysystemtrade,globex
brl,BRE,6L,2012-11-28,pysystemtrade,globex
brl,BRE,6L,2012-11-29,pysystemtrade,globex
brl,BRE,6L,2012-11-30,pysystemtrade,globex
brl,BRE,6L,2012-12-03,pysystemtrade,globex
brl,BRE,6L,2012-12-04,pysystemtrade,globex
brl,BRE,6L,2012-12-05,pysystemtrade,globex
brl,BRE,6L,2012-12-06,pysystemtrade,globex
brl,BRE,6L,2012-12-07,pysystemtrade,globex
brl,BRE,6L,2012-12-10,pysystemtrade,globex
brl,BRE,6L,2012-12-11,pysystemtrade,globex
brl,BRE,6L,2012-12-12,pysystemtrade,globex
brl,BRE,6L,2012-12-13,pysystemtrade,globex
brl,BRE,6L,2012-12-14,pysystemtrade,globex
brl,BRE,6L,2012-12-17,pysystemtrade,globex
brl,BRE,6L,2012-12-18,pysystemtrade,globex
brl,BRE,6L,2012-12-19,pysystemtrade,globex
brl,BRE,6L,2012-12-20,pysystemtrade,globex
brl,BRE,6L,2012-12-21,pysystemtrade,globex
brl,BRE,6L,2012-12-24,pysystemtrade,globex
brl,BRE,6L,2012-12-26,pysystemtrade,globex
brl,BRE,6L,2012-12-27,pysystemtrade,globex
brl,BRE,6L,2012-12-28,pysystemtrade,globex
brl,BRE,6L,2012-12-31,pysystemtrade,globex
brl,BRE,6L,2013-01-02,pysystemtrade,globex
brl,BRE,6L,2013-01-03,pysystemtrade,globex
brl,BRE,6L,2013-01-04,pysystemtrade,globex
brl,BRE,6L,2013-01-07,pysystemtrade,globex
brl,BRE,6L,2013-01-08,pysystemtrade,globex
brl,BRE,6L,2013-01-09,pysystemtrade,globex
brl,BRE,6L,2013-01-10,pysystemtrade,globex
brl,BRE,6L,2013-01-11,pysystemtrade,globex
brl,BRE,6L,2013-01-14,pysystemtrade,globex
brl,BRE,6L,2013-01-15,pysystemtrade,globex
brl,BRE,6L,2013-01-16,pysystemtrade,globex
brl,BRE,6L,2013-01-17,pysystemtrade,globex
brl,BRE,6L,2013-01-18,pysystemtrade,globex
brl,BRE,6L,2013-01-22,pysystemtrade,globex
brl,BRE,6L,2013-01-23,pysystemtrade,globex
brl,BRE,6L,2013-01-24,pysystemtrade,globex
brl,BRE,6L,2013-01-25,pysystemtrade,globex
brl,BRE,6L,2013-01-28,pysystemtrade,globex
brl,BRE,6L,2013-01-29,pysystemtrade,globex
brl,BRE,6L,2013-01-30,pysystemtrade,globex
brl,BRE,6L,2013-01-31,pysystemtrade,globex
brl,BRE,6L,2013-02-01,pysystemtrade,globex
brl,BRE,6L,2013-02-04,pysystemtrade,globex
brl,BRE,6L,2013-02-05,pysystemtrade,globex
brl,BRE,6L,2013-02-06,pysystemtrade,globex
brl,BRE,6L,2013-02-07,pysystemtrade,globex
brl,BRE,6L,2013-02-08,pysystemtrade,globex
brl,BRE,6L,2013-02-11,pysystemtrade,globex
brl,BRE,6L,2013-02-12,pysystemtrade,globex
brl,BRE,6L,2013-02-13,pysystemtrade,globex
brl,BRE,6L,2013-02-14,pysystemtrade,globex
brl,BRE,6L,2013-02-15,pysystemtrade,globex
brl,BRE,6L,2013-02-19,pysystemtrade,globex
brl,BRE,6L,2013-02-20,pysystemtrade,globex
brl,BRE,6L,2013-02-21,pysystemtrade,globex
brl,BRE,6L,2013-02-22,pysystemtrade,globex
brl,BRE,6L,2013-02-25,pysystemtrade,globex
brl,BRE,6L,2013-02-26,pysystemtrade,globex
brl,BRE,6L,2013-02-27,pysystemtrade,globex
brl,BRE,6L,2013-02-28,pysystemtrade,globex
brl,BRE,6L,2013-03-01,pysystemtrade,globex
brl,BRE,6L,2013-03-04,pysystemtrade,globex
brl,BRE,6L,2013-03-05,pysystemtrade,globex
brl,BRE,6L,2013-03-06,pysystemtrade,globex
brl,BRE,6L,2013-03-07,pysystemtrade,globex
brl,BRE,6L,2013-03-08,pysystemtrade,globex
brl,BRE,6L,2013-03-11,pysystemtrade,globex
brl,BRE,6L,2013-03-12,pysystemtrade,globex
brl,BRE,6L,2013-03-13,pysystemtrade,globex
brl,BRE,6L,2013-03-14,pysystemtrade,globex
brl,BRE,6L,2013-03-15,pysystemtrade,globex
brl,BRE,6L,2013-03-18,pysystemtrade,globex
brl,BRE,6L,2013-03-19,pysystemtrade,globex
brl,BRE,6L,2013-03-20,pysystemtrade,globex
brl,BRE,6L,2013-03-21,pysystemtrade,globex
brl,BRE,6L,2013-03-22,pysystemtrade,globex
brl,BRE,6L,2013-03-25,pysystemtrade,globex
brl,BRE,6L,2013-03-26,pysystemtrade,globex
brl,BRE,6L,2013-03-27,pysystemtrade,globex
brl,BRE,6L,2013-03-28,pysystemtrade,globex
brl,BRE,6L,2013-04-01,pysystemtrade,globex
brl,BRE,6L,2013-04-02,pysystemtrade,globex
brl,BRE,6L,2013-04-03,pysystemtrade,globex
brl,BRE,6L,2013-04-04,pysystemtrade,globex
brl,BRE,6L,2013-04-05,pysystemtrade,globex
brl,BRE,6L,2013-04-08,pysystemtrade,globex
brl,BRE,6L,2013-04-09,pysystemtrade,globex
brl,BRE,6L,2013-04-10,pysystemtrade,globex
brl,BRE,6L,2013-04-11,pysystemtrade,globex
brl,BRE,6L,2013-04-12,pysystemtrade,globex
brl,BRE,6L,2013-04-15,pysystemtrade,globex
brl,BRE,6L,2013-04-16,pysystemtrade,globex
brl,BRE,6L,2013-04-17,pysystemtrade,globex
brl,BRE,6L,2013-04-18,pysystemtrade,globex
brl,BRE,6L,2013-04-19,pysystemtrade,globex
brl,BRE,6L,2013-04-22,pysystemtrade,globex
brl,BRE,6L,2013-04-23,pysystemtrade,globex
brl,BRE,6L,2013-04-24,pysystemtrade,globex
brl,BRE,6L,2013-04-25,pysystemtrade,globex
brl,BRE,6L,2013-04-26,pysystemtrade,globex
brl,BRE,6L,2013-04-29,pysystemtrade,globex
brl,BRE,6L,2013-04-30,pysystemtrade,globex
brl,BRE,6L,2013-05-01,pysystemtrade,globex
brl,BRE,6L,2013-05-02,pysystemtrade,globex
brl,BRE,6L,2013-05-03,pysystemtrade,globex
brl,BRE,6L,2013-05-06,pysystemtrade,globex
brl,BRE,6L,2013-05-07,pysystemtrade,globex
brl,BRE,6L,2013-05-08,pysystemtrade,globex
brl,BRE,6L,2013-05-09,pysystemtrade,globex
brl,BRE,6L,2013-05-10,pysystemtrade,globex
brl,BRE,6L,2013-05-13,pysystemtrade,globex
brl,BRE,6L,2013-05-14,pysystemtrade,globex
brl,BRE,6L,2013-05-15,pysystemtrade,globex
brl,BRE,6L,2013-05-16,pysystemtrade,globex
brl,BRE,6L,2013-05-17,pysystemtrade,globex
brl,BRE,6L,2013-05-20,pysystemtrade,globex
brl,BRE,6L,2013-05-21,pysystemtrade,globex
brl,BRE,6L,2013-05-22,pysystemtrade,globex
brl,BRE,6L,2013-05-23,pysystemtrade,globex
brl,BRE,6L,2013-05-24,pysystemtrade,globex
brl,BRE,6L,2013-05-28,pysystemtrade,globex
brl,BRE,6L,2013-05-30,pysystemtrade,globex
brl,BRE,6L,2013-05-31,pysystemtrade,globex
brl,BRE,6L,2013-06-03,pysystemtrade,globex
brl,BRE,6L,2013-06-04,pysystemtrade,globex
brl,BRE,6L,2013-06-05,pysystemtrade,globex
brl,BRE,6L,2013-06-06,pysystemtrade,globex
brl,BRE,6L,2013-06-07,pysystemtrade,globex
brl,BRE,6L,2013-06-10,pysystemtrade,globex
brl,BRE,6L,2013-06-11,pysystemtrade,globex
brl,BRE,6L,2013-06-12,pysystemtrade,globex
brl,BRE,6L,2013-06-13,pysystemtrade,globex
brl,BRE,6L,2013-06-14,pysystemtrade,globex
brl,BRE,6L,2013-06-17,pysystemtrade,globex
brl,BRE,6L,2013-06-18,pysystemtrade,globex
brl,BRE,6L,2013-06-19,pysystemtrade,globex
brl,BRE,6L,2013-06-20,pysystemtrade,globex
brl,BRE,6L,2013-06-21,pysystemtrade,globex
brl,BRE,6L,2013-06-24,pysystemtrade,globex
brl,BRE,6L,2013-06-25,pysystemtrade,globex
brl,BRE,6L,2013-06-26,pysystemtrade,globex
brl,BRE,6L,2013-06-27,pysystemtrade,globex
brl,BRE,6L,2013-06-28,pysystemtrade,globex
brl,BRE,6L,2013-07-01,pysystemtrade,globex
brl,BRE,6L,2013-07-02,pysystemtrade,globex
brl,BRE,6L,2013-07-03,pysystemtrade,globex
brl,BRE,6L,2013-07-05,pysystemtrade,globex
brl,BRE,6L,2013-07-08,pysystemtrade,globex
brl,BRE,6L,2013-07-09,pysystemtrade,globex
brl,BRE,6L,2013-07-10,pysystemtrade,globex
brl,BRE,6L,2013-07-11,pysystemtrade,globex
brl,BRE,6L,2013-07-12,pysystemtrade,globex
brl,BRE,6L,2013-07-15,pysystemtrade,globex
brl,BRE,6L,2013-07-16,pysystemtrade,globex
brl,BRE,6L,2013-07-17,pysystemtrade,globex
brl,BRE,6L,2013-07-18,pysystemtrade,globex
brl,BRE,6L,2013-07-19,pysystemtrade,globex
brl,BRE,6L,2013-07-22,pysystemtrade,globex
brl,BRE,6L,2013-07-23,pysystemtrade,globex
brl,BRE,6L,2013-07-24,pysystemtrade,globex
brl,BRE,6L,2013-07-25,pysystemtrade,globex
brl,BRE,6L,2013-07-26,pysystemtrade,globex
brl,BRE,6L,2013-07-29,pysystemtrade,globex
brl,BRE,6L,2013-07-30,pysystemtrade,globex
brl,BRE,6L,2013-07-31,pysystemtrade,globex
brl,BRE,6L,2013-08-01,pysystemtrade,globex
brl,BRE,6L,2013-08-02,pysystemtrade,globex
brl,BRE,6L,2013-08-05,pysystemtrade,globex
brl,BRE,6L,2013-08-06,pysystemtrade,globex
brl,BRE,6L,2013-08-07,pysystemtrade,globex
brl,BRE,6L,2013-08-08,pysystemtrade,globex
brl,BRE,6L,2013-08-09,pysystemtrade,globex
brl,BRE,6L,2013-08-12,pysystemtrade,globex
brl,BRE,6L,2013-08-13,pysystemtrade,globex
brl,BRE,6L,2013-08-14,pysystemtrade,globex
brl,BRE,6L,2013-08-15,pysystemtrade,globex
brl,BRE,6L,2013-08-16,pysystemtrade,globex
brl,BRE,6L,2013-08-19,pysystemtrade,globex
brl,BRE,6L,2013-08-20,pysystemtrade,globex
brl,BRE,6L,2013-08-21,pysystemtrade,globex
brl,BRE,6L,2013-08-22,pysystemtrade,globex
brl,BRE,6L,2013-08-23,pysystemtrade,globex
brl,BRE,6L,2013-08-26,pysystemtrade,globex
brl,BRE,6L,2013-08-27,pysystemtrade,globex
brl,BRE,6L,2013-08-28,pysystemtrade,globex
brl,BRE,6L,2013-08-29,pysystemtrade,globex
brl,BRE,6L,2013-08-30,pysystemtrade,globex
brl,BRE,6L,2013-09-03,pysystemtrade,globex
brl,BRE,6L,2013-09-04,pysystemtrade,globex
brl,BRE,6L,2013-09-05,pysystemtrade,globex
brl,BRE,6L,2013-09-06,pysystemtrade,globex
brl,BRE,6L,2013-09-09,pysystemtrade,globex
brl,BRE,6L,2013-09-10,pysystemtrade,globex
brl,BRE,6L,2013-09-11,pysystemtrade,globex
brl,BRE,6L,2013-09-12,pysystemtrade,globex
brl,BRE,6L,2013-09-13,pysystemtrade,globex
brl,BRE,6L,2013-09-16,pysystemtrade,globex
brl,BRE,6L,2013-09-17,pysystemtrade,globex
brl,BRE,6L,2013-09-18,pysystemtrade,globex
brl,BRE,6L,2013-09-19,pysystemtrade,globex
brl,BRE,6L,2013-09-20,pysystemtrade,globex
brl,BRE,6L,2013-09-23,pysystemtrade,globex
brl,BRE,6L,2013-09-24,pysystemtrade,globex
brl,BRE,6L,2013-09-25,pysystemtrade,globex
brl,BRE,6L,2013-09-26,pysystemtrade,globex
brl,BRE,6L,2013-09-27,pysystemtrade,globex
brl,BRE,6L,2013-09-30,pysystemtrade,globex
brl,BRE,6L,2013-10-01,pysystemtrade,globex
brl,BRE,6L,2013-10-02,pysystemtrade,globex
brl,BRE,6L,2013-10-03,pysystemtrade,globex
brl,BRE,6L,2013-10-04,pysystemtrade,globex
brl,BRE,6L,2013-10-07,pysystemtrade,globex
brl,BRE,6L,2013-10-08,pysystemtrade,globex
brl,BRE,6L,2013-10-09,pysystemtrade,globex
brl,BRE,6L,2013-10-10,pysystemtrade,globex
brl,BRE,6L,2013-10-11,pysystemtrade,globex
brl,BRE,6L,2013-10-14,pysystemtrade,globex
brl,BRE,6L,2013-10-15,pysystemtrade,globex
brl,BRE,6L,2013-10-16,pysystemtrade,globex
brl,BRE,6L,2013-10-17,pysystemtrade,globex
brl,BRE,6L,2013-10-18,pysystemtrade,globex
brl,BRE,6L,2013-10-21,pysystemtrade,globex
brl,BRE,6L,2013-10-22,pysystemtrade,globex
brl,BRE,6L,2013-10-23,pysystemtrade,globex
brl,BRE,6L,2013-10-24,pysystemtrade,globex
brl,BRE,6L,2013-10-25,pysystemtrade,globex
brl,BRE,6L,2013-10-28,pysystemtrade,globex
brl,BRE,6L,2013-10-29,pysystemtrade,globex
brl,BRE,6L,2013-10-30,pysystemtrade,globex
brl,BRE,6L,2013-10-31,pysystemtrade,globex
brl,BRE,6L,2013-11-01,pysystemtrade,globex
brl,BRE,6L,2013-11-04,pysystemtrade,globex
brl,BRE,6L,2013-11-05,pysystemtrade,globex
brl,BRE,6L,2013-11-06,pysystemtrade,globex
brl,BRE,6L,2013-11-07,pysystemtrade,globex
brl,BRE,6L,2013-11-08,pysystemtrade,globex
brl,BRE,6L,2013-11-11,pysystemtrade,globex
brl,BRE,6L,2013-11-12,pysystemtrade,globex
brl,BRE,6L,2013-11-13,pysystemtrade,globex
brl,BRE,6L,2013-11-14,pysystemtrade,globex
brl,BRE,6L,2013-11-15,pysystemtrade,globex
brl,BRE,6L,2013-11-18,pysystemtrade,globex
brl,BRE,6L,2013-11-19,pysystemtrade,globex
brl,BRE,6L,2013-11-20,pysystemtrade,globex
brl,BRE,6L,2013-11-21,pysystemtrade,globex
brl,BRE,6L,2013-11-22,pysystemtrade,globex
brl,BRE,6L,2013-11-25,pysystemtrade,globex
brl,BRE,6L,2013-11-26,pysystemtrade,globex
brl,BRE,6L,2013-11-27,pysystemtrade,globex
brl,BRE,6L,2013-11-29,pysystemtrade,globex
brl,BRE,6L,2013-12-02,pysystemtrade,globex
brl,BRE,6L,2013-12-03,pysystemtrade,globex
brl,BRE,6L,2013-12-04,pysystemtrade,globex
brl,BRE,6L,2013-12-05,pysystemtrade,globex
brl,BRE,6L,2013-12-06,pysystemtrade,globex
brl,BRE,6L,2013-12-09,pysystemtrade,globex
brl,BRE,6L,2013-12-10,pysystemtrade,globex
brl,BRE,6L,2013-12-11,pysystemtrade,globex
brl,BRE,6L,2013-12-12,pysystemtrade,globex
brl,BRE,6L,2013-12-13,pysystemtrade,globex
brl,BRE,6L,2013-12-16,pysystemtrade,globex
brl,BRE,6L,2013-12-17,pysystemtrade,globex
brl,BRE,6L,2013-12-18,pysystemtrade,globex
brl,BRE,6L,2013-12-19,pysystemtrade,globex
brl,BRE,6L,2013-12-20,pysystemtrade,globex
brl,BRE,6L,2013-12-23,pysystemtrade,globex
brl,BRE,6L,2013-12-24,pysystemtrade,globex
brl,BRE,6L,2013-12-26,pysystemtrade,globex
brl,BRE,6L,2013-12-27,pysystemtrade,globex
brl,BRE,6L,2013-12-30,pysystemtrade,globex
brl,BRE,6L,2013-12-31,pysystemtrade,globex
brl,BRE,6L,2014-01-02,pysystemtrade,globex
brl,BRE,6L,2014-01-03,pysystemtrade,globex
brl,BRE,6L,2014-01-06,pysystemtrade,globex
brl,BRE,6L,2014-01-07,pysystemtrade,globex
brl,BRE,6L,2014-01-08,pysystemtrade,globex
brl,BRE,6L,2014-01-09,pysystemtrade,globex
brl,BRE,6L,2014-01-10,pysystemtrade,globex
brl,BRE,6L,2014-01-13,pysystemtrade,globex
brl,BRE,6L,2014-01-14,pysystemtrade,globex
brl,BRE,6L,2014-01-15,pysystemtrade,globex
brl,BRE,6L,2014-01-16,pysystemtrade,globex
brl,BRE,6L,2014-01-17,pysystemtrade,globex
brl,BRE,6L,2014-01-21,pysystemtrade,globex
brl,BRE,6L,2014-01-22,pysystemtrade,globex
brl,BRE,6L,2014-01-23,pysystemtrade,globex
brl,BRE,6L,2014-01-24,pysystemtrade,globex
brl,BRE,6L,2014-01-27,pysystemtrade,globex
brl,BRE,6L,2014-01-28,pysystemtrade,globex
brl,BRE,6L,2014-01-29,pysystemtrade,globex
brl,BRE,6L,2014-01-30,pysystemtrade,globex
brl,BRE,6L,2014-01-31,pysystemtrade,globex
brl,BRE,6L,2014-02-03,pysystemtrade,globex
brl,BRE,6L,2014-02-04,pysystemtrade,globex
brl,BRE,6L,2014-02-05,pysystemtrade,globex
brl,BRE,6L,2014-02-06,pysystemtrade,globex
brl,BRE,6L,2014-02-07,pysystemtrade,globex
brl,BRE,6L,2014-02-10,pysystemtrade,globex
brl,BRE,6L,2014-02-11,pysystemtrade,globex
brl,BRE,6L,2014-02-12,pysystemtrade,globex
brl,BRE,6L,2014-02-13,pysystemtrade,globex
brl,BRE,6L,2014-02-14,pysystemtrade,globex
brl,BRE,6L,2014-02-18,pysystemtrade,globex
brl,BRE,6L,2014-02-19,pysystemtrade,globex
brl,BRE,6L,2014-02-20,pysystemtrade,globex
brl,BRE,6L,2014-02-21,pysystemtrade,globex
brl,BRE,6L,2014-02-24,pysystemtrade,globex
brl,BRE,6L,2014-02-25,pysystemtrade,globex
brl,BRE,6L,2014-02-26,pysystemtrade,globex
brl,BRE,6L,2014-02-27,pysystemtrade,globex
brl,BRE,6L,2014-02-28,pysystemtrade,globex
brl,BRE,6L,2014-03-03,pysystemtrade,globex
brl,BRE,6L,2014-03-04,pysystemtrade,globex
brl,BRE,6L,2014-03-05,pysystemtrade,globex
brl,BRE,6L,2014-03-06,pysystemtrade,globex
brl,BRE,6L,2014-03-07,pysystemtrade,globex
brl,BRE,6L,2014-03-10,pysystemtrade,globex
brl,BRE,6L,2014-03-11,pysystemtrade,globex
brl,BRE,6L,2014-03-12,pysystemtrade,globex
brl,BRE,6L,2014-03-13,pysystemtrade,globex
brl,BRE,6L,2014-03-14,pysystemtrade,globex
brl,BRE,6L,2014-03-17,pysystemtrade,globex
brl,BRE,6L,2014-03-18,pysystemtrade,globex
brl,BRE,6L,2014-03-19,pysystemtrade,globex
brl,BRE,6L,2014-03-20,pysystemtrade,globex
brl,BRE,6L,2014-03-21,pysystemtrade,globex
brl,BRE,6L,2014-03-24,pysystemtrade,globex
brl,BRE,6L,2014-03-25,pysystemtrade,globex
brl,BRE,6L,2014-03-26,pysystemtrade,globex
brl,BRE,6L,2014-03-27,pysystemtrade,globex
brl,BRE,6L,2014-03-28,pysystemtrade,globex
brl,BRE,6L,2014-03-31,pysystemtrade,globex
brl,BRE,6L,2014-04-01,pysystemtrade,globex
brl,BRE,6L,2014-04-02,pysystemtrade,globex
brl,BRE,6L,2014-04-03,pysystemtrade,globex
brl,BRE,6L,2014-04-04,pysystemtrade,globex
brl,BRE,6L,2014-04-07,pysystemtrade,globex
brl,BRE,6L,2014-04-08,pysystemtrade,globex
brl,BRE,6L,2014-04-09,pysystemtrade,globex
brl,BRE,6L,2014-04-10,pysystemtrade,globex
brl,BRE,6L,2014-04-11,pysystemtrade,globex
brl,BRE,6L,2014-04-14,pysystemtrade,globex
brl,BRE,6L,2014-04-15,pysystemtrade,globex
brl,BRE,6L,2014-04-16,pysystemtrade,globex
brl,BRE,6L,2014-04-17,pysystemtrade,globex
brl,BRE,6L,2014-04-21,pysystemtrade,globex
brl,BRE,6L,2014-04-22,pysystemtrade,globex
brl,BRE,6L,2014-04-23,pysystemtrade,globex
brl,BRE,6L,2014-04-24,pysystemtrade,globex
brl,BRE,6L,2014-04-25,pysystemtrade,globex
brl,BRE,6L,2014-04-28,pysystemtrade,globex
brl,BRE,6L,2014-04-29,pysystemtrade,globex
brl,BRE,6L,2014-04-30,pysystemtrade,globex
brl,BRE,6L,2014-05-01,pysystemtrade,globex
brl,BRE,6L,2014-05-02,pysystemtrade,globex
brl,BRE,6L,2014-05-05,pysystemtrade,globex
brl,BRE,6L,2014-05-06,pysystemtrade,globex
brl,BRE,6L,2014-05-07,pysystemtrade,globex
brl,BRE,6L,2014-05-08,pysystemtrade,globex
brl,BRE,6L,2014-05-09,pysystemtrade,globex
brl,BRE,6L,2014-05-12,pysystemtrade,globex
brl,BRE,6L,2014-05-13,pysystemtrade,globex
brl,BRE,6L,2014-05-14,pysystemtrade,globex
brl,BRE,6L,2014-05-15,pysystemtrade,globex
brl,BRE,6L,2014-05-16,pysystemtrade,globex
brl,BRE,6L,2014-05-19,pysystemtrade,globex
brl,BRE,6L,2014-05-20,pysystemtrade,globex
brl,BRE,6L,2014-05-21,pysystemtrade,globex
brl,BRE,6L,2014-05-22,pysystemtrade,globex
brl,BRE,6L,2014-05-23,pysystemtrade,globex
brl,BRE,6L,2014-05-27,pysystemtrade,globex
brl,BRE,6L,2014-05-28,pysystemtrade,globex
brl,BRE,6L,2014-05-29,pysystemtrade,globex
brl,BRE,6L,2014-05-30,pysystemtrade,globex
brl,BRE,6L,2014-06-02,pysystemtrade,globex
brl,BRE,6L,2014-06-03,pysystemtrade,globex
brl,BRE,6L,2014-06-04,pysystemtrade,globex
brl,BRE,6L,2014-06-05,pysystemtrade,globex
brl,BRE,6L,2014-06-06,pysystemtrade,globex
brl,BRE,6L,2014-06-09,pysystemtrade,globex
brl,BRE,6L,2014-06-10,pysystemtrade,globex
brl,BRE,6L,2014-06-11,pysystemtrade,globex
brl,BRE,6L,2014-06-12,pysystemtrade,globex
brl,BRE,6L,2014-06-13,pysystemtrade,globex
brl,BRE,6L,2014-06-16,pysystemtrade,globex
brl,BRE,6L,2014-06-17,pysystemtrade,globex
brl,BRE,6L,2014-06-18,pysystemtrade,globex
brl,BRE,6L,2014-06-19,pysystemtrade,globex
brl,BRE,6L,2014-06-20,pysystemtrade,globex
brl,BRE,6L,2014-06-23,pysystemtrade,globex
brl,BRE,6L,2014-06-24,pysystemtrade,globex
brl,BRE,6L,2014-06-25,pysystemtrade,globex
brl,BRE,6L,2014-06-26,pysystemtrade,globex
brl,BRE,6L,2014-06-27,pysystemtrade,globex
brl,BRE,6L,2014-06-30,pysystemtrade,globex
brl,BRE,6L,2014-07-01,pysystemtrade,globex
brl,BRE,6L,2014-07-02,pysystemtrade,globex
brl,BRE,6L,2014-07-03,pysystemtrade,globex
brl,BRE,6L,2014-07-07,pysystemtrade,globex
brl,BRE,6L,2014-07-08,pysystemtrade,globex
brl,BRE,6L,2014-07-09,pysystemtrade,globex
brl,BRE,6L,2014-07-10,pysystemtrade,globex
brl,BRE,6L,2014-07-11,pysystemtrade,globex
brl,BRE,6L,2014-07-14,pysystemtrade,globex
brl,BRE,6L,2014-07-15,pysystemtrade,globex
brl,BRE,6L,2014-07-16,pysystemtrade,globex
brl,BRE,6L,2014-07-17,pysystemtrade,globex
brl,BRE,6L,2014-07-18,pysystemtrade,globex
brl,BRE,6L,2014-07-21,pysystemtrade,globex
brl,BRE,6L,2014-07-22,pysystemtrade,globex
brl,BRE,6L,2014-07-23,pysystemtrade,globex
brl,BRE,6L,2014-07-24,pysystemtrade,globex
brl,BRE,6L,2014-07-25,pysystemtrade,globex
brl,BRE,6L,2014-07-28,pysystemtrade,globex
brl,BRE,6L,2014-07-29,pysystemtrade,globex
brl,BRE,6L,2014-07-30,pysystemtrade,globex
brl,BRE,6L,2014-07-31,pysystemtrade,globex
brl,BRE,6L,2014-08-01,pysystemtrade,globex
brl,BRE,6L,2014-08-04,pysystemtrade,globex
brl,BRE,6L,2014-08-05,pysystemtrade,globex
brl,BRE,6L,2014-08-06,pysystemtrade,globex
brl,BRE,6L,2014-08-07,pysystemtrade,globex
brl,BRE,6L,2014-08-08,pysystemtrade,globex
brl,BRE,6L,2014-08-11,pysystemtrade,globex
brl,BRE,6L,2014-08-12,pysystemtrade,globex
brl,BRE,6L,2014-08-13,pysystemtrade,globex
brl,BRE,6L,2014-08-14,pysystemtrade,globex
brl,BRE,6L,2014-08-15,pysystemtrade,globex
brl,BRE,6L,2014-08-18,pysystemtrade,globex
brl,BRE,6L,2014-08-19,pysystemtrade,globex
brl,BRE,6L,2014-08-20,pysystemtrade,globex
brl,BRE,6L,2014-08-21,pysystemtrade,globex
brl,BRE,6L,2014-08-22,pysystemtrade,globex
brl,BRE,6L,2014-08-25,pysystemtrade,globex
brl,BRE,6L,2014-08-26,pysystemtrade,globex
brl,BRE,6L,2014-08-27,pysystemtrade,globex
brl,BRE,6L,2014-08-28,pysystemtrade,globex
brl,BRE,6L,2014-08-29,pysystemtrade,globex
brl,BRE,6L,2014-09-02,pysystemtrade,globex
brl,BRE,6L,2014-09-03,pysystemtrade,globex
brl,BRE,6L,2014-09-04,pysystemtrade,globex
brl,BRE,6L,2014-09-05,pysystemtrade,globex
brl,BRE,6L,2014-09-08,pysystemtrade,globex
brl,BRE,6L,2014-09-09,pysystemtrade,globex
brl,BRE,6L,2014-09-10,pysystemtrade,globex
brl,BRE,6L,2014-09-11,pysystemtrade,globex
brl,BRE,6L,2014-09-12,pysystemtrade,globex
brl,BRE,6L,2014-09-15,pysystemtrade,globex
brl,BRE,6L,2014-09-16,pysystemtrade,globex
brl,BRE,6L,2014-09-17,pysystemtrade,globex
brl,BRE,6L,2014-09-18,pysystemtrade,globex
brl,BRE,6L,2014-09-19,pysystemtrade,globex
brl,BRE,6L,2014-09-22,pysystemtrade,globex
brl,BRE,6L,2014-09-23,pysystemtrade,globex
brl,BRE,6L,2014-09-24,pysystemtrade,globex
brl,BRE,6L,2014-09-25,pysystemtrade,globex
brl,BRE,6L,2014-09-26,pysystemtrade,globex
brl,BRE,6L,2014-09-29,pysystemtrade,globex
brl,BRE,6L,2014-09-30,pysystemtrade,globex
brl,BRE,6L,2014-10-01,pysystemtrade,globex
brl,BRE,6L,2014-10-02,pysystemtrade,globex
brl,BRE,6L,2014-10-03,pysystemtrade,globex
brl,BRE,6L,2014-10-06,pysystemtrade,globex
brl,BRE,6L,2014-10-07,pysystemtrade,globex
brl,BRE,6L,2014-10-08,pysystemtrade,globex
brl,BRE,6L,2014-10-09,pysystemtrade,globex
brl,BRE,6L,2014-10-10,pysystemtrade,globex
brl,BRE,6L,2014-10-13,pysystemtrade,globex
brl,BRE,6L,2014-10-14,pysystemtrade,globex
brl,BRE,6L,2014-10-15,pysystemtrade,globex
brl,BRE,6L,2014-10-16,pysystemtrade,globex
brl,BRE,6L,2014-10-17,pysystemtrade,globex
brl,BRE,6L,2014-10-20,pysystemtrade,globex
brl,BRE,6L,2014-10-21,pysystemtrade,globex
brl,BRE,6L,2014-10-22,pysystemtrade,globex
brl,BRE,6L,2014-10-23,pysystemtrade,globex
brl,BRE,6L,2014-10-24,pysystemtrade,globex
brl,BRE,6L,2014-10-27,pysystemtrade,globex
brl,BRE,6L,2014-10-28,pysystemtrade,globex
brl,BRE,6L,2014-10-29,pysystemtrade,globex
brl,BRE,6L,2014-10-30,pysystemtrade,globex
brl,BRE,6L,2014-10-31,pysystemtrade,globex
brl,BRE,6L,2014-11-03,pysystemtrade,globex
brl,BRE,6L,2014-11-04,pysystemtrade,globex
brl,BRE,6L,2014-11-05,pysystemtrade,globex
brl,BRE,6L,2014-11-06,pysystemtrade,globex
brl,BRE,6L,2014-11-07,pysystemtrade,globex
brl,BRE,6L,2014-11-10,pysystemtrade,globex
brl,BRE,6L,2014-11-11,pysystemtrade,globex
brl,BRE,6L,2014-11-12,pysystemtrade,globex
brl,BRE,6L,2014-11-13,pysystemtrade,globex
brl,BRE,6L,2014-11-14,pysystemtrade,globex
brl,BRE,6L,2014-11-17,pysystemtrade,globex
brl,BRE,6L,2014-11-18,pysystemtrade,globex
brl,BRE,6L,2014-11-19,pysystemtrade,globex
brl,BRE,6L,2014-11-20,pysystemtrade,globex
brl,BRE,6L,2014-11-21,pysystemtrade,globex
brl,BRE,6L,2014-11-24,pysystemtrade,globex
brl,BRE,6L,2014-11-25,pysystemtrade,globex
brl,BRE,6L,2014-11-26,pysystemtrade,globex
brl,BRE,6L,2014-11-28,pysystemtrade,globex
brl,BRE,6L,2014-12-01,pysystemtrade,globex
brl,BRE,6L,2014-12-02,pysystemtrade,globex
brl,BRE,6L,2014-12-03,pysystemtrade,globex
brl,BRE,6L,2014-12-04,pysystemtrade,globex
brl,BRE,6L,2014-12-05,pysystemtrade,globex
brl,BRE,6L,2014-12-08,pysystemtrade,globex
brl,BRE,6L,2014-12-09,pysystemtrade,globex
brl,BRE,6L,2014-12-10,pysystemtrade,globex
brl,BRE,6L,2014-12-11,pysystemtrade,globex
brl,BRE,6L,2014-12-12,pysystemtrade,globex
brl,BRE,6L,2014-12-15,pysystemtrade,globex
brl,BRE,6L,2014-12-16,pysystemtrade,globex
brl,BRE,6L,2014-12-17,pysystemtrade,globex
brl,BRE,6L,2014-12-18,pysystemtrade,globex
brl,BRE,6L,2014-12-19,pysystemtrade,globex
brl,BRE,6L,2014-12-22,pysystemtrade,globex
brl,BRE,6L,2014-12-23,pysystemtrade,globex
brl,BRE,6L,2014-12-24,pysystemtrade,globex
brl,BRE,6L,2014-12-26,pysystemtrade,globex
brl,BRE,6L,2014-12-29,pysystemtrade,globex
brl,BRE,6L,2014-12-30,pysystemtrade,globex
brl,BRE,6L,2014-12-31,pysystemtrade,globex
brl,BRE,6L,2015-01-02,pysystemtrade,globex
brl,BRE,6L,2015-01-05,pysystemtrade,globex
brl,BRE,6L,2015-01-06,pysystemtrade,globex
brl,BRE,6L,2015-01-07,pysystemtrade,globex
brl,BRE,6L,2015-01-08,pysystemtrade,globex
brl,BRE,6L,2015-01-09,pysystemtrade,globex
brl,BRE,6L,2015-01-12,pysystemtrade,globex
brl,BRE,6L,2015-01-13,pysystemtrade,globex
brl,BRE,6L,2015-01-14,pysystemtrade,globex
brl,BRE,6L,2015-01-15,pysystemtrade,globex
brl,BRE,6L,2015-01-16,pysystemtrade,globex
brl,BRE,6L,2015-01-20,pysystemtrade,globex
brl,BRE,6L,2015-01-21,pysystemtrade,globex
brl,BRE,6L,2015-01-22,pysystemtrade,globex
brl,BRE,6L,2015-01-23,pysystemtrade,globex
brl,BRE,6L,2015-01-26,pysystemtrade,globex
brl,BRE,6L,2015-01-27,pysystemtrade,globex
brl,BRE,6L,2015-01-28,pysystemtrade,globex
brl,BRE,6L,2015-01-29,pysystemtrade,globex
brl,BRE,6L,2015-01-30,pysystemtrade,globex
brl,BRE,6L,2015-02-02,pysystemtrade,globex
brl,BRE,6L,2015-02-03,pysystemtrade,globex
brl,BRE,6L,2015-02-04,pysystemtrade,globex
brl,BRE,6L,2015-02-05,pysystemtrade,globex
brl,BRE,6L,2015-02-06,pysystemtrade,globex
brl,BRE,6L,2015-02-09,pysystemtrade,globex
brl,BRE,6L,2015-02-10,pysystemtrade,globex
brl,BRE,6L,2015-02-11,pysystemtrade,globex
brl,BRE,6L,2015-02-12,pysystemtrade,globex
brl,BRE,6L,2015-02-13,pysystemtrade,globex
brl,BRE,6L,2015-02-17,pysystemtrade,globex
brl,BRE,6L,2015-02-18,pysystemtrade,globex
brl,BRE,6L,2015-02-19,pysystemtrade,globex
brl,BRE,6L,2015-02-20,pysystemtrade,globex
brl,BRE,6L,2015-02-23,pysystemtrade,globex
brl,BRE,6L,2015-02-24,pysystemtrade,globex
brl,BRE,6L,2015-02-25,pysystemtrade,globex
brl,BRE,6L,2015-02-26,pysystemtrade,globex
brl,BRE,6L,2015-02-27,pysystemtrade,globex
brl,BRE,6L,2015-03-02,pysystemtrade,globex
brl,BRE,6L,2015-03-03,pysystemtrade,globex
brl,BRE,6L,2015-03-04,pysystemtrade,globex
brl,BRE,6L,2015-03-05,pysystemtrade,globex
brl,BRE,6L,2015-03-06,pysystemtrade,globex
brl,BRE,6L,2015-03-09,pysystemtrade,globex
brl,BRE,6L,2015-03-10,pysystemtrade,globex
brl,BRE,6L,2015-03-11,pysystemtrade,globex
brl,BRE,6L,2015-03-12,pysystemtrade,globex
brl,BRE,6L,2015-03-13,pysystemtrade,globex
brl,BRE,6L,2015-03-16,pysystemtrade,globex
brl,BRE,6L,2015-03-17,pysystemtrade,globex
brl,BRE,6L,2015-03-18,pysystemtrade,globex
brl,BRE,6L,2015-03-19,pysystemtrade,globex
brl,BRE,6L,2015-03-20,pysystemtrade,globex
brl,BRE,6L,2015-03-23,pysystemtrade,globex
brl,BRE,6L,2015-03-24,pysystemtrade,globex
brl,BRE,6L,2015-03-25,pysystemtrade,globex
brl,BRE,6L,2015-03-26,pysystemtrade,globex
brl,BRE,6L,2015-03-27,pysystemtrade,globex
brl,BRE,6L,2015-03-30,pysystemtrade,globex
brl,BRE,6L,2015-03-31,pysystemtrade,globex
brl,BRE,6L,2015-04-01,pysystemtrade,globex
brl,BRE,6L,2015-04-02,pysystemtrade,globex
brl,BRE,6L,2015-04-03,pysystemtrade,globex
brl,BRE,6L,2015-04-06,pysystemtrade,globex
brl,BRE,6L,2015-04-07,pysystemtrade,globex
brl,BRE,6L,2015-04-08,pysystemtrade,globex
brl,BRE,6L,2015-04-09,pysystemtrade,globex
brl,BRE,6L,2015-04-10,pysystemtrade,globex
brl,BRE,6L,2015-04-13,pysystemtrade,globex
brl,BRE,6L,2015-04-14,pysystemtrade,globex
brl,BRE,6L,2015-04-15,pysystemtrade,globex
brl,BRE,6L,2015-04-16,pysystemtrade,globex
brl,BRE,6L,2015-04-17,pysystemtrade,globex
brl,BRE,6L,2015-04-20,pysystemtrade,globex
brl,BRE,6L,2015-04-21,pysystemtrade,globex
brl,BRE,6L,2015-04-22,pysystemtrade,globex
brl,BRE,6L,2015-04-23,pysystemtrade,globex
brl,BRE,6L,2015-04-24,pysystemtrade,globex
brl,BRE,6L,2015-04-27,pysystemtrade,globex
brl,BRE,6L,2015-04-28,pysystemtrade,globex
brl,BRE,6L,2015-04-29,pysystemtrade,globex
brl,BRE,6L,2015-04-30,pysystemtrade,globex
brl,BRE,6L,2015-05-01,pysystemtrade,globex
brl,BRE,6L,2015-05-04,pysystemtrade,globex
brl,BRE,6L,2015-05-05,pysystemtrade,globex
brl,BRE,6L,2015-05-06,pysystemtrade,globex
brl,BRE,6L,2015-05-07,pysystemtrade,globex
brl,BRE,6L,2015-05-08,pysystemtrade,globex
brl,BRE,6L,2015-05-11,pysystemtrade,globex
brl,BRE,6L,2015-05-12,pysystemtrade,globex
brl,BRE,6L,2015-05-13,pysystemtrade,globex
brl,BRE,6L,2015-05-14,pysystemtrade,globex
brl,BRE,6L,2015-05-15,pysystemtrade,globex
brl,BRE,6L,2015-05-18,pysystemtrade,globex
brl,BRE,6L,2015-05-19,pysystemtrade,globex
brl,BRE,6L,2015-05-20,pysystemtrade,globex
brl,BRE,6L,2015-05-21,pysystemtrade,globex
brl,BRE,6L,2015-05-22,pysystemtrade,globex
brl,BRE,6L,2015-05-26,pysystemtrade,globex
brl,BRE,6L,2015-05-27,pysystemtrade,globex
brl,BRE,6L,2015-05-28,pysystemtrade,globex
brl,BRE,6L,2015-05-29,pysystemtrade,globex
brl,BRE,6L,2015-06-01,pysystemtrade,globex
brl,BRE,6L,2015-06-02,pysystemtrade,globex
brl,BRE,6L,2015-06-03,pysystemtrade,globex
brl,BRE,6L,2015-06-04,pysystemtrade,globex
brl,BRE,6L,2015-06-05,pysystemtrade,globex
brl,BRE,6L,2015-06-08,pysystemtrade,globex
brl,BRE,6L,2015-06-09,pysystemtrade,globex
brl,BRE,6L,2015-06-10,pysystemtrade,globex
brl,BRE,6L,2015-06-11,pysystemtrade,globex
brl,BRE,6L,2015-06-12,pysystemtrade,globex
brl,BRE,6L,2015-06-15,pysystemtrade,globex
brl,BRE,6L,2015-06-16,pysystemtrade,globex
brl,BRE,6L,2015-06-17,pysystemtrade,globex
brl,BRE,6L,2015-06-18,pysystemtrade,globex
brl,BRE,6L,2015-06-19,pysystemtrade,globex
brl,BRE,6L,2015-06-22,pysystemtrade,globex
brl,BRE,6L,2015-06-23,pysystemtrade,globex
brl,BRE,6L,2015-06-24,pysystemtrade,globex
brl,BRE,6L,2015-06-25,pysystemtrade,globex
brl,BRE,6L,2015-06-26,pysystemtrade,globex
brl,BRE,6L,2015-06-29,pysystemtrade,globex
brl,BRE,6L,2015-06-30,pysystemtrade,globex
brl,BRE,6L,2015-07-01,pysystemtrade,globex
brl,BRE,6L,2015-07-02,pysystemtrade,globex
brl,BRE,6L,2015-07-06,pysystemtrade,globex
brl,BRE,6L,2015-07-07,pysystemtrade,globex
brl,BRE,6L,2015-07-08,pysystemtrade,globex
brl,BRE,6L,2015-07-09,pysystemtrade,globex
brl,BRE,6L,2015-07-10,pysystemtrade,globex
brl,BRE,6L,2015-07-13,pysystemtrade,globex
brl,BRE,6L,2015-07-14,pysystemtrade,globex
brl,BRE,6L,2015-07-15,pysystemtrade,globex
brl,BRE,6L,2015-07-16,pysystemtrade,globex
brl,BRE,6L,2015-07-17,pysystemtrade,globex
brl,BRE,6L,2015-07-20,pysystemtrade,globex
brl,BRE,6L,2015-07-21,pysystemtrade,globex
brl,BRE,6L,2015-07-22,pysystemtrade,globex
brl,BRE,6L,2015-07-23,pysystemtrade,globex
brl,BRE,6L,2015-07-24,pysystemtrade,globex
brl,BRE,6L,2015-07-27,pysystemtrade,globex
brl,BRE,6L,2015-07-28,pysystemtrade,globex
brl,BRE,6L,2015-07-29,pysystemtrade,globex
brl,BRE,6L,2015-07-30,pysystemtrade,globex
brl,BRE,6L,2015-07-31,pysystemtrade,globex
brl,BRE,6L,2015-08-03,pysystemtrade,globex
brl,BRE,6L,2015-08-04,pysystemtrade,globex
brl,BRE,6L,2015-08-05,pysystemtrade,globex
brl,BRE,6L,2015-11-26,globex,pysystemtrade
brl,BRE,6L,2016-01-18,globex,pysystemtrade
brl,BRE,6L,2016-02-15,globex,pysystemtrade
brl,BRE,6L,2016-05-30,globex,pysystemtrade
brl,BRE,6L,2016-07-04,globex,pysystemtrade
brl,BRE,6L,2016-09-05,globex,pysystemtrade
brl,BRE,6L,2016-11-24,globex,pysystemtrade
brl,BRE,6L,2017-01-02,globex,pysystemtrade
brl,BRE,6L,2017-01-16,globex,pysystemtrade
brl,BRE,6L,2017-02-20,globex,pysystemtrade
brl,BRE,6L,2017-05-29,globex,pysystemtrade
brl,BRE,6L,2017-07-04,globex,pysystemtrade
brl,BRE,6L,2017-09-04,globex,pysystemtrade
brl,BRE,6L,2017-11-23,globex,pysystemtrade
brl,BRE,6L,2021-09-06,globex,pysystemtrade
brl,BRE,6L,2021-11-25,globex,pysystemtrade
brl,BRE,6L,2022-12-26,globex,pysystemtrade
brl,BRE,6L,2023-01-02,globex,pysystemtrade
brl,BRE,6L,2023-04-07,globex,pysystemtrade
brl,BRE,6L,2023-12-25,globex,pysystemtrade
brl,BRE,6L,2024-01-01,globex,pysystemtrade
