canonical_market_id,carver_instrument,globex_asset,carver_roll_date,carver_from_contract,carver_to_contract,nearest_globex_roll_date,globex_from_contract,globex_to_contract,roll_date_distance_days
sp500,SP500,ES,2010-06-14,20100600,20100900,2010-06-11,20100600,20100900,3
sp500,SP500,ES,2010-09-14,20100900,20101200,2010-09-10,20100900,20101200,4
sp500,SP500,ES,2010-12-14,20101200,20110300,2010-12-10,20101200,20110300,4
sp500,SP500,ES,2011-03-14,20110300,20110600,2011-03-11,20110300,20110600,3
sp500,SP500,ES,2011-06-14,20110600,20110900,2011-06-10,20110600,20110900,4
sp500,SP500,ES,2011-09-13,20110900,20111200,2011-09-09,20110900,20111200,4
sp500,SP500,ES,2011-12-13,20111200,20120300,2011-12-09,20111200,20120300,4
sp500,SP500,ES,2012-03-13,20120300,20120600,2012-03-09,20120300,20120600,4
sp500,SP500,ES,2012-06-13,20120600,20120900,2012-06-08,20120600,20120900,5
sp500,SP500,ES,2012-09-12,20120900,20121200,2012-09-14,20120900,20121200,2
sp500,SP500,ES,2012-12-12,20121200,20130300,2012-12-14,20121200,20130300,2
sp500,SP500,ES,2013-03-13,20130300,20130600,2013-03-08,20130300,20130600,5
sp500,SP500,ES,2013-06-12,20130600,20130900,2013-06-14,20130600,20130900,2
sp500,SP500,ES,2013-09-12,20130900,20131200,2013-09-13,20130900,20131200,1
sp500,SP500,ES,2013-12-12,20131200,20140300,2013-12-13,20131200,20140300,1
sp500,SP500,ES,2014-03-12,20140300,20140600,2014-03-14,20140300,20140600,2
sp500,SP500,ES,2014-06-12,20140600,20140900,2014-06-16,20140600,20140900,4
sp500,SP500,ES,2014-09-12,20140900,20141200,2014-09-12,20140900,20141200,0
sp500,SP500,ES,2014-12-12,20141200,20150300,2014-12-12,20141200,20150300,0
sp500,SP500,ES,2015-03-12,20150300,20150600,2015-03-13,20150300,20150600,1
sp500,SP500,ES,2015-06-12,20150600,20150900,2015-06-12,20150600,20150900,0
sp500,SP500,ES,2015-09-14,20150900,20151200,2015-09-11,20150900,20151200,3
sp500,SP500,ES,2015-12-14,20151200,20160300,2015-12-11,20151200,20160300,3
sp500,SP500,ES,2016-03-14,20160300,20160600,2016-03-11,20160300,20160600,3
sp500,SP500,ES,2016-06-14,20160600,20160900,2016-06-10,20160600,20160900,4
sp500,SP500,ES,2016-09-13,20160900,20161200,2016-09-09,20160900,20161200,4
sp500,SP500,ES,2016-12-13,20161200,20170300,2016-12-09,20161200,20170300,4
sp500,SP500,ES,2017-03-14,20170300,20170600,2017-03-10,20170300,20170600,4
sp500,SP500,ES,2017-06-13,20170600,20170900,2017-06-09,20170600,20170900,4
sp500,SP500,ES,2017-09-13,20170900,20171200,2017-09-08,20170900,20171200,5
sp500,SP500,ES,2017-12-13,20171200,20180300,2017-12-08,20171200,20180300,5
sp500,SP500,ES,2018-03-13,20180300,20180600,2018-03-12,20180300,20180600,1
sp500,SP500,ES,2018-06-12,20180600,20180900,2018-06-11,20180600,20180900,1
sp500,SP500,ES,2018-09-11,20180900,20181200,2018-09-14,20180900,20181200,3
sp500,SP500,ES,2018-12-14,20181200,20190300,2018-12-14,20181200,20190300,0
sp500,SP500,ES,2019-03-12,20190300,20190600,2019-03-08,20190300,20190600,4
sp500,SP500,ES,2019-06-11,20190600,20190900,2019-06-14,20190600,20190900,3
sp500,SP500,ES,2019-09-11,20190900,20191200,2019-09-13,20190900,20191200,2
sp500,SP500,ES,2019-12-10,20191200,20200300,2019-12-13,20191200,20200300,3
sp500,SP500,ES,2020-03-10,20200300,20200600,2020-03-16,20200300,20200600,6
sp500,SP500,ES,2020-06-10,20200600,20200900,2020-06-15,20200600,20200900,5
sp500,SP500,ES,2020-09-10,20200900,20201200,2020-09-11,20200900,20201200,1
sp500,SP500,ES,2020-12-10,20201200,20210300,2020-12-11,20201200,20210300,1
sp500,SP500,ES,2021-03-10,20210300,20210600,2021-03-12,20210300,20210600,2
sp500,SP500,ES,2021-06-10,20210600,20210900,2021-06-11,20210600,20210900,1
sp500,SP500,ES,2021-09-10,20210900,20211200,2021-09-10,20210900,20211200,0
sp500,SP500,ES,2021-12-13,20211200,20220300,2021-12-10,20211200,20220300,3
sp500,SP500,ES,2022-03-08,20220300,20220600,2022-03-11,20220300,20220600,3
sp500,SP500,ES,2022-06-10,20220600,20220900,2022-06-13,20220600,20220900,3
sp500,SP500,ES,2022-09-02,20220900,20221200,2022-09-12,20220900,20221200,10
sp500,SP500,ES,2022-12-13,20221200,20230300,2022-12-12,20221200,20230300,1
sp500,SP500,ES,2023-03-02,20230300,20230600,2023-03-13,20230300,20230600,11
sp500,SP500,ES,2023-05-26,20230600,20230900,2023-06-12,20230600,20230900,17
sp500,SP500,ES,2023-09-06,20230900,20231200,2023-09-11,20230900,20231200,5
sp500,SP500,ES,2023-12-08,20231200,20240300,2023-12-11,20231200,20240300,3
sp500,SP500,ES,2024-03-14,20240300,20240600,2024-03-11,20240300,20240600,3
nasdaq,NASDAQ,NQ,2010-06-14,20100600,20100900,2010-06-11,20100600,20100900,3
nasdaq,NASDAQ,NQ,2010-09-14,20100900,20101200,2010-09-10,20100900,20101200,4
nasdaq,NASDAQ,NQ,2010-12-14,20101200,20110300,2010-12-10,20101200,20110300,4
nasdaq,NASDAQ,NQ,2011-03-14,20110300,20110600,2011-03-11,20110300,20110600,3
nasdaq,NASDAQ,NQ,2011-06-14,20110600,20110900,2011-06-10,20110600,20110900,4
nasdaq,NASDAQ,NQ,2011-09-13,20110900,20111200,2011-09-09,20110900,20111200,4
nasdaq,NASDAQ,NQ,2011-12-13,20111200,20120300,2011-12-09,20111200,20120300,4
nasdaq,NASDAQ,NQ,2012-03-13,20120300,20120600,2012-03-09,20120300,20120600,4
nasdaq,NASDAQ,NQ,2012-06-13,20120600,20120900,2012-06-08,20120600,20120900,5
nasdaq,NASDAQ,NQ,2012-09-12,20120900,20121200,2012-09-14,20120900,20121200,2
nasdaq,NASDAQ,NQ,2012-12-12,20121200,20130300,2012-12-14,20121200,20130300,2
nasdaq,NASDAQ,NQ,2013-03-13,20130300,20130600,2013-03-08,20130300,20130600,5
nasdaq,NASDAQ,NQ,2013-06-12,20130600,20130900,2013-06-14,20130600,20130900,2
nasdaq,NASDAQ,NQ,2013-09-12,20130900,20131200,2013-09-13,20130900,20131200,1
nasdaq,NASDAQ,NQ,2013-12-12,20131200,20140300,2013-12-13,20131200,20140300,1
nasdaq,NASDAQ,NQ,2014-03-12,20140300,20140600,2014-03-14,20140300,20140600,2
nasdaq,NASDAQ,NQ,2014-06-12,20140600,20140900,2014-06-16,20140600,20140900,4
nasdaq,NASDAQ,NQ,2014-09-12,20140900,20141200,2014-09-12,20140900,20141200,0
nasdaq,NASDAQ,NQ,2014-12-12,20141200,20150300,2014-12-12,20141200,20150300,0
nasdaq,NASDAQ,NQ,2015-03-12,20150300,20150600,2015-03-13,20150300,20150600,1
nasdaq,NASDAQ,NQ,2015-06-12,20150600,20150900,2015-06-12,20150600,20150900,0
nasdaq,NASDAQ,NQ,2015-09-14,20150900,20151200,2015-09-11,20150900,20151200,3
nasdaq,NASDAQ,NQ,2015-12-14,20151200,20160300,2015-12-11,20151200,20160300,3
nasdaq,NASDAQ,NQ,2016-03-14,20160300,20160600,2016-03-11,20160300,20160600,3
nasdaq,NASDAQ,NQ,2016-06-14,20160600,20160900,2016-06-10,20160600,20160900,4
nasdaq,NASDAQ,NQ,2016-09-12,20160900,20161200,2016-09-09,20160900,20161200,3
nasdaq,NASDAQ,NQ,2016-12-13,20161200,20170300,2016-12-09,20161200,20170300,4
nasdaq,NASDAQ,NQ,2017-03-14,20170300,20170600,2017-03-10,20170300,20170600,4
nasdaq,NASDAQ,NQ,2017-06-13,20170600,20170900,2017-06-09,20170600,20170900,4
nasdaq,NASDAQ,NQ,2017-09-13,20170900,20171200,2017-09-08,20170900,20171200,5
nasdaq,NASDAQ,NQ,2017-12-13,20171200,20180300,2017-12-08,20171200,20180300,5
nasdaq,NASDAQ,NQ,2018-03-13,20180300,20180600,2018-03-09,20180300,20180600,4
nasdaq,NASDAQ,NQ,2018-06-12,20180600,20180900,2018-06-08,20180600,20180900,4
nasdaq,NASDAQ,NQ,2018-09-10,20180900,20181200,2018-09-14,20180900,20181200,4
nasdaq,NASDAQ,NQ,2018-12-10,20181200,20190300,2018-12-14,20181200,20190300,4
nasdaq,NASDAQ,NQ,2019-03-11,20190300,20190600,2019-03-08,20190300,20190600,3
nasdaq,NASDAQ,NQ,2019-06-10,20190600,20190900,2019-06-14,20190600,20190900,4
nasdaq,NASDAQ,NQ,2019-09-10,20190900,20191200,2019-09-13,20190900,20191200,3
nasdaq,NASDAQ,NQ,2019-12-10,20191200,20200300,2019-12-13,20191200,20200300,3
nasdaq,NASDAQ,NQ,2020-03-10,20200300,20200600,2020-03-16,20200300,20200600,6
nasdaq,NASDAQ,NQ,2020-06-11,20200600,20200900,2020-06-15,20200600,20200900,4
nasdaq,NASDAQ,NQ,2020-09-04,20200900,20201200,2020-09-14,20200900,20201200,10
nasdaq,NASDAQ,NQ,2020-12-11,20201200,20210300,2020-12-14,20201200,20210300,3
nasdaq,NASDAQ,NQ,2021-03-15,20210300,20210600,2021-03-15,20210300,20210600,0
nasdaq,NASDAQ,NQ,2021-06-10,20210600,20210900,2021-06-14,20210600,20210900,4
nasdaq,NASDAQ,NQ,2021-09-13,20210900,20211200,2021-09-13,20210900,20211200,0
nasdaq,NASDAQ,NQ,2021-12-10,20211200,20220300,2021-12-10,20211200,20220300,0
nasdaq,NASDAQ,NQ,2022-03-08,20220300,20220600,2022-03-14,20220300,20220600,6
nasdaq,NASDAQ,NQ,2022-06-10,20220600,20220900,2022-06-13,20220600,20220900,3
nasdaq,NASDAQ,NQ,2022-09-02,20220900,20221200,2022-09-12,20220900,20221200,10
nasdaq,NASDAQ,NQ,2022-12-06,20221200,20230300,2022-12-12,20221200,20230300,6
nasdaq,NASDAQ,NQ,2023-03-02,20230300,20230600,2023-03-13,20230300,20230600,11
nasdaq,NASDAQ,NQ,2023-05-26,20230600,20230900,2023-06-12,20230600,20230900,17
nasdaq,NASDAQ,NQ,2023-09-06,20230900,20231200,2023-09-11,20230900,20231200,5
nasdaq,NASDAQ,NQ,2023-12-08,20231200,20240300,2023-12-11,20231200,20240300,3
nasdaq,NASDAQ,NQ,2024-03-14,20240300,20240600,2024-03-11,20240300,20240600,3
crude_wti,CRUDE_W,CL,2010-10-14,20101200,20111200,2010-10-18,20101000,20101100,4
crude_wti,CRUDE_W,CL,2011-10-14,20111200,20121200,2011-10-18,20111000,20111100,4
crude_wti,CRUDE_W,CL,2012-10-16,20121200,20131200,2012-10-19,20121000,20121100,3
crude_wti,CRUDE_W,CL,2013-10-11,20131200,20141200,2013-10-18,20131000,20131100,7
crude_wti,CRUDE_W,CL,2014-10-09,20141200,20151200,2014-10-17,20141000,20141100,8
crude_wti,CRUDE_W,CL,2015-10-14,20151200,20161200,2015-10-16,20151000,20151100,2
crude_wti,CRUDE_W,CL,2016-10-14,20161200,20171200,2016-10-18,20161000,20161100,4
crude_wti,CRUDE_W,CL,2017-10-13,20171200,20181200,2017-10-18,20171000,20171100,5
crude_wti,CRUDE_W,CL,2018-10-15,20181200,20191200,2018-10-18,20181000,20181100,3
crude_wti,CRUDE_W,CL,2019-10-14,20191200,20201200,2019-10-18,20191000,20191100,4
crude_wti,CRUDE_W,CL,2020-09-14,20201200,20211200,2020-09-18,20200900,20201000,4
crude_wti,CRUDE_W,CL,2021-10-12,20211200,20221200,2021-10-18,20211000,20211100,6
crude_wti,CRUDE_W,CL,2022-09-30,20221200,20231200,2022-09-16,20220900,20221000,14
crude_wti,CRUDE_W,CL,2023-09-22,20231200,20241200,2023-09-18,20230900,20231000,4
gold,GOLD,GC,2010-07-30,20100800,20101000,2010-07-29,20100800,20101200,1
gold,GOLD,GC,2010-09-30,20101000,20101200,2010-11-29,20101200,20110200,60
gold,GOLD,GC,2010-11-30,20101200,20110200,2010-11-29,20101200,20110200,1
gold,GOLD,GC,2011-02-01,20110200,20110400,2011-01-28,20110200,20110400,4
gold,GOLD,GC,2011-03-30,20110400,20110600,2011-03-30,20110400,20110600,0
gold,GOLD,GC,2011-06-01,20110600,20110800,2011-05-27,20110600,20110800,5
gold,GOLD,GC,2011-08-01,20110800,20111000,2011-07-28,20110800,20111200,4
gold,GOLD,GC,2011-09-29,20111000,20111200,2011-11-29,20111200,20120200,61
gold,GOLD,GC,2011-11-30,20111200,20120200,2011-11-29,20111200,20120200,1
gold,GOLD,GC,2012-01-31,20120200,20120400,2012-01-30,20120200,20120400,1
gold,GOLD,GC,2012-03-30,20120400,20120600,2012-03-29,20120400,20120600,1
gold,GOLD,GC,2012-05-31,20120600,20120800,2012-05-30,20120600,20120800,1
gold,GOLD,GC,2012-07-31,20120800,20121000,2012-07-30,20120800,20121200,1
gold,GOLD,GC,2012-10-01,20121000,20121200,2012-11-29,20121200,20130200,59
gold,GOLD,GC,2012-11-29,20121200,20130200,2012-11-29,20121200,20130200,0
gold,GOLD,GC,2013-01-30,20130200,20130400,2013-01-30,20130200,20130400,0
gold,GOLD,GC,2013-04-02,20130400,20130600,2013-03-27,20130400,20130600,6
gold,GOLD,GC,2013-05-30,20130600,20130800,2013-05-30,20130600,20130800,0
gold,GOLD,GC,2013-07-31,20130800,20131000,2013-07-30,20130800,20131200,1
gold,GOLD,GC,2013-09-30,20131000,20131200,2013-11-27,20131200,20140200,58
gold,GOLD,GC,2013-11-28,20131200,20140200,2013-11-27,20131200,20140200,1
gold,GOLD,GC,2014-01-30,20140200,20140400,2014-01-30,20140200,20140400,0
gold,GOLD,GC,2014-04-01,20140400,20140600,2014-03-28,20140400,20140600,4
gold,GOLD,GC,2014-05-30,20140600,20140800,2014-05-29,20140600,20140800,1
gold,GOLD,GC,2014-07-29,20140800,20141000,2014-07-30,20140800,20141200,1
gold,GOLD,GC,2014-09-30,20141000,20141200,2014-11-26,20141200,20150200,57
gold,GOLD,GC,2014-12-01,20141200,20150200,2014-11-26,20141200,20150200,5
gold,GOLD,GC,2015-01-30,20150200,20150400,2015-01-29,20150200,20150400,1
gold,GOLD,GC,2015-03-31,20150400,20150600,2015-03-30,20150400,20150600,1
gold,GOLD,GC,2015-06-01,20150600,20150800,2015-05-28,20150600,20150800,4
gold,GOLD,GC,2015-07-30,20150800,20151000,2015-07-30,20150800,20151200,0
gold,GOLD,GC,2015-09-30,20151000,20151200,2015-11-26,20151200,20160200,57
gold,GOLD,GC,2015-12-01,20151200,20160200,2015-11-26,20151200,20160200,5
gold,GOLD,GC,2016-02-01,20160200,20160400,2016-01-28,20160200,20160400,4
gold,GOLD,GC,2016-03-31,20160400,20160600,2016-03-29,20160400,20160600,2
gold,GOLD,GC,2016-06-01,20160600,20160800,2016-05-27,20160600,20160800,5
gold,GOLD,GC,2016-08-01,20160800,20161000,2016-07-28,20160800,20161200,4
gold,GOLD,GC,2016-09-29,20161000,20161200,2016-11-29,20161200,20170200,61
gold,GOLD,GC,2016-11-29,20161200,20170200,2016-11-29,20161200,20170200,0
gold,GOLD,GC,2017-01-31,20170200,20170400,2017-01-30,20170200,20170400,1
gold,GOLD,GC,2017-03-30,20170400,20170600,2017-03-30,20170400,20170600,0
gold,GOLD,GC,2017-05-31,20170600,20170800,2017-05-29,20170600,20170800,2
gold,GOLD,GC,2017-08-01,20170800,20171000,2017-07-28,20170800,20171200,4
gold,GOLD,GC,2017-09-29,20171000,20171200,2017-11-29,20171200,20180200,61
gold,GOLD,GC,2017-11-29,20171200,20180200,2017-11-29,20171200,20180200,0
gold,GOLD,GC,2018-01-31,20180200,20180400,2018-01-30,20180200,20180400,1
gold,GOLD,GC,2018-04-02,20180400,20180600,2018-03-27,20180400,20180600,6
gold,GOLD,GC,2018-05-31,20180600,20180800,2018-05-29,20180600,20180800,2
gold,GOLD,GC,2018-07-31,20180800,20181000,2018-07-30,20180800,20181200,1
gold,GOLD,GC,2018-09-28,20181000,20181200,2018-07-30,20180800,20181200,60
gold,GOLD,GC,2018-11-27,20181200,20190200,2018-11-29,20181200,20190200,2
gold,GOLD,GC,2019-01-28,20190200,20190400,2019-01-30,20190200,20190400,2
gold,GOLD,GC,2019-03-28,20190400,20190600,2019-03-27,20190400,20190600,1
gold,GOLD,GC,2019-05-28,20190600,20190800,2019-05-29,20190600,20190800,1
gold,GOLD,GC,2019-07-29,20190800,20191000,2019-07-30,20190800,20191200,1
gold,GOLD,GC,2019-09-27,20191000,20191200,2019-07-30,20190800,20191200,59
gold,GOLD,GC,2019-11-27,20191200,20200200,2019-11-27,20191200,20200200,0
gold,GOLD,GC,2020-01-28,20200200,20200400,2020-01-30,20200200,20200400,2
gold,GOLD,GC,2020-03-27,20200400,20200600,2020-03-27,20200400,20200600,0
gold,GOLD,GC,2020-05-29,20200600,20200800,2020-05-27,20200600,20200800,2
gold,GOLD,GC,2020-07-23,20200800,20201000,2020-07-30,20200800,20201200,7
gold,GOLD,GC,2020-09-15,20201000,20201200,2020-07-30,20200800,20201200,47
gold,GOLD,GC,2020-11-24,20201200,20210200,2020-11-26,20201200,20210200,2
gold,GOLD,GC,2021-01-12,20210200,20210400,2021-01-28,20210200,20210400,16
gold,GOLD,GC,2021-04-06,20210400,20210600,2021-03-29,20210400,20210600,8
gold,GOLD,GC,2021-05-19,20210600,20210800,2021-05-26,20210600,20210800,7
gold,GOLD,GC,2021-08-05,20210800,20211000,2021-07-29,20210800,20211200,7
gold,GOLD,GC,2021-09-21,20211000,20211200,2021-07-29,20210800,20211200,54
gold,GOLD,GC,2021-11-23,20211200,20220200,2021-11-26,20211200,20220200,3
gold,GOLD,GC,2022-01-19,20220200,20220400,2022-01-27,20220200,20220400,8
gold,GOLD,GC,2022-03-08,20220400,20220600,2022-03-29,20220400,20220600,21
gold,GOLD,GC,2022-05-23,20220600,20220800,2022-05-27,20220600,20220800,4
gold,GOLD,GC,2022-08-12,20220800,20221000,2022-07-28,20220800,20221200,15
gold,GOLD,GC,2022-09-02,20221000,20221200,2022-07-28,20220800,20221200,36
gold,GOLD,GC,2022-11-07,20221200,20230200,2022-11-29,20221200,20230200,22
gold,GOLD,GC,2023-01-06,20230200,20230400,2023-01-30,20230200,20230400,24
gold,GOLD,GC,2023-03-13,20230400,20230600,2023-03-29,20230400,20230600,16
gold,GOLD,GC,2023-05-19,20230600,20230800,2023-05-29,20230600,20230800,10
gold,GOLD,GC,2023-07-25,20230800,20231000,2023-07-28,20230800,20231200,3
gold,GOLD,GC,2023-09-18,20231000,20231200,2023-07-28,20230800,20231200,52
gold,GOLD,GC,2023-11-03,20231200,20240200,2023-11-28,20231200,20240200,25
gold,GOLD,GC,2023-12-19,20240200,20240400,2023-11-28,20231200,20240200,21
gold,GOLD,GC,2024-03-14,20240400,20240600,2024-03-26,20240400,20240600,12
silver,SILVER,SI,2010-06-08,20100700,20100900,2010-06-29,20100700,20100900,21
silver,SILVER,SI,2010-09-01,20100900,20101200,2010-08-27,20100900,20101200,5
silver,SILVER,SI,2010-11-30,20101200,20110300,2010-11-29,20101200,20110300,1
silver,SILVER,SI,2011-02-09,20110300,20110500,2011-02-25,20110300,20110500,16
silver,SILVER,SI,2011-04-11,20110500,20110700,2011-04-28,20110500,20110700,17
silver,SILVER,SI,2011-06-10,20110700,20110900,2011-06-29,20110700,20110900,19
silver,SILVER,SI,2011-09-01,20110900,20111200,2011-08-30,20110900,20111200,2
silver,SILVER,SI,2011-12-01,20111200,20120300,2011-11-29,20111200,20120300,2
silver,SILVER,SI,2012-02-09,20120300,20120500,2012-02-28,20120300,20120500,19
silver,SILVER,SI,2012-04-11,20120500,20120700,2012-04-27,20120500,20120700,16
silver,SILVER,SI,2012-06-11,20120700,20120900,2012-06-28,20120700,20120900,17
silver,SILVER,SI,2012-08-31,20120900,20121200,2012-08-30,20120900,20121200,1
silver,SILVER,SI,2012-11-30,20121200,20130300,2012-11-29,20121200,20130300,1
silver,SILVER,SI,2013-02-08,20130300,20130500,2013-02-27,20130300,20130500,19
silver,SILVER,SI,2013-04-11,20130500,20130700,2013-04-29,20130500,20130700,18
silver,SILVER,SI,2013-06-11,20130700,20130900,2013-06-27,20130700,20130900,16
silver,SILVER,SI,2013-08-30,20130900,20131200,2013-08-29,20130900,20131200,1
silver,SILVER,SI,2013-11-29,20131200,20140300,2013-11-27,20131200,20140300,2
silver,SILVER,SI,2014-02-07,20140300,20140500,2014-02-27,20140300,20140500,20
silver,SILVER,SI,2014-04-10,20140500,20140700,2014-04-29,20140500,20140700,19
silver,SILVER,SI,2014-06-16,20140700,20140900,2014-06-27,20140700,20140900,11
silver,SILVER,SI,2014-09-01,20140900,20141200,2014-08-28,20140900,20141200,4
silver,SILVER,SI,2014-11-28,20141200,20150300,2014-11-26,20141200,20150300,2
silver,SILVER,SI,2015-02-09,20150300,20150500,2015-02-26,20150300,20150500,17
silver,SILVER,SI,2015-04-10,20150500,20150700,2015-04-29,20150500,20150700,19
silver,SILVER,SI,2015-06-11,20150700,20150900,2015-06-29,20150700,20150900,18
silver,SILVER,SI,2015-09-01,20150900,20151200,2015-08-28,20150900,20151200,4
silver,SILVER,SI,2015-12-01,20151200,20160300,2015-11-26,20151200,20160300,5
silver,SILVER,SI,2016-02-10,20160300,20160500,2016-02-26,20160300,20160500,16
silver,SILVER,SI,2016-04-11,20160500,20160700,2016-04-28,20160500,20160700,17
silver,SILVER,SI,2016-06-08,20160700,20160900,2016-06-29,20160700,20160900,21
silver,SILVER,SI,2016-09-01,20160900,20161200,2016-08-29,20160900,20161200,3
silver,SILVER,SI,2016-11-30,20161200,20170300,2016-11-29,20161200,20170300,1
silver,SILVER,SI,2017-02-09,20170300,20170500,2017-02-27,20170300,20170500,18
silver,SILVER,SI,2017-04-11,20170500,20170700,2017-04-27,20170500,20170700,16
silver,SILVER,SI,2017-06-09,20170700,20170900,2017-06-29,20170700,20170900,20
silver,SILVER,SI,2017-09-01,20170900,20171200,2017-08-30,20170900,20171200,2
silver,SILVER,SI,2017-11-30,20171200,20180300,2017-11-29,20171200,20180300,1
silver,SILVER,SI,2018-02-08,20180300,20180500,2018-02-27,20180300,20180500,19
silver,SILVER,SI,2018-04-11,20180500,20180700,2018-04-27,20180500,20180700,16
silver,SILVER,SI,2018-06-08,20180700,20180900,2018-06-28,20180700,20180900,20
silver,SILVER,SI,2018-08-31,20180900,20181200,2018-08-30,20180900,20181200,1
silver,SILVER,SI,2018-11-30,20181200,20190300,2018-11-29,20181200,20190300,1
silver,SILVER,SI,2019-02-08,20190300,20190500,2019-02-27,20190300,20190500,19
silver,SILVER,SI,2019-04-11,20190500,20190700,2019-04-29,20190500,20190700,18
silver,SILVER,SI,2019-06-04,20190700,20190900,2019-06-27,20190700,20190900,23
silver,SILVER,SI,2019-08-30,20190900,20191200,2019-08-28,20190900,20191200,2
silver,SILVER,SI,2019-11-29,20191200,20200300,2019-11-27,20191200,20200300,2
silver,SILVER,SI,2020-02-10,20200300,20200500,2020-02-26,20200300,20200500,16
silver,SILVER,SI,2020-04-09,20200500,20200700,2020-04-28,20200500,20200700,19
silver,SILVER,SI,2020-06-11,20200700,20200900,2020-06-29,20200700,20200900,18
silver,SILVER,SI,2020-09-01,20200900,20201200,2020-08-28,20200900,20201200,4
silver,SILVER,SI,2020-11-30,20201200,20210300,2020-11-26,20201200,20210300,4
silver,SILVER,SI,2021-02-09,20210300,20210500,2021-02-25,20210300,20210500,16
silver,SILVER,SI,2021-04-09,20210500,20210700,2021-04-29,20210500,20210700,20
silver,SILVER,SI,2021-06-11,20210700,20210900,2021-06-29,20210700,20210900,18
silver,SILVER,SI,2021-08-09,20210900,20211200,2021-08-30,20210900,20211200,21
silver,SILVER,SI,2021-09-27,20211200,20220300,2021-08-30,20210900,20211200,28
silver,SILVER,SI,2022-01-26,20220300,20220500,2022-02-25,20220300,20220500,30
silver,SILVER,SI,2022-04-12,20220500,20220700,2022-04-27,20220500,20220700,15
silver,SILVER,SI,2022-06-13,20220700,20220900,2022-06-29,20220700,20220900,16
silver,SILVER,SI,2022-08-12,20220900,20221200,2022-08-29,20220900,20221200,17
silver,SILVER,SI,2022-11-07,20221200,20230300,2022-11-28,20221200,20230300,21
silver,SILVER,SI,2023-02-07,20230300,20230500,2023-02-24,20230300,20230500,17
silver,SILVER,SI,2023-03-30,20230500,20230700,2023-04-27,20230500,20230700,28
silver,SILVER,SI,2023-05-23,20230700,20230900,2023-04-27,20230500,20230700,26
silver,SILVER,SI,2023-08-21,20230900,20231200,2023-08-30,20230900,20231200,9
silver,SILVER,SI,2023-10-20,20231200,20240300,2023-11-28,20231200,20240300,39
silver,SILVER,SI,2024-02-23,20240300,20240500,2024-02-27,20240300,20240500,4
us_10y,US10,ZN,2010-08-30,20100900,20101200,2010-08-31,20100900,20101200,1
us_10y,US10,ZN,2010-11-29,20101200,20110300,2010-11-30,20101200,20110300,1
us_10y,US10,ZN,2011-02-25,20110300,20110600,2011-02-28,20110300,20110600,3
us_10y,US10,ZN,2011-05-31,20110600,20110900,2011-05-31,20110600,20110900,0
us_10y,US10,ZN,2011-08-30,20110900,20111200,2011-08-31,20110900,20111200,1
us_10y,US10,ZN,2011-11-29,20111200,20120300,2011-11-30,20111200,20120300,1
us_10y,US10,ZN,2012-02-28,20120300,20120600,2012-02-29,20120300,20120600,1
us_10y,US10,ZN,2012-05-30,20120600,20120900,2012-05-31,20120600,20120900,1
us_10y,US10,ZN,2012-08-29,20120900,20121200,2012-08-31,20120900,20121200,2
us_10y,US10,ZN,2012-11-28,20121200,20130300,2012-11-30,20121200,20130300,2
us_10y,US10,ZN,2013-02-26,20130300,20130600,2013-02-28,20130300,20130600,2
us_10y,US10,ZN,2013-05-29,20130600,20130900,2013-05-31,20130600,20130900,2
us_10y,US10,ZN,2013-08-28,20130900,20131200,2013-08-30,20130900,20131200,2
us_10y,US10,ZN,2013-11-27,20131200,20140300,2013-11-28,20131200,20140300,1
us_10y,US10,ZN,2014-02-26,20140300,20140600,2014-02-28,20140300,20140600,2
us_10y,US10,ZN,2014-05-30,20140600,20140900,2014-05-30,20140600,20140900,0
us_10y,US10,ZN,2014-08-28,20140900,20141200,2014-08-29,20140900,20141200,1
us_10y,US10,ZN,2014-11-28,20141200,20150300,2014-11-27,20141200,20150300,1
us_10y,US10,ZN,2015-02-25,20150300,20150600,2015-02-27,20150300,20150600,2
us_10y,US10,ZN,2015-05-28,20150600,20150900,2015-05-29,20150600,20150900,1
us_10y,US10,ZN,2015-08-28,20150900,20151200,2015-08-31,20150900,20151200,3
us_10y,US10,ZN,2015-11-26,20151200,20160300,2015-11-27,20151200,20160300,1
us_10y,US10,ZN,2016-02-26,20160300,20160600,2016-02-29,20160300,20160600,3
us_10y,US10,ZN,2016-05-30,20160600,20160900,2016-05-30,20160600,20160900,0
us_10y,US10,ZN,2016-08-30,20160900,20161200,2016-08-31,20160900,20161200,1
us_10y,US10,ZN,2016-11-29,20161200,20170300,2016-11-30,20161200,20170300,1
us_10y,US10,ZN,2017-02-27,20170300,20170600,2017-02-28,20170300,20170600,1
us_10y,US10,ZN,2017-05-31,20170600,20170900,2017-05-31,20170600,20170900,0
us_10y,US10,ZN,2017-08-29,20170900,20171200,2017-08-30,20170900,20171200,1
us_10y,US10,ZN,2017-11-28,20171200,20180300,2017-11-30,20171200,20180300,2
us_10y,US10,ZN,2018-02-27,20180300,20180600,2018-02-28,20180300,20180600,1
us_10y,US10,ZN,2018-05-30,20180600,20180900,2018-05-31,20180600,20180900,1
us_10y,US10,ZN,2018-08-28,20180900,20181200,2018-08-31,20180900,20181200,3
us_10y,US10,ZN,2018-11-26,20181200,20190300,2018-11-30,20181200,20190300,4
us_10y,US10,ZN,2019-02-22,20190300,20190600,2019-02-27,20190300,20190600,5
us_10y,US10,ZN,2019-05-27,20190600,20190900,2019-05-30,20190600,20190900,3
us_10y,US10,ZN,2019-08-26,20190900,20191200,2019-08-29,20190900,20191200,3
us_10y,US10,ZN,2019-11-25,20191200,20200300,2019-11-27,20191200,20200300,2
us_10y,US10,ZN,2020-02-24,20200300,20200600,2020-02-27,20200300,20200600,3
us_10y,US10,ZN,2020-05-29,20200600,20200900,2020-05-28,20200600,20200900,1
us_10y,US10,ZN,2020-08-21,20200900,20201200,2020-08-28,20200900,20201200,7
us_10y,US10,ZN,2020-11-27,20201200,20210300,2020-11-27,20201200,20210300,0
us_10y,US10,ZN,2021-02-22,20210300,20210600,2021-02-25,20210300,20210600,3
us_10y,US10,ZN,2021-05-19,20210600,20210900,2021-05-27,20210600,20210900,8
us_10y,US10,ZN,2021-08-26,20210900,20211200,2021-08-30,20210900,20211200,4
us_10y,US10,ZN,2021-11-24,20211200,20220300,2021-11-29,20211200,20220300,5
us_10y,US10,ZN,2022-02-23,20220300,20220600,2022-02-25,20220300,20220600,2
us_10y,US10,ZN,2022-05-23,20220600,20220900,2022-05-27,20220600,20220900,4
us_10y,US10,ZN,2022-08-29,20220900,20221200,2022-08-29,20220900,20221200,0
us_10y,US10,ZN,2022-11-07,20221200,20230300,2022-11-28,20221200,20230300,21
us_10y,US10,ZN,2023-02-09,20230300,20230600,2023-02-27,20230300,20230600,18
us_10y,US10,ZN,2023-05-23,20230600,20230900,2023-05-29,20230600,20230900,6
us_10y,US10,ZN,2023-08-21,20230900,20231200,2023-08-29,20230900,20231200,8
us_10y,US10,ZN,2023-11-20,20231200,20240300,2023-11-28,20231200,20240300,8
us_10y,US10,ZN,2024-02-23,20240300,20240600,2024-02-28,20240300,20240600,5
us_2y,US2,ZT,2010-08-31,20100900,20101200,2010-08-31,20100900,20101200,0
us_2y,US2,ZT,2010-11-30,20101200,20110300,2010-11-30,20101200,20110300,0
us_2y,US2,ZT,2011-02-28,20110300,20110600,2011-02-28,20110300,20110600,0
us_2y,US2,ZT,2011-06-01,20110600,20110900,2011-05-30,20110600,20110900,2
us_2y,US2,ZT,2011-08-31,20110900,20111200,2011-08-31,20110900,20111200,0
us_2y,US2,ZT,2011-11-30,20111200,20120300,2011-11-30,20111200,20120300,0
us_2y,US2,ZT,2012-02-29,20120300,20120600,2012-02-29,20120300,20120600,0
us_2y,US2,ZT,2012-05-31,20120600,20120900,2012-05-31,20120600,20120900,0
us_2y,US2,ZT,2012-08-30,20120900,20121200,2012-08-31,20120900,20121200,1
us_2y,US2,ZT,2012-11-29,20121200,20130300,2012-11-29,20121200,20130300,0
us_2y,US2,ZT,2013-02-27,20130300,20130600,2013-02-28,20130300,20130600,1
us_2y,US2,ZT,2013-05-30,20130600,20130900,2013-05-30,20130600,20130900,0
us_2y,US2,ZT,2013-08-29,20130900,20131200,2013-08-30,20130900,20131200,1
us_2y,US2,ZT,2013-11-28,20131200,20140300,2013-11-27,20131200,20140300,1
us_2y,US2,ZT,2014-02-27,20140300,20140600,2014-02-27,20140300,20140600,0
us_2y,US2,ZT,2014-06-02,20140600,20140900,2014-05-29,20140600,20140900,4
us_2y,US2,ZT,2014-08-29,20140900,20141200,2014-08-29,20140900,20141200,0
us_2y,US2,ZT,2014-12-01,20141200,20150300,2014-11-27,20141200,20150300,4
us_2y,US2,ZT,2015-02-26,20150300,20150600,2015-02-27,20150300,20150600,1
us_2y,US2,ZT,2015-05-29,20150600,20150900,2015-05-29,20150600,20150900,0
us_2y,US2,ZT,2015-09-02,20150900,20151200,2015-08-31,20150900,20151200,2
us_2y,US2,ZT,2015-11-26,20151200,20160300,2015-11-26,20151200,20160300,0
us_2y,US2,ZT,2016-02-29,20160300,20160600,2016-02-29,20160300,20160600,0
us_2y,US2,ZT,2016-06-01,20160600,20160900,2016-05-30,20160600,20160900,2
us_2y,US2,ZT,2016-08-31,20160900,20161200,2016-08-30,20160900,20161200,1
us_2y,US2,ZT,2016-11-29,20161200,20170300,2016-11-30,20161200,20170300,1
us_2y,US2,ZT,2017-02-28,20170300,20170600,2017-02-28,20170300,20170600,0
us_2y,US2,ZT,2017-06-01,20170600,20170900,2017-05-29,20170600,20170900,3
us_2y,US2,ZT,2017-08-30,20170900,20171200,2017-08-30,20170900,20171200,0
us_2y,US2,ZT,2017-11-29,20171200,20180300,2017-11-29,20171200,20180300,0
us_2y,US2,ZT,2018-02-27,20180300,20180600,2018-02-27,20180300,20180600,0
us_2y,US2,ZT,2018-05-30,20180600,20180900,2018-05-30,20180600,20180900,0
us_2y,US2,ZT,2018-08-30,20180900,20181200,2018-08-29,20180900,20181200,1
us_2y,US2,ZT,2018-11-30,20181200,20190300,2018-11-30,20181200,20190300,0
us_2y,US2,ZT,2019-02-28,20190300,20190600,2019-02-27,20190300,20190600,1
us_2y,US2,ZT,2019-05-31,20190600,20190900,2019-05-30,20190600,20190900,1
us_2y,US2,ZT,2019-08-28,20190900,20191200,2019-08-29,20190900,20191200,1
us_2y,US2,ZT,2019-11-25,20191200,20200300,2019-11-27,20191200,20200300,2
us_2y,US2,ZT,2020-02-24,20200300,20200600,2020-02-27,20200300,20200600,3
us_2y,US2,ZT,2020-05-29,20200600,20200900,2020-05-28,20200600,20200900,1
us_2y,US2,ZT,2020-08-21,20200900,20201200,2020-08-28,20200900,20201200,7
us_2y,US2,ZT,2020-11-25,20201200,20210300,2020-11-27,20201200,20210300,2
us_2y,US2,ZT,2021-02-23,20210300,20210600,2021-02-25,20210300,20210600,2
us_2y,US2,ZT,2021-06-04,20210600,20210900,2021-05-27,20210600,20210900,8
us_2y,US2,ZT,2021-08-24,20210900,20211200,2021-08-30,20210900,20211200,6
us_2y,US2,ZT,2021-11-24,20211200,20220300,2021-11-25,20211200,20220300,1
us_2y,US2,ZT,2022-02-23,20220300,20220600,2022-02-25,20220300,20220600,2
us_2y,US2,ZT,2022-05-23,20220600,20220900,2022-05-27,20220600,20220900,4
us_2y,US2,ZT,2022-08-29,20220900,20221200,2022-08-29,20220900,20221200,0
us_2y,US2,ZT,2022-11-14,20221200,20230300,2022-11-28,20221200,20230300,14
us_2y,US2,ZT,2023-02-22,20230300,20230600,2023-02-24,20230300,20230600,2
us_2y,US2,ZT,2023-05-23,20230600,20230900,2023-05-26,20230600,20230900,3
us_2y,US2,ZT,2023-08-21,20230900,20231200,2023-08-29,20230900,20231200,8
us_2y,US2,ZT,2023-11-16,20231200,20240300,2023-11-28,20231200,20240300,12
us_2y,US2,ZT,2024-03-04,20240300,20240600,2024-02-27,20240300,20240600,6
corn,CORN,ZC,2010-10-19,20101200,20111200,2010-11-24,20101200,20110300,36
corn,CORN,ZC,2011-10-19,20111200,20121200,2011-11-23,20111200,20120300,35
corn,CORN,ZC,2012-10-18,20121200,20131200,2012-11-26,20121200,20130300,39
corn,CORN,ZC,2013-10-18,20131200,20141200,2013-11-25,20131200,20140300,38
corn,CORN,ZC,2014-10-20,20141200,20151200,2014-11-24,20141200,20150300,35
corn,CORN,ZC,2015-10-20,20151200,20161200,2015-11-23,20151200,20160300,34
corn,CORN,ZC,2016-10-19,20161200,20171200,2016-11-25,20161200,20170300,37
corn,CORN,ZC,2017-10-17,20171200,20181200,2017-11-27,20171200,20180300,41
corn,CORN,ZC,2018-10-18,20181200,20191200,2018-11-26,20181200,20190300,39
corn,CORN,ZC,2019-10-23,20191200,20201200,2019-11-21,20191200,20200300,29
corn,CORN,ZC,2020-10-15,20201200,20211200,2020-11-19,20201200,20210300,35
corn,CORN,ZC,2021-10-29,20211200,20221200,2021-11-22,20211200,20220300,24
corn,CORN,ZC,2022-11-14,20221200,20231200,2022-11-22,20221200,20230300,8
corn,CORN,ZC,2023-08-22,20231200,20241200,2023-06-13,20230700,20231200,70
soybean_oil,SOYOIL,ZL,2010-07-06,20100900,20101000,2010-06-24,20100700,20101200,12
soybean_oil,SOYOIL,ZL,2010-09-02,20101000,20101200,2010-06-24,20100700,20101200,70
soybean_oil,SOYOIL,ZL,2010-10-04,20101200,20110100,2010-11-23,20101200,20110100,50
soybean_oil,SOYOIL,ZL,2010-12-01,20110100,20110300,2010-11-23,20101200,20110100,8
soybean_oil,SOYOIL,ZL,2011-01-31,20110300,20110500,2011-02-22,20110300,20110500,22
soybean_oil,SOYOIL,ZL,2011-04-04,20110500,20110700,2011-04-14,20110500,20110700,10
soybean_oil,SOYOIL,ZL,2011-05-03,20110700,20110800,2011-04-14,20110500,20110700,19
soybean_oil,SOYOIL,ZL,2011-06-02,20110800,20110900,2011-06-24,20110700,20111200,22
soybean_oil,SOYOIL,ZL,2011-07-05,20110900,20111000,2011-06-24,20110700,20111200,11
soybean_oil,SOYOIL,ZL,2011-09-02,20111000,20111200,2011-06-24,20110700,20111200,70
soybean_oil,SOYOIL,ZL,2011-10-03,20111200,20120100,2011-11-23,20111200,20120100,51
soybean_oil,SOYOIL,ZL,2011-12-02,20120100,20120300,2011-11-23,20111200,20120100,9
soybean_oil,SOYOIL,ZL,2012-02-01,20120300,20120500,2012-02-23,20120300,20120500,22
soybean_oil,SOYOIL,ZL,2012-04-02,20120500,20120700,2012-04-18,20120500,20120700,16
soybean_oil,SOYOIL,ZL,2012-05-03,20120700,20120800,2012-04-18,20120500,20120700,15
soybean_oil,SOYOIL,ZL,2012-06-04,20120800,20120900,2012-06-25,20120700,20121200,21
soybean_oil,SOYOIL,ZL,2012-07-03,20120900,20121000,2012-06-25,20120700,20121200,8
soybean_oil,SOYOIL,ZL,2012-09-04,20121000,20121200,2012-06-25,20120700,20121200,71
soybean_oil,SOYOIL,ZL,2012-10-03,20121200,20130100,2012-11-23,20121200,20130100,51
soybean_oil,SOYOIL,ZL,2012-12-03,20130100,20130300,2012-11-23,20121200,20130100,10
soybean_oil,SOYOIL,ZL,2013-01-31,20130300,20130500,2013-02-20,20130300,20130500,20
soybean_oil,SOYOIL,ZL,2013-04-02,20130500,20130700,2013-04-16,20130500,20130700,14
soybean_oil,SOYOIL,ZL,2013-05-03,20130700,20130800,2013-04-16,20130500,20130700,17
soybean_oil,SOYOIL,ZL,2013-06-03,20130800,20130900,2013-06-21,20130700,20131200,18
soybean_oil,SOYOIL,ZL,2013-07-03,20130900,20131000,2013-06-21,20130700,20131200,12
soybean_oil,SOYOIL,ZL,2013-09-03,20131000,20131200,2013-06-21,20130700,20131200,74
soybean_oil,SOYOIL,ZL,2013-10-03,20131200,20140100,2013-11-19,20131200,20140100,47
soybean_oil,SOYOIL,ZL,2013-12-02,20140100,20140300,2013-11-19,20131200,20140100,13
soybean_oil,SOYOIL,ZL,2014-01-31,20140300,20140500,2014-02-19,20140300,20140500,19
soybean_oil,SOYOIL,ZL,2014-04-02,20140500,20140700,2014-04-15,20140500,20140700,13
soybean_oil,SOYOIL,ZL,2014-05-05,20140700,20140800,2014-04-15,20140500,20140700,20
soybean_oil,SOYOIL,ZL,2014-06-02,20140800,20140900,2014-06-23,20140700,20141200,21
soybean_oil,SOYOIL,ZL,2014-07-03,20140900,20141000,2014-06-23,20140700,20141200,10
soybean_oil,SOYOIL,ZL,2014-09-02,20141000,20141200,2014-06-23,20140700,20141200,71
soybean_oil,SOYOIL,ZL,2014-10-03,20141200,20150100,2014-11-20,20141200,20150100,48
soybean_oil,SOYOIL,ZL,2014-12-01,20150100,20150300,2014-11-20,20141200,20150100,11
soybean_oil,SOYOIL,ZL,2015-02-02,20150300,20150500,2015-02-19,20150300,20150500,17
soybean_oil,SOYOIL,ZL,2015-04-02,20150500,20150700,2015-04-17,20150500,20150700,15
soybean_oil,SOYOIL,ZL,2015-05-04,20150700,20150800,2015-04-17,20150500,20150700,17
soybean_oil,SOYOIL,ZL,2015-06-02,20150800,20150900,2015-06-25,20150700,20151200,23
soybean_oil,SOYOIL,ZL,2015-07-06,20150900,20151000,2015-06-25,20150700,20151200,11
soybean_oil,SOYOIL,ZL,2015-09-02,20151000,20151200,2015-06-25,20150700,20151200,69
soybean_oil,SOYOIL,ZL,2015-10-05,20151200,20160100,2015-11-20,20151200,20160100,46
soybean_oil,SOYOIL,ZL,2015-12-02,20160100,20160300,2015-11-20,20151200,20160100,12
soybean_oil,SOYOIL,ZL,2016-02-01,20160300,20160500,2016-02-22,20160300,20160500,21
soybean_oil,SOYOIL,ZL,2016-04-04,20160500,20160700,2016-04-21,20160500,20160700,17
soybean_oil,SOYOIL,ZL,2016-05-03,20160700,20160800,2016-04-21,20160500,20160700,12
soybean_oil,SOYOIL,ZL,2016-06-02,20160800,20160900,2016-06-22,20160700,20161200,20
soybean_oil,SOYOIL,ZL,2016-07-05,20160900,20161000,2016-06-22,20160700,20161200,13
soybean_oil,SOYOIL,ZL,2016-09-02,20161000,20161200,2016-06-22,20160700,20161200,72
soybean_oil,SOYOIL,ZL,2016-10-03,20161200,20170100,2016-11-23,20161200,20170100,51
soybean_oil,SOYOIL,ZL,2016-12-01,20170100,20170300,2016-11-23,20161200,20170100,8
soybean_oil,SOYOIL,ZL,2017-01-31,20170300,20170500,2017-02-21,20170300,20170500,21
soybean_oil,SOYOIL,ZL,2017-04-03,20170500,20170700,2017-04-19,20170500,20170700,16
soybean_oil,SOYOIL,ZL,2017-05-03,20170700,20170800,2017-04-19,20170500,20170700,14
soybean_oil,SOYOIL,ZL,2017-06-02,20170800,20170900,2017-06-23,20170700,20171200,21
soybean_oil,SOYOIL,ZL,2017-07-03,20170900,20171000,2017-06-23,20170700,20171200,10
soybean_oil,SOYOIL,ZL,2017-09-05,20171000,20171200,2017-06-23,20170700,20171200,74
soybean_oil,SOYOIL,ZL,2017-10-03,20171200,20180100,2017-11-22,20171200,20180100,50
soybean_oil,SOYOIL,ZL,2017-12-01,20180100,20180300,2017-11-22,20171200,20180100,9
soybean_oil,SOYOIL,ZL,2018-01-31,20180300,20180500,2018-02-16,20180300,20180500,16
soybean_oil,SOYOIL,ZL,2018-04-02,20180500,20180700,2018-04-18,20180500,20180700,16
soybean_oil,SOYOIL,ZL,2018-05-03,20180700,20180800,2018-04-18,20180500,20180700,15
soybean_oil,SOYOIL,ZL,2018-06-04,20180800,20180900,2018-06-21,20180700,20181200,17
soybean_oil,SOYOIL,ZL,2018-07-03,20180900,20181000,2018-06-21,20180700,20181200,12
soybean_oil,SOYOIL,ZL,2018-09-04,20181000,20181200,2018-06-21,20180700,20181200,75
soybean_oil,SOYOIL,ZL,2018-10-03,20181200,20190100,2018-11-23,20181200,20190100,51
soybean_oil,SOYOIL,ZL,2018-12-03,20190100,20190300,2018-11-23,20181200,20190100,10
soybean_oil,SOYOIL,ZL,2019-01-31,20190300,20190500,2019-02-20,20190300,20190500,20
soybean_oil,SOYOIL,ZL,2019-04-02,20190500,20190700,2019-04-22,20190500,20190700,20
soybean_oil,SOYOIL,ZL,2019-05-03,20190700,20190800,2019-04-22,20190500,20190700,11
soybean_oil,SOYOIL,ZL,2019-06-03,20190800,20190900,2019-06-24,20190700,20191200,21
soybean_oil,SOYOIL,ZL,2019-07-03,20190900,20191000,2019-06-24,20190700,20191200,9
soybean_oil,SOYOIL,ZL,2019-09-03,20191000,20191200,2019-06-24,20190700,20191200,71
soybean_oil,SOYOIL,ZL,2019-10-03,20191200,20200100,2019-11-20,20191200,20200100,48
soybean_oil,SOYOIL,ZL,2019-12-02,20200100,20200300,2019-11-20,20191200,20200100,12
soybean_oil,SOYOIL,ZL,2020-02-03,20200300,20200500,2020-02-20,20200300,20200500,17
soybean_oil,SOYOIL,ZL,2020-04-02,20200500,20200700,2020-04-15,20200500,20200700,13
soybean_oil,SOYOIL,ZL,2020-05-04,20200700,20200800,2020-04-15,20200500,20200700,19
soybean_oil,SOYOIL,ZL,2020-06-02,20200800,20200900,2020-06-22,20200700,20201200,20
soybean_oil,SOYOIL,ZL,2020-07-06,20200900,20201000,2020-06-22,20200700,20201200,14
soybean_oil,SOYOIL,ZL,2020-09-02,20201000,20201200,2020-06-22,20200700,20201200,72
soybean_oil,SOYOIL,ZL,2020-10-05,20201200,20210100,2020-11-20,20201200,20210100,46
soybean_oil,SOYOIL,ZL,2020-12-01,20210100,20210300,2020-11-20,20201200,20210100,11
soybean_oil,SOYOIL,ZL,2021-02-01,20210300,20210500,2021-02-18,20210300,20210500,17
soybean_oil,SOYOIL,ZL,2021-02-12,20210500,20210700,2021-02-18,20210300,20210500,6
soybean_oil,SOYOIL,ZL,2021-04-16,20210700,20210800,2021-04-01,20210500,20210700,15
soybean_oil,SOYOIL,ZL,2021-05-17,20210800,20210900,2021-06-17,20210700,20211200,31
soybean_oil,SOYOIL,ZL,2021-06-10,20210900,20211000,2021-06-17,20210700,20211200,7
soybean_oil,SOYOIL,ZL,2021-06-17,20211000,20211200,2021-06-17,20210700,20211200,0
soybean_oil,SOYOIL,ZL,2021-09-13,20211200,20220100,2021-11-18,20211200,20220100,66
soybean_oil,SOYOIL,ZL,2021-10-12,20220100,20220300,2021-11-18,20211200,20220100,37
soybean_oil,SOYOIL,ZL,2021-12-02,20220300,20220500,2021-12-15,20220100,20220300,13
soybean_oil,SOYOIL,ZL,2022-02-17,20220500,20220700,2022-02-16,20220300,20220500,1
soybean_oil,SOYOIL,ZL,2022-03-24,20220700,20220800,2022-04-14,20220500,20220700,21
soybean_oil,SOYOIL,ZL,2022-05-09,20220800,20220900,2022-04-14,20220500,20220700,25
soybean_oil,SOYOIL,ZL,2022-06-15,20220900,20221000,2022-06-22,20220700,20221200,7
soybean_oil,SOYOIL,ZL,2022-06-29,20221000,20221200,2022-06-22,20220700,20221200,7
soybean_oil,SOYOIL,ZL,2022-09-02,20221200,20230100,2022-06-22,20220700,20221200,72
soybean_oil,SOYOIL,ZL,2022-09-30,20230100,20230300,2022-11-18,20221200,20230100,49
soybean_oil,SOYOIL,ZL,2022-12-19,20230300,20230500,2022-12-16,20230100,20230300,3
soybean_oil,SOYOIL,ZL,2023-01-20,20230500,20230700,2023-02-15,20230300,20230500,26
soybean_oil,SOYOIL,ZL,2023-05-23,20230700,20230800,2023-06-20,20230700,20231200,28
soybean_oil,SOYOIL,ZL,2023-05-26,20230800,20230900,2023-06-20,20230700,20231200,25
soybean_oil,SOYOIL,ZL,2023-06-09,20230900,20231000,2023-06-20,20230700,20231200,11
soybean_oil,SOYOIL,ZL,2023-06-28,20231000,20231200,2023-06-20,20230700,20231200,8
soybean_oil,SOYOIL,ZL,2023-08-21,20231200,20240100,2023-06-20,20230700,20231200,62
soybean_oil,SOYOIL,ZL,2023-09-22,20240100,20240300,2023-11-20,20231200,20240100,59
soybean_oil,SOYOIL,ZL,2023-11-27,20240300,20240500,2023-11-20,20231200,20240100,7
soybean_oil,SOYOIL,ZL,2024-01-12,20240500,20240700,2023-12-15,20240100,20240300,28
soybean_oil,SOYOIL,ZL,2024-03-26,20240700,20240800,2024-02-20,20240300,20240500,35
soybeans,SOYBEAN,ZS,2010-09-15,20101100,20111100,2010-10-27,20101100,20110100,42
soybeans,SOYBEAN,ZS,2011-09-15,20111100,20121100,2011-10-26,20111100,20120100,41
soybeans,SOYBEAN,ZS,2012-09-17,20121100,20131100,2012-10-29,20121100,20130100,42
soybeans,SOYBEAN,ZS,2013-09-16,20131100,20141100,2013-10-25,20131100,20140100,39
soybeans,SOYBEAN,ZS,2014-09-15,20141100,20151100,2014-10-27,20141100,20150100,42
soybeans,SOYBEAN,ZS,2015-09-15,20151100,20161100,2015-10-26,20151100,20160100,41
soybeans,SOYBEAN,ZS,2016-09-14,20161100,20171100,2016-10-25,20161100,20170100,41
soybeans,SOYBEAN,ZS,2017-09-14,20171100,20181100,2017-10-27,20171100,20180100,43
soybeans,SOYBEAN,ZS,2018-09-14,20181100,20191100,2018-10-26,20181100,20190100,42
soybeans,SOYBEAN,ZS,2019-09-16,20191100,20201100,2019-10-28,20191100,20200100,42
soybeans,SOYBEAN,ZS,2020-05-27,20201100,20211100,2020-06-23,20200700,20201100,27
soybeans,SOYBEAN,ZS,2021-09-13,20211100,20221100,2021-10-25,20211100,20220100,42
soybeans,SOYBEAN,ZS,2022-09-02,20221100,20231100,2022-10-24,20221100,20230100,52
soybeans,SOYBEAN,ZS,2023-08-21,20231100,20241100,2023-10-25,20231100,20240100,65
wheat,WHEAT,ZW,2010-09-15,20101200,20111200,2010-08-05,20100900,20101200,41
wheat,WHEAT,ZW,2011-09-15,20111200,20121200,2011-08-15,20110900,20111200,31
wheat,WHEAT,ZW,2012-09-17,20121200,20131200,2012-08-14,20120900,20121200,34
wheat,WHEAT,ZW,2013-09-16,20131200,20141200,2013-08-07,20130900,20131200,40
wheat,WHEAT,ZW,2014-09-15,20141200,20151200,2014-08-15,20140900,20141200,31
wheat,WHEAT,ZW,2015-09-14,20151200,20161200,2015-08-14,20150900,20151200,31
wheat,WHEAT,ZW,2016-09-13,20161200,20171200,2016-08-17,20160900,20161200,27
wheat,WHEAT,ZW,2017-09-14,20171200,20181200,2017-08-16,20170900,20171200,29
wheat,WHEAT,ZW,2018-09-17,20181200,20191200,2018-08-14,20180900,20181200,34
wheat,WHEAT,ZW,2019-09-12,20191200,20201200,2019-08-16,20190900,20191200,27
wheat,WHEAT,ZW,2020-09-11,20201200,20211200,2020-08-17,20200900,20201200,25
wheat,WHEAT,ZW,2021-09-13,20211200,20221200,2021-08-17,20210900,20211200,27
wheat,WHEAT,ZW,2022-05-04,20221200,20231200,2022-06-22,20220700,20220900,49
wheat,WHEAT,ZW,2023-09-07,20231200,20241200,2023-08-15,20230900,20231200,23
jpy,JPY,6J,2010-06-15,20100600,20100900,2010-06-11,20100600,20100900,4
jpy,JPY,6J,2010-09-14,20100900,20101200,2010-09-10,20100900,20101200,4
jpy,JPY,6J,2010-12-14,20101200,20110300,2010-12-10,20101200,20110300,4
jpy,JPY,6J,2011-03-16,20110300,20110600,2011-03-11,20110300,20110600,5
jpy,JPY,6J,2011-06-15,20110600,20110900,2011-06-10,20110600,20110900,5
jpy,JPY,6J,2011-09-15,20110900,20111200,2011-09-15,20110900,20111200,0
jpy,JPY,6J,2011-12-15,20111200,20120300,2011-12-16,20111200,20120300,1
jpy,JPY,6J,2012-03-15,20120300,20120600,2012-03-16,20120300,20120600,1
jpy,JPY,6J,2012-06-15,20120600,20120900,2012-06-15,20120600,20120900,0
jpy,JPY,6J,2012-09-17,20120900,20121200,2012-09-14,20120900,20121200,3
jpy,JPY,6J,2012-12-17,20121200,20130300,2012-12-14,20121200,20130300,3
jpy,JPY,6J,2013-03-15,20130300,20130600,2013-03-15,20130300,20130600,0
jpy,JPY,6J,2013-06-17,20130600,20130900,2013-06-14,20130600,20130900,3
jpy,JPY,6J,2013-09-17,20130900,20131200,2013-09-13,20130900,20131200,4
jpy,JPY,6J,2013-12-16,20131200,20140300,2013-12-13,20131200,20140300,3
jpy,JPY,6J,2014-03-14,20140300,20140600,2014-03-14,20140300,20140600,0
jpy,JPY,6J,2014-06-16,20140600,20140900,2014-06-16,20140600,20140900,0
jpy,JPY,6J,2014-09-15,20140900,20141200,2014-09-12,20140900,20141200,3
jpy,JPY,6J,2014-12-16,20141200,20150300,2014-12-12,20141200,20150300,4
jpy,JPY,6J,2015-03-16,20150300,20150600,2015-03-13,20150300,20150600,3
jpy,JPY,6J,2015-06-15,20150600,20150900,2015-06-12,20150600,20150900,3
jpy,JPY,6J,2015-09-14,20150900,20151200,2015-09-11,20150900,20151200,3
jpy,JPY,6J,2015-12-14,20151200,20160300,2015-12-11,20151200,20160300,3
jpy,JPY,6J,2016-03-14,20160300,20160600,2016-03-11,20160300,20160600,3
jpy,JPY,6J,2016-06-13,20160600,20160900,2016-06-10,20160600,20160900,3
jpy,JPY,6J,2016-09-15,20160900,20161200,2016-09-16,20160900,20161200,1
jpy,JPY,6J,2016-12-15,20161200,20170300,2016-12-16,20161200,20170300,1
jpy,JPY,6J,2017-03-13,20170300,20170600,2017-03-10,20170300,20170600,3
jpy,JPY,6J,2017-06-15,20170600,20170900,2017-06-16,20170600,20170900,1
jpy,JPY,6J,2017-09-15,20170900,20171200,2017-09-15,20170900,20171200,0
jpy,JPY,6J,2017-12-15,20171200,20180300,2017-12-15,20171200,20180300,0
jpy,JPY,6J,2018-03-15,20180300,20180600,2018-03-16,20180300,20180600,1
jpy,JPY,6J,2018-06-15,20180600,20180900,2018-06-15,20180600,20180900,0
jpy,JPY,6J,2018-09-19,20180900,20181200,2018-09-14,20180900,20181200,5
jpy,JPY,6J,2018-12-17,20181200,20190300,2018-12-14,20181200,20190300,3
jpy,JPY,6J,2019-03-13,20190300,20190600,2019-03-15,20190300,20190600,2
jpy,JPY,6J,2019-06-13,20190600,20190900,2019-06-14,20190600,20190900,1
jpy,JPY,6J,2019-09-13,20190900,20191200,2019-09-13,20190900,20191200,0
jpy,JPY,6J,2019-12-13,20191200,20200300,2019-12-13,20191200,20200300,0
jpy,JPY,6J,2020-03-13,20200300,20200600,2020-03-13,20200300,20200600,0
jpy,JPY,6J,2020-06-11,20200600,20200900,2020-06-12,20200600,20200900,1
jpy,JPY,6J,2020-09-04,20200900,20201200,2020-09-11,20200900,20201200,7
jpy,JPY,6J,2020-12-09,20201200,20210300,2020-12-11,20201200,20210300,2
jpy,JPY,6J,2021-03-08,20210300,20210600,2021-03-12,20210300,20210600,4
jpy,JPY,6J,2021-06-03,20210600,20210900,2021-06-11,20210600,20210900,8
jpy,JPY,6J,2021-09-08,20210900,20211200,2021-09-10,20210900,20211200,2
jpy,JPY,6J,2021-12-10,20211200,20220300,2021-12-10,20211200,20220300,0
jpy,JPY,6J,2022-03-08,20220300,20220600,2022-03-11,20220300,20220600,3
jpy,JPY,6J,2022-06-13,20220600,20220900,2022-06-10,20220600,20220900,3
jpy,JPY,6J,2022-09-05,20220900,20221200,2022-09-16,20220900,20221200,11
jpy,JPY,6J,2022-12-05,20221200,20230300,2022-12-16,20221200,20230300,11
jpy,JPY,6J,2023-02-20,20230300,20230600,2023-03-10,20230300,20230600,18
jpy,JPY,6J,2023-06-14,20230600,20230900,2023-06-15,20230600,20230900,1
jpy,JPY,6J,2023-09-18,20230900,20231200,2023-09-15,20230900,20231200,3
jpy,JPY,6J,2023-12-08,20231200,20240300,2023-12-15,20231200,20240300,7
jpy,JPY,6J,2024-03-05,20240300,20240600,2024-03-15,20240300,20240600,10
mxn,MXP,6M,2010-06-15,20100600,20100900,2010-06-10,20100600,20100900,5
mxn,MXP,6M,2010-09-14,20100900,20101200,2010-09-09,20100900,20101200,5
mxn,MXP,6M,2010-12-14,20101200,20110300,2010-12-10,20101200,20110300,4
mxn,MXP,6M,2011-03-15,20110300,20110600,2011-03-10,20110300,20110600,5
mxn,MXP,6M,2011-06-14,20110600,20110900,2011-06-09,20110600,20110900,5
mxn,MXP,6M,2011-09-15,20110900,20111200,2011-09-15,20110900,20111200,0
mxn,MXP,6M,2011-12-15,20111200,20120300,2011-12-15,20111200,20120300,0
mxn,MXP,6M,2012-03-15,20120300,20120600,2012-03-16,20120300,20120600,1
mxn,MXP,6M,2012-06-15,20120600,20120900,2012-06-15,20120600,20120900,0
mxn,MXP,6M,2012-09-17,20120900,20121200,2012-09-14,20120900,20121200,3
mxn,MXP,6M,2012-12-17,20121200,20130300,2012-12-14,20121200,20130300,3
mxn,MXP,6M,2013-03-15,20130300,20130600,2013-03-15,20130300,20130600,0
mxn,MXP,6M,2013-06-17,20130600,20130900,2013-06-13,20130600,20130900,4
mxn,MXP,6M,2013-09-17,20130900,20131200,2013-09-13,20130900,20131200,4
mxn,MXP,6M,2013-12-16,20131200,20140300,2013-12-12,20131200,20140300,4
mxn,MXP,6M,2014-03-14,20140300,20140600,2014-03-14,20140300,20140600,0
mxn,MXP,6M,2014-06-16,20140600,20140900,2014-06-16,20140600,20140900,0
mxn,MXP,6M,2014-09-15,20140900,20141200,2014-09-12,20140900,20141200,3
mxn,MXP,6M,2014-12-15,20141200,20150300,2014-12-11,20141200,20150300,4
mxn,MXP,6M,2015-03-16,20150300,20150600,2015-03-13,20150300,20150600,3
mxn,MXP,6M,2015-06-15,20150600,20150900,2015-06-12,20150600,20150900,3
mxn,MXP,6M,2015-09-14,20150900,20151200,2015-09-11,20150900,20151200,3
mxn,MXP,6M,2015-12-14,20151200,20160300,2015-12-11,20151200,20160300,3
mxn,MXP,6M,2016-03-14,20160300,20160600,2016-03-11,20160300,20160600,3
mxn,MXP,6M,2016-06-13,20160600,20160900,2016-06-10,20160600,20160900,3
mxn,MXP,6M,2016-09-15,20160900,20161200,2016-09-16,20160900,20161200,1
mxn,MXP,6M,2016-12-15,20161200,20170300,2016-12-16,20161200,20170300,1
mxn,MXP,6M,2017-03-13,20170300,20170600,2017-03-10,20170300,20170600,3
mxn,MXP,6M,2017-06-15,20170600,20170900,2017-06-16,20170600,20170900,1
mxn,MXP,6M,2017-09-15,20170900,20171200,2017-09-15,20170900,20171200,0
mxn,MXP,6M,2017-12-15,20171200,20180300,2017-12-15,20171200,20180300,0
mxn,MXP,6M,2018-03-15,20180300,20180600,2018-03-16,20180300,20180600,1
mxn,MXP,6M,2018-06-15,20180600,20180900,2018-06-14,20180600,20180900,1
mxn,MXP,6M,2018-09-19,20180900,20181200,2018-09-14,20180900,20181200,5
mxn,MXP,6M,2018-12-17,20181200,20190300,2018-12-13,20181200,20190300,4
mxn,MXP,6M,2019-03-13,20190300,20190600,2019-03-15,20190300,20190600,2
mxn,MXP,6M,2019-06-13,20190600,20190900,2019-06-13,20190600,20190900,0
mxn,MXP,6M,2019-09-13,20190900,20191200,2019-09-13,20190900,20191200,0
mxn,MXP,6M,2019-12-13,20191200,20200300,2019-12-12,20191200,20200300,1
mxn,MXP,6M,2020-03-13,20200300,20200600,2020-03-13,20200300,20200600,0
mxn,MXP,6M,2020-06-11,20200600,20200900,2020-06-12,20200600,20200900,1
mxn,MXP,6M,2020-09-11,20200900,20201200,2020-09-11,20200900,20201200,0
mxn,MXP,6M,2020-12-08,20201200,20210300,2020-12-11,20201200,20210300,3
mxn,MXP,6M,2021-03-10,20210300,20210600,2021-03-12,20210300,20210600,2
mxn,MXP,6M,2021-06-08,20210600,20210900,2021-06-11,20210600,20210900,3
mxn,MXP,6M,2021-09-07,20210900,20211200,2021-09-10,20210900,20211200,3
mxn,MXP,6M,2021-12-07,20211200,20220300,2021-12-10,20211200,20220300,3
mxn,MXP,6M,2022-03-08,20220300,20220600,2022-03-11,20220300,20220600,3
mxn,MXP,6M,2022-06-10,20220600,20220900,2022-06-10,20220600,20220900,0
mxn,MXP,6M,2022-09-19,20220900,20221200,2022-09-16,20220900,20221200,3
mxn,MXP,6M,2022-12-06,20221200,20230300,2022-12-16,20221200,20230300,10
mxn,MXP,6M,2023-03-02,20230300,20230600,2023-03-10,20230300,20230600,8
mxn,MXP,6M,2023-05-26,20230600,20230900,2023-06-15,20230600,20230900,20
mxn,MXP,6M,2023-09-18,20230900,20231200,2023-09-15,20230900,20231200,3
mxn,MXP,6M,2023-12-12,20231200,20240300,2023-12-15,20231200,20240300,3
mxn,MXP,6M,2024-03-05,20240300,20240600,2024-03-15,20240300,20240600,10
brl,BRE,6L,2010-07-01,20100700,20100800,2010-07-01,20100800,20110300,0
brl,BRE,6L,2010-08-02,20100800,20100900,2010-07-01,20100800,20110300,32
brl,BRE,6L,2010-09-01,20100900,20101000,2010-07-01,20100800,20110300,62
brl,BRE,6L,2010-10-01,20101000,20101100,2010-07-01,20100800,20110300,92
brl,BRE,6L,2010-11-01,20101100,20101200,2011-02-21,20110300,20110500,112
brl,BRE,6L,2010-12-01,20101200,20110100,2011-02-21,20110300,20110500,82
brl,BRE,6L,2011-01-03,20110100,20110200,2011-02-21,20110300,20110500,49
brl,BRE,6L,2011-02-01,20110200,20110300,2011-02-21,20110300,20110500,20
brl,BRE,6L,2011-03-01,20110300,20110400,2011-02-21,20110300,20110500,8
brl,BRE,6L,2011-04-04,20110400,20110500,2011-02-21,20110300,20110500,42
brl,BRE,6L,2011-05-03,20110500,20110600,2011-05-23,20110500,20120500,20
brl,BRE,6L,2011-06-02,20110600,20110700,2011-05-23,20110500,20120500,10
brl,BRE,6L,2011-07-01,20110700,20110800,2011-07-13,20120500,20151100,12
brl,BRE,6L,2011-08-01,20110800,20110900,2011-07-13,20120500,20151100,19
brl,BRE,6L,2011-09-01,20110900,20111000,2011-07-13,20120500,20151100,50
brl,BRE,6L,2011-10-03,20111000,20111100,2011-07-13,20120500,20151100,82
brl,BRE,6L,2011-11-01,20111100,20111200,2011-07-13,20120500,20151100,111
brl,BRE,6L,2011-12-01,20111200,20120100,2011-07-13,20120500,20151100,141
brl,BRE,6L,2012-01-03,20120100,20120200,2011-07-13,20120500,20151100,174
brl,BRE,6L,2012-02-01,20120200,20120300,2011-07-13,20120500,20151100,203
brl,BRE,6L,2012-03-01,20120300,20120400,2011-07-13,20120500,20151100,232
brl,BRE,6L,2012-04-02,20120400,20120500,2011-07-13,20120500,20151100,264
brl,BRE,6L,2012-05-01,20120500,20120600,2011-07-13,20120500,20151100,293
brl,BRE,6L,2012-06-01,20120600,20120700,2011-07-13,20120500,20151100,324
brl,BRE,6L,2012-07-02,20120700,20120800,2011-07-13,20120500,20151100,355
brl,BRE,6L,2012-08-01,20120800,20120900,2011-07-13,20120500,20151100,385
brl,BRE,6L,2012-09-04,20120900,20121000,2011-07-13,20120500,20151100,419
brl,BRE,6L,2012-10-01,20121000,20121100,2011-07-13,20120500,20151100,446
brl,BRE,6L,2012-11-01,20121100,20121200,2011-07-13,20120500,20151100,477
brl,BRE,6L,2012-12-03,20121200,20130100,2011-07-13,20120500,20151100,509
brl,BRE,6L,2012-12-31,20130100,20130200,2011-07-13,20120500,20151100,537
brl,BRE,6L,2013-02-01,20130200,20130300,2011-07-13,20120500,20151100,569
brl,BRE,6L,2013-03-01,20130300,20130400,2011-07-13,20120500,20151100,597
brl,BRE,6L,2013-04-01,20130400,20130500,2011-07-13,20120500,20151100,628
brl,BRE,6L,2013-05-01,20130500,20130600,2011-07-13,20120500,20151100,658
brl,BRE,6L,2013-06-03,20130600,20130700,2011-07-13,20120500,20151100,691
brl,BRE,6L,2013-07-01,20130700,20130800,2011-07-13,20120500,20151100,719
brl,BRE,6L,2013-08-01,20130800,20130900,2011-07-13,20120500,20151100,750
brl,BRE,6L,2013-09-03,20130900,20131000,2011-07-13,20120500,20151100,783
brl,BRE,6L,2013-10-01,20131000,20131100,2015-11-30,20151100,20151200,790
brl,BRE,6L,2013-11-01,20131100,20131200,2015-11-30,20151100,20151200,759
brl,BRE,6L,2013-12-02,20131200,20140100,2015-11-30,20151100,20151200,728
brl,BRE,6L,2014-01-02,20140100,20140200,2015-11-30,20151100,20151200,697
brl,BRE,6L,2014-02-03,20140200,20140300,2015-11-30,20151100,20151200,665
brl,BRE,6L,2014-03-03,20140300,20140400,2015-11-30,20151100,20151200,637
brl,BRE,6L,2014-04-01,20140400,20140500,2015-11-30,20151100,20151200,608
brl,BRE,6L,2014-05-01,20140500,20140600,2015-11-30,20151100,20151200,578
brl,BRE,6L,2014-06-02,20140600,20140700,2015-11-30,20151100,20151200,546
brl,BRE,6L,2014-07-01,20140700,20140800,2015-11-30,20151100,20151200,517
brl,BRE,6L,2014-08-01,20140800,20140900,2015-11-30,20151100,20151200,486
brl,BRE,6L,2014-09-02,20140900,20141000,2015-11-30,20151100,20151200,454
brl,BRE,6L,2014-10-01,20141000,20141100,2015-11-30,20151100,20151200,425
brl,BRE,6L,2014-11-03,20141100,20141200,2015-11-30,20151100,20151200,392
brl,BRE,6L,2014-12-01,20141200,20150100,2015-11-30,20151100,20151200,364
brl,BRE,6L,2015-01-02,20150100,20150200,2015-11-30,20151100,20151200,332
brl,BRE,6L,2015-02-02,20150200,20150300,2015-11-30,20151100,20151200,301
brl,BRE,6L,2015-03-02,20150300,20150400,2015-11-30,20151100,20151200,273
brl,BRE,6L,2015-04-01,20150400,20150500,2015-11-30,20151100,20151200,243
brl,BRE,6L,2015-05-01,20150500,20150600,2015-11-30,20151100,20151200,213
brl,BRE,6L,2015-06-01,20150600,20150700,2015-11-30,20151100,20151200,182
brl,BRE,6L,2015-07-01,20150700,20150800,2015-11-30,20151100,20151200,152
brl,BRE,6L,2015-08-03,20150800,20150900,2015-11-30,20151100,20151200,119
brl,BRE,6L,2015-09-01,20150900,20151000,2015-11-30,20151100,20151200,90
brl,BRE,6L,2015-10-01,20151000,20151100,2015-11-30,20151100,20151200,60
brl,BRE,6L,2015-11-02,20151100,20151200,2015-11-30,20151100,20151200,28
brl,BRE,6L,2015-12-01,20151200,20160100,2015-11-30,20151100,20151200,1
brl,BRE,6L,2016-01-04,20160100,20160200,2015-12-30,20151200,20160100,5
brl,BRE,6L,2016-02-01,20160200,20160300,2016-01-29,20160100,20160200,3
brl,BRE,6L,2016-03-01,20160300,20160400,2016-02-29,20160200,20160300,1
brl,BRE,6L,2016-04-01,20160400,20160500,2016-03-31,20160300,20160400,1
brl,BRE,6L,2016-05-02,20160500,20160600,2016-04-29,20160400,20160500,3
brl,BRE,6L,2016-06-01,20160600,20160700,2016-05-27,20160500,20160600,5
brl,BRE,6L,2016-07-01,20160700,20160800,2016-06-30,20160600,20160700,1
brl,BRE,6L,2016-08-01,20160800,20160900,2016-07-29,20160700,20160800,3
brl,BRE,6L,2016-09-01,20160900,20161000,2016-08-31,20160800,20160900,1
brl,BRE,6L,2016-10-03,20161000,20161100,2016-09-29,20160900,20161000,4
brl,BRE,6L,2016-11-01,20161100,20161200,2016-10-21,20161000,20161100,11
brl,BRE,6L,2016-12-01,20161200,20170100,2016-11-29,20161100,20161200,2
brl,BRE,6L,2017-01-03,20170100,20170200,2016-12-29,20161200,20170100,5
brl,BRE,6L,2017-02-01,20170200,20170300,2017-01-27,20170100,20170200,5
brl,BRE,6L,2017-02-28,20170300,20170400,2017-02-24,20170200,20170300,4
brl,BRE,6L,2017-04-03,20170400,20170500,2017-03-31,20170300,20170400,3
brl,BRE,6L,2017-05-01,20170500,20170600,2017-04-21,20170400,20170500,10
brl,BRE,6L,2017-06-01,20170600,20170700,2017-05-31,20170500,20170600,1
brl,BRE,6L,2017-07-03,20170700,20170800,2017-06-29,20170600,20170700,4
brl,BRE,6L,2017-08-01,20170800,20170900,2017-07-27,20170700,20170800,5
brl,BRE,6L,2017-09-01,20170900,20171000,2017-08-29,20170800,20170900,3
brl,BRE,6L,2017-10-02,20171000,20171100,2017-09-27,20170900,20171000,5
brl,BRE,6L,2017-11-01,20171100,20171200,2017-10-30,20171000,20171100,2
brl,BRE,6L,2017-11-30,20171200,20180100,2017-11-29,20171100,20171200,1
brl,BRE,6L,2017-12-28,20180100,20180200,2017-12-27,20171200,20180100,1
brl,BRE,6L,2018-01-31,20180200,20180300,2018-01-29,20180100,20180200,2
brl,BRE,6L,2018-02-28,20180300,20180400,2018-02-27,20180200,20180300,1
brl,BRE,6L,2018-03-29,20180400,20180500,2018-03-28,20180300,20180400,1
brl,BRE,6L,2018-04-30,20180500,20180600,2018-04-27,20180400,20180500,3
brl,BRE,6L,2018-05-30,20180600,20180700,2018-05-29,20180500,20180600,1
brl,BRE,6L,2018-06-29,20180700,20180800,2018-06-28,20180600,20180700,1
brl,BRE,6L,2018-07-31,20180800,20180900,2018-07-30,20180700,20180800,1
brl,BRE,6L,2018-08-31,20180900,20181000,2018-08-31,20180800,20180900,0
brl,BRE,6L,2018-09-28,20181000,20181100,2018-09-28,20180900,20181000,0
brl,BRE,6L,2018-10-31,20181100,20181200,2018-10-31,20181000,20181100,0
brl,BRE,6L,2018-11-30,20181200,20190100,2018-11-30,20181100,20181200,0
brl,BRE,6L,2018-12-28,20190100,20190200,2018-12-27,20181200,20190100,1
brl,BRE,6L,2019-01-31,20190200,20190300,2019-01-31,20190100,20190200,0
brl,BRE,6L,2019-02-28,20190300,20190400,2019-02-28,20190200,20190300,0
brl,BRE,6L,2019-03-29,20190400,20190500,2019-03-28,20190300,20190400,1
brl,BRE,6L,2019-04-30,20190500,20190600,2019-04-29,20190400,20190500,1
brl,BRE,6L,2019-05-31,20190600,20190700,2019-05-31,20190500,20190600,0
brl,BRE,6L,2019-06-28,20190700,20190800,2019-06-28,20190600,20190700,0
brl,BRE,6L,2019-07-31,20190800,20190900,2019-07-31,20190700,20190800,0
brl,BRE,6L,2019-08-30,20190900,20191000,2019-08-30,20190800,20190900,0
brl,BRE,6L,2019-09-30,20191000,20191100,2019-09-25,20190900,20191000,5
brl,BRE,6L,2019-10-31,20191100,20191200,2019-10-31,20191000,20191100,0
brl,BRE,6L,2019-11-29,20191200,20200100,2019-11-28,20191100,20191200,1
brl,BRE,6L,2019-12-30,20200100,20200200,2019-12-30,20191200,20200100,0
brl,BRE,6L,2020-01-31,20200200,20200300,2020-01-28,20200100,20200200,3
brl,BRE,6L,2020-02-28,20200300,20200400,2020-02-28,20200200,20200300,0
brl,BRE,6L,2020-03-31,20200400,20200500,2020-03-31,20200300,20200400,0
brl,BRE,6L,2020-04-30,20200500,20200600,2020-04-30,20200400,20200500,0
brl,BRE,6L,2020-05-29,20200600,20200700,2020-05-29,20200500,20200600,0
brl,BRE,6L,2020-06-30,20200700,20200800,2020-06-30,20200600,20200700,0
brl,BRE,6L,2020-07-31,20200800,20200900,2020-07-31,20200700,20200800,0
brl,BRE,6L,2020-08-31,20200900,20201000,2020-08-31,20200800,20200900,0
brl,BRE,6L,2020-09-30,20201000,20201100,2020-09-30,20200900,20201000,0
brl,BRE,6L,2020-10-30,20201100,20201200,2020-10-29,20201000,20201100,1
brl,BRE,6L,2020-11-30,20201200,20210100,2020-11-30,20201100,20201200,0
brl,BRE,6L,2020-12-30,20210100,20210200,2020-12-30,20201200,20210100,0
brl,BRE,6L,2021-01-29,20210200,20210300,2021-01-29,20210100,20210200,0
brl,BRE,6L,2021-02-26,20210300,20210400,2021-02-26,20210200,20210300,0
brl,BRE,6L,2021-03-31,20210400,20210500,2021-03-31,20210300,20210400,0
brl,BRE,6L,2021-04-30,20210500,20210600,2021-04-29,20210400,20210500,1
brl,BRE,6L,2021-05-31,20210600,20210700,2021-05-28,20210500,20210600,3
brl,BRE,6L,2021-06-30,20210700,20210800,2021-06-29,20210600,20210700,1
brl,BRE,6L,2021-07-19,20210800,20210900,2021-07-30,20210700,20210800,11
brl,BRE,6L,2021-08-26,20210900,20211000,2021-08-30,20210800,20210900,4
brl,BRE,6L,2021-09-28,20211000,20211100,2021-09-30,20210900,20211000,2
brl,BRE,6L,2021-10-25,20211100,20211200,2021-10-29,20211000,20211100,4
brl,BRE,6L,2021-11-29,20211200,20220100,2021-11-29,20211100,20211200,0
brl,BRE,6L,2021-12-10,20220100,20220200,2021-11-29,20211100,20211200,11
brl,BRE,6L,2022-01-18,20220200,20220300,2022-01-28,20220100,20220200,10
brl,BRE,6L,2022-02-11,20220300,20220400,2022-01-28,20220100,20220200,14
brl,BRE,6L,2022-03-08,20220400,20220500,2022-02-25,20220200,20220300,11
brl,BRE,6L,2022-04-25,20220500,20220600,2022-04-29,20220400,20220500,4
brl,BRE,6L,2022-05-23,20220600,20220700,2022-05-30,20220500,20220600,7
brl,BRE,6L,2022-06-10,20220700,20220800,2022-05-30,20220500,20220600,11
brl,BRE,6L,2022-08-12,20220800,20220900,2022-07-28,20220700,20220800,15
brl,BRE,6L,2022-08-30,20220900,20221000,2022-08-31,20220800,20220900,1
brl,BRE,6L,2022-09-05,20221000,20221100,2022-08-31,20220800,20220900,5
brl,BRE,6L,2022-10-10,20221100,20221200,2022-09-29,20220900,20221000,11
brl,BRE,6L,2022-11-29,20221200,20230100,2022-11-30,20221100,20221200,1
brl,BRE,6L,2023-01-05,20230100,20230200,2022-12-26,20221200,20230100,10
brl,BRE,6L,2023-01-06,20230200,20230300,2022-12-26,20221200,20230100,11
brl,BRE,6L,2023-02-22,20230300,20230400,2023-02-27,20230200,20230300,5
brl,BRE,6L,2023-04-12,20230400,20230600,2023-03-31,20230300,20230400,12
brl,BRE,6L,2023-05-23,20230600,20230700,2023-05-30,20230500,20230600,7
brl,BRE,6L,2023-07-05,20230700,20230800,2023-06-30,20230600,20230700,5
brl,BRE,6L,2023-07-25,20230800,20230900,2023-07-31,20230700,20230800,6
brl,BRE,6L,2023-08-22,20230900,20231000,2023-08-31,20230800,20230900,9
brl,BRE,6L,2023-09-22,20231000,20231100,2023-09-29,20230900,20231000,7
brl,BRE,6L,2023-10-13,20231100,20231200,2023-09-29,20230900,20231000,14
brl,BRE,6L,2023-11-20,20231200,20240100,2023-11-30,20231100,20231200,10
brl,BRE,6L,2023-12-21,20240100,20240200,2023-12-28,20231200,20240100,7
brl,BRE,6L,2024-01-08,20240200,20240300,2023-12-28,20231200,20240100,11
brl,BRE,6L,2024-02-23,20240300,20240400,2024-02-29,20240200,20240300,6
brl,BRE,6L,2024-03-20,20240400,20240500,2024-03-28,20240300,20240400,8
