instrument_a,instrument_b,candidate_reasons,asset_class,economic_family_a,economic_family_b,description_a,description_b,currency_a,currency_b,point_size_a,point_size_b,ib_symbol_a,ib_symbol_b,ib_exchange_a,ib_exchange_b,history_start_a,history_start_b,history_days_a,history_days_b,roll_config_a,roll_config_b,pooling_role_a,pooling_role_b,include_default_a,include_default_b,representative_a,representative_b,overlap_return_days,return_correlation,overlap_contract_days,contract_month_agreement,contract_id_agreement,rolls_a,rolls_b,roll_near_5d_a_to_b,roll_near_5d_b_to_a,roll_config_match,same_broker_exchange,assessment
COCOA,COCOA_LDN,"reviewed_economic_family,symbol_root",Ags,COCOA,COCOA,Cocoa NY,Cocoa London,USD,GBP,10.0,10.0,CC,C,NYBOT,ICEEUSOFT,1970-03-25T23:00:00.000000,1989-03-28T23:00:00.000000,13527,8844,HKNUZ/-50/-1/HKNUZ/13,HKNUZ/-50/-1/HKNUZ/13,distinct_contract,distinct_contract,true,true,COCOA,COCOA_LDN,8622,0.8198981310131133,8623,0.91592253276122,0.91592253276122,269,175,0.3903345724907063,0.6,true,false,reviewed_distinct_history
CORN,CORN_mini,"integer_scaled_point_value,normalized_description,normalized_symbol,reviewed_economic_family,same_broker_exchange,same_currency,symbol_root",Ags,CORN,CORN,Corn,Corn mini,USD,USD,50.0,10.0,ZC,YC,CBOT,CBOT,1972-10-18T23:00:00.000000,1970-08-18T23:00:00.000000,12935,13511,Z/-60/-1/HKNUZ/14,HKNUZ/-30/1/HKNUZ/14,distinct_roll_policy,distinct_roll_policy,true,true,CORN,CORN_mini,12919,0.9481795033856408,12920,0.16973684210526316,0.16973684210526316,51,132,0.0,0.0,false,true,reviewed_distinct_history
COTTON,COTTON2,"integer_scaled_point_value,reviewed_economic_family,same_currency",Ags,COTTON,COTTON,NYMEX Cotton index,Cotton #2,USD,USD,50000.0,500.0,TT,CT,NYMEX,NYBOT,2007-02-22T23:00:00.000000,1970-03-10T23:00:00.000000,4191,13547,HKNVZ/-5/1/HKNVZ/15,HKNZ/-60/-1/HKNVZ/6,distinct_contract,distinct_contract,true,true,COTTON,COTTON2,4171,0.5814940905291549,4172,0.1538830297219559,0.1538830297219559,85,215,0.047058823529411764,0.018604651162790697,false,false,reviewed_distinct_history
SOYBEAN,SOYBEAN_mini,"integer_scaled_point_value,normalized_description,normalized_symbol,reviewed_economic_family,same_broker_exchange,same_currency,symbol_root",Ags,SOYBEAN,SOYBEAN,Soybean,Soybean mini,USD,USD,50.0,10.0,ZS,YK,CBOT,CBOT,1985-09-20T23:00:00.000000,1981-08-03T23:00:00.000000,9703,10748,X/-60/-1/FHKNQUX/13,FHKNQUX/-45/1/FHKNQUX/13,distinct_roll_policy,distinct_roll_policy,true,true,SOYBEAN,SOYBEAN_mini,9695,0.955272405206,9696,0.12407178217821782,0.12407178217821782,38,128,0.05263157894736842,0.015625,false,true,reviewed_distinct_history
SUGAR11,SUGAR16,"reviewed_economic_family,same_broker_exchange,same_currency",Ags,SUGAR,SUGAR,Sugar #11,Sugar #16,USD,USD,1120.0,1120.0,SB,SF,NYBOT,NYBOT,1970-02-16T23:00:00.000000,2008-12-09T23:00:00.000000,13543,2861,HKNV/-60/-1/HKNV/-2,FHKNUX/-60/-1/FHKNUX/7,distinct_contract,distinct_contract,true,true,SUGAR11,SUGAR16,2859,0.19152071642156443,2860,0.29790209790209793,0.29790209790209793,216,91,0.004629629629629629,0.01098901098901099,false,true,reviewed_distinct_history
SUGAR11,SUGAR_WHITE,"reviewed_economic_family,same_currency",Ags,SUGAR,SUGAR,Sugar #11,White sugar,USD,USD,1120.0,50.0,SB,W,NYBOT,ICEEUSOFT,1970-02-16T23:00:00.000000,1989-02-14T23:00:00.000000,13543,8871,HKNV/-60/-1/HKNV/-2,HKQVZ/-60/-1/HKQVZ/-2,distinct_contract,distinct_contract,true,true,SUGAR11,SUGAR_WHITE,8645,0.014992555143855798,8646,0.440087901919963,0.440087901919963,216,175,0.0,0.0,false,false,reviewed_distinct_history
SUGAR16,SUGAR_WHITE,"reviewed_economic_family,same_currency",Ags,SUGAR,SUGAR,Sugar #16,White sugar,USD,USD,1120.0,50.0,SF,W,NYBOT,ICEEUSOFT,2008-12-09T23:00:00.000000,1989-02-14T23:00:00.000000,2861,8871,FHKNUX/-60/-1/FHKNUX/7,HKQVZ/-60/-1/HKQVZ/-2,distinct_contract,distinct_contract,true,true,SUGAR16,SUGAR_WHITE,2814,0.18911471627190604,2815,0.2792184724689165,0.2792184724689165,91,175,0.14285714285714285,0.06857142857142857,false,false,reviewed_distinct_history
WHEAT,WHEAT_ICE,"integer_scaled_point_value,normalized_description,normalized_symbol,reviewed_economic_family,symbol_root",Ags,WHEAT,WHEAT,Wheat,Wheat ICE,USD,GBP,50.0,100.0,ZW,T,CBOT,ICEEUSOFT,1973-12-19T23:00:00.000000,1994-01-28T23:00:00.000000,12672,7577,Z/-60/-1/HKNUZ/13,KX/-100/-1/FHKNX/6,distinct_roll_policy,distinct_contract,true,true,WHEAT,WHEAT_ICE,7417,0.47760459524698046,7418,0.0,0.0,50,60,0.04,0.03333333333333333,false,false,reviewed_distinct_history
WHEAT,WHEAT_mini,"integer_scaled_point_value,normalized_description,normalized_symbol,reviewed_economic_family,same_broker_exchange,same_currency,symbol_root",Ags,WHEAT,WHEAT,Wheat,Wheat mini,USD,USD,50.0,10.0,ZW,YW,CBOT,CBOT,1973-12-19T23:00:00.000000,1970-08-17T23:00:00.000000,12672,13512,Z/-60/-1/HKNUZ/13,HKNUZ/-30/1/HKNUZ/13,distinct_roll_policy,distinct_roll_policy,true,true,WHEAT,WHEAT_mini,12670,0.8978004620452004,12671,0.12035356325467603,0.12035356325467603,50,141,0.0,0.0,false,true,reviewed_distinct_history
WHEAT_ICE,WHEAT_mini,"integer_scaled_point_value,normalized_description,normalized_symbol,reviewed_economic_family,symbol_root",Ags,WHEAT,WHEAT,Wheat ICE,Wheat mini,GBP,USD,100.0,10.0,T,YW,ICEEUSOFT,CBOT,1994-01-28T23:00:00.000000,1970-08-17T23:00:00.000000,7577,13512,KX/-100/-1/FHKNX/6,HKNUZ/-30/1/HKNUZ/13,distinct_contract,distinct_roll_policy,true,true,WHEAT_ICE,WHEAT_mini,7417,0.47623508196706404,7418,0.0004044216770018873,0.0004044216770018873,60,141,0.0,0.0,false,false,reviewed_distinct_history
EURIBOR,EURIBOR-ICE,"normalized_symbol,reviewed_economic_family,same_currency,symbol_root",Bond,EURIBOR,EURIBOR,Three Month EURIBOR,3 Month EURIBOR Interest Rate,EUR,EUR,2500.0,2500.0,EU3,I,EUREX,ICEEU,1989-04-21T23:00:00.000000,1989-04-21T23:00:00.000000,8921,8924,HMUZ/-700/-1/HMUZ/15,HMUZ/-700/-1/HMUZ/15,distinct_contract,distinct_contract,true,true,EURIBOR,EURIBOR-ICE,8919,0.8724620455008011,8920,0.9189461883408072,0.9189461883408072,145,145,0.8896551724137931,0.8689655172413793,true,false,reviewed_distinct_history
JGB,JGB-SGX-mini,"integer_scaled_point_value,normalized_symbol,reviewed_economic_family,same_currency,symbol_root",Bond,JGB10,JGB10,Standardized 6% 10-Year Japanese Government Bond,SGX Mini JGB Index,JPY,JPY,1000000.0,100000.0,JGB,SGB,OSE.JPN,SGX,2001-12-04T23:00:00.000000,1999-02-25T23:00:00.000000,5544,6350,HMUZ/-20/1/HMUZ/15,HMUZ/-20/1/HMUZ/15,execution_duplicate,distinct_contract,false,true,JGB-mini,JGB-SGX-mini,5524,0.898896023565402,5525,0.930316742081448,0.930316742081448,89,100,0.24719101123595505,0.22,true,false,reviewed_execution_duplicate
JGB,JGB-mini,"integer_scaled_point_value,normalized_symbol,reviewed_economic_family,same_broker_exchange,same_currency,symbol_root",Bond,JGB10,JGB10,Standardized 6% 10-Year Japanese Government Bond,Mini 10 Year JGB,JPY,JPY,1000000.0,100000.0,JGB,MJ,OSE.JPN,OSE.JPN,2001-12-04T23:00:00.000000,2001-12-04T23:00:00.000000,5544,5551,HMUZ/-20/1/HMUZ/15,HMUZ/-20/1/HMUZ/15,execution_duplicate,primary,false,true,JGB-mini,JGB-mini,5540,0.9716591142199261,5541,0.9745533297238765,0.9745533297238765,89,89,0.898876404494382,0.898876404494382,true,true,reviewed_execution_duplicate
JGB-SGX-mini,JGB-mini,"normalized_symbol,reviewed_economic_family,same_currency,symbol_root",Bond,JGB10,JGB10,SGX Mini JGB Index,Mini 10 Year JGB,JPY,JPY,100000.0,100000.0,SGB,MJ,SGX,OSE.JPN,1999-02-25T23:00:00.000000,2001-12-04T23:00:00.000000,6350,5551,HMUZ/-20/1/HMUZ/15,HMUZ/-20/1/HMUZ/15,distinct_contract,primary,true,true,JGB-SGX-mini,JGB-mini,5522,0.8792869896503469,5523,0.9246786166938258,0.9246786166938258,100,89,0.24,0.2696629213483146,true,false,reviewed_distinct_history
AEX,AEX_mini,"broker_symbol,integer_scaled_point_value,normalized_symbol,reviewed_economic_family,same_broker_exchange,same_currency,symbol_root",Equity,AEX,AEX,Netherlands equity index AEX,AEX mini,EUR,EUR,200.0,20.0,EOE,EOE,FTA,FTA,2009-08-18T23:00:00.000000,2009-07-16T23:00:00.000000,3750,3766,FGHJKMNQUVXZ/-5/1/FGHJKMNQUVXZ/19,FGHJKMNQUVXZ/-5/1/FGHJKMNQUVXZ/19,execution_duplicate,primary,false,true,AEX_mini,AEX_mini,3742,0.9976445894752708,3743,0.9465669249265295,0.9465669249265295,175,176,0.9542857142857143,0.9488636363636364,true,true,reviewed_execution_duplicate
DOW,DOW_mini,"integer_scaled_point_value,normalized_symbol,reviewed_economic_family,same_broker_exchange,same_currency,symbol_root",Equity,DOW30,DOW30,Micro E-Mini Dow Jones Industrial Average Index,Mini Sized Dow Jones Industrial Average $5,USD,USD,0.5,5.0,MYM,YM,CBOT,CBOT,2002-06-12T23:00:00.000000,2002-06-12T23:00:00.000000,5575,5575,HMUZ/-5/1/HMUZ/15,HMUZ/-5/1/HMUZ/15,execution_duplicate,primary,false,true,DOW_mini,DOW_mini,5574,0.9999872881493008,5575,0.9958744394618834,0.9958744394618834,87,87,0.9655172413793104,0.9655172413793104,true,true,reviewed_execution_duplicate
EUROSTX,EUROSTX-LARGE,"integer_scaled_point_value,reviewed_economic_family,same_broker_exchange,same_currency,symbol_root",Equity,EUROPE_EQUITY,EUROPE_EQUITY,European equity index EUROSTOXX50,Euro Stoxx Large,EUR,EUR,10.0,50.0,ESTX50,DJESL,EUREX,EUREX,2014-03-13T23:00:00.000000,2013-03-12T23:00:00.000000,2466,2648,HMUZ/-5/1/HMUZ/15,HMUZ/-5/1/HMUZ/15,distinct_contract,distinct_contract,true,true,EUROSTX,EUROSTX-LARGE,2300,0.7250300498476984,2301,0.9674054758800521,0.9674054758800521,40,44,0.775,0.7045454545454546,true,true,reviewed_distinct_history
EUROSTX,EUROSTX-SMALL,"integer_scaled_point_value,reviewed_economic_family,same_broker_exchange,same_currency,symbol_root",Equity,EUROPE_EQUITY,EUROPE_EQUITY,European equity index EUROSTOXX50,Euro Stoxx Small,EUR,EUR,10.0,50.0,ESTX50,DJESS,EUREX,EUREX,2014-03-13T23:00:00.000000,2013-03-12T23:00:00.000000,2466,2804,HMUZ/-5/1/HMUZ/15,HMUZ/-5/1/HMUZ/15,distinct_contract,distinct_contract,true,true,EUROSTX,EUROSTX-SMALL,2455,0.7685313864270572,2456,0.9784201954397395,0.9784201954397395,40,44,0.95,0.8636363636363636,true,true,reviewed_distinct_history
EUROSTX-LARGE,EUROSTX-SMALL,"reviewed_economic_family,same_broker_exchange,same_currency,symbol_root",Equity,EUROPE_EQUITY,EUROPE_EQUITY,Euro Stoxx Large,Euro Stoxx Small,EUR,EUR,50.0,50.0,DJESL,DJESS,EUREX,EUREX,2013-03-12T23:00:00.000000,2013-03-12T23:00:00.000000,2648,2804,HMUZ/-5/1/HMUZ/15,HMUZ/-5/1/HMUZ/15,distinct_contract,distinct_contract,true,true,EUROSTX-LARGE,EUROSTX-SMALL,2638,0.8041723746745569,2639,0.984463812050019,0.984463812050019,44,44,0.8409090909090909,0.8409090909090909,true,true,reviewed_distinct_history
HANG,HANG_mini,"integer_scaled_point_value,normalized_description,normalized_symbol,reviewed_economic_family,same_broker_exchange,same_currency,symbol_root",Equity,HANG_SENG,HANG_SENG,Hong Kong equity index Hang Seng,Hong Kong equity index Hang Seng mini,HKD,HKD,50.0,10.0,HSI,MHI,HKFE,HKFE,1986-05-23T23:00:00.000000,2001-09-20T23:00:00.000000,9322,5555,FGHJKMNQUVXZ/-5/1/FGHJKMNQUVXZ/26,FGHJKMNQUVXZ/-5/1/FGHJKMNQUVXZ/23,primary,execution_duplicate,true,false,HANG,HANG,5553,0.9990850645997144,5554,0.8894490457328051,0.8894490457328051,454,270,0.5616740088105727,0.9444444444444444,false,true,reviewed_execution_duplicate
HANGENT,HANGENT_mini,"integer_scaled_point_value,normalized_description,normalized_symbol,reviewed_economic_family,same_broker_exchange,same_currency,symbol_root",Equity,HANG_SENG_CHINA,HANG_SENG_CHINA,Hang Seng China Enterprise Index,Hang Seng China Enterprise Index mini,HKD,HKD,50.0,10.0,HHI.HK,MCH.HK,HKFE,HKFE,2022-07-26T23:00:00.000000,2022-07-21T23:00:00.000000,417,420,FGHJKMNQUVXZ/-5/1/FGHJKMNQUVXZ/28,FGHJKMNQUVXZ/-10/1/FGHJKMNQUVXZ/28,distinct_roll_policy,distinct_roll_policy,true,true,HANGENT,HANGENT_mini,415,0.9998253282453272,417,0.8225419664268585,0.8225419664268585,19,20,0.5263157894736842,0.5,false,true,reviewed_distinct_history
IBEX,IBEX_mini,"integer_scaled_point_value,normalized_symbol,reviewed_economic_family,same_broker_exchange,same_currency,symbol_root",Equity,IBEX35,IBEX35,Spanish equity index IBEX,IBEX 35 mini,EUR,EUR,10.0,1.0,IBEX35,IBEX,MEFFRV,MEFFRV,1992-10-07T23:00:00.000000,1992-10-07T23:00:00.000000,7964,7964,FGHJKMNQUVXZ/-10/1/FGHJKMNQUVXZ/15,FGHJKMNQUVXZ/-10/1/FGHJKMNQUVXZ/15,primary,execution_duplicate,true,false,IBEX,IBEX,7963,0.9999978263891074,7964,0.9986187845303868,0.9986187845303868,376,376,1.0,1.0,true,true,reviewed_execution_duplicate
KOSPI,KOSPI_mini,"integer_scaled_point_value,normalized_symbol,reviewed_economic_family,same_broker_exchange,same_currency,symbol_root",Equity,KOSPI200,KOSPI200,Korean equity index KOSPI,KOSPI mini,KRW,KRW,250000.0,50000.0,K200,K200M,KSE,KSE,2014-03-13T23:00:00.000000,2013-12-10T10:32:55.000000,2480,2540,HMUZ/-1/1/HMUZ/13,FGHJKMNQUVXZ/-1/1/FGHJKMNQUVXZ/13,distinct_roll_policy,distinct_roll_policy,true,true,KOSPI,KOSPI_mini,2473,0.9805000599501886,2474,0.8063864187550526,0.8063864187550526,40,60,0.925,0.6166666666666667,false,true,reviewed_distinct_history
MSCIASIA,MSCIEMASIA,"reviewed_economic_family,same_currency",Equity,MSCI_EM_ASIA,MSCI_EM_ASIA,MSCI Emerging Markets Asia,MSCI Emerging Markets Asia Net Total Return,USD,USD,100.0,100.0,M1MS,M1MSA,EUREX,NYSELIFFE,2021-03-12T23:00:00.000000,2023-06-14T23:00:00.000000,782,205,HMUZ/-5/1/HMUZ/15,M/-5/1/M/17,distinct_contract,distinct_contract,true,true,MSCIASIA,MSCIEMASIA,203,0.8794360007303197,204,0.05392156862745098,0.05392156862745098,12,0,0.0,,false,false,reviewed_distinct_history
NASDAQ,NASDAQ_micro,"integer_scaled_point_value,normalized_symbol,reviewed_economic_family,same_broker_exchange,same_currency,symbol_root",Equity,NASDAQ100,NASDAQ100,US equity index Nasdaq,NASDAQ micro,USD,USD,20.0,2.0,NQ,MNQ,CME,CME,1999-12-14T23:00:00.000000,1999-12-14T23:00:00.000000,6186,6185,HMUZ/-5/1/HMUZ/14,HMUZ/-5/1/HMUZ/14,primary,execution_duplicate,true,false,NASDAQ,NASDAQ,6184,0.9998153842995593,6185,0.9961196443007275,0.9961196443007275,97,97,0.9587628865979382,0.9587628865979382,true,true,reviewed_execution_duplicate
RUSSELL,RUSSELL_mini,"integer_scaled_point_value,normalized_description,normalized_symbol,reviewed_economic_family,same_broker_exchange,same_currency,symbol_root",Equity,RUSSELL2000,RUSSELL2000,Micro E-Mini Russell 2000 Index,E-Mini Russell 2000 Index,USD,USD,5.0,50.0,M2K,RTY,CME,CME,2015-03-11T02:00:00.000000,2015-03-11T02:00:00.000000,2326,2326,HMUZ/-5/1/HMUZ/15,HMUZ/-5/1/HMUZ/15,execution_duplicate,primary,false,true,RUSSELL_mini,RUSSELL_mini,2325,0.9999618783569234,2326,0.9926913155631987,0.9926913155631987,36,36,0.9444444444444444,0.9444444444444444,true,true,reviewed_execution_duplicate
SMI,SMI-MID,"reviewed_economic_family,same_broker_exchange,same_currency,symbol_root",Equity,SWISS_EQUITY,SWISS_EQUITY,Swiss equity index SMI,Swiss Mid-cap Index,CHF,CHF,10.0,10.0,SMI,SMIM,EUREX,EUREX,2014-03-12T23:00:00.000000,2005-12-12T23:00:00.000000,2432,4544,HMUZ/-5/1/HMUZ/14,HMUZ/-5/1/HMUZ/14,distinct_contract,distinct_contract,true,true,SMI,SMI-MID,2381,0.5074571104507275,2382,0.9777497900923594,0.9777497900923594,40,73,0.925,0.5068493150684932,true,true,reviewed_distinct_history
SP500,SP500_micro,"integer_scaled_point_value,normalized_symbol,reviewed_economic_family,same_broker_exchange,same_currency,symbol_root",Equity,SP500,SP500,US equity index S&P500,S&P 500 micro,USD,USD,50.0,5.0,ES,MES,CME,CME,1982-09-14T23:00:00.000000,1982-09-14T23:00:00.000000,10559,10559,HMUZ/-5/1/HMUZ/14,HMUZ/-5/1/HMUZ/14,primary,execution_duplicate,true,false,SP500,SP500,10558,0.999995879302332,10559,0.9981058812387537,0.9981058812387537,166,166,0.9879518072289156,0.9879518072289156,true,true,reviewed_execution_duplicate
AUD,AUD_micro,"integer_scaled_point_value,normalized_symbol,reviewed_economic_family,same_broker_exchange,same_currency,symbol_root",FX,AUDUSD,AUDUSD,AUDUSD currency,AUDUSD micro,USD,USD,100000.0,10000.0,AUD,M6A,CME,CME,1987-06-16T23:00:00.000000,1987-03-16T23:00:00.000000,9316,9380,HMUZ/-5/1/HMUZ/17,HMUZ/-5/1/HMUZ/17,execution_duplicate,primary,false,true,AUD_micro,AUD_micro,9315,0.9990237071947755,9316,0.9843280377844569,0.9843280377844569,147,148,0.9523809523809523,0.9459459459459459,true,true,reviewed_execution_duplicate
CAD,CAD_micro,"integer_scaled_point_value,normalized_symbol,reviewed_economic_family,same_broker_exchange,same_currency,symbol_root",FX,CADUSD,CADUSD,CADUSD currency,CADUSD_micro,USD,USD,100000.0,10000.0,CAD,MCD,CME,CME,1972-09-14T23:00:00.000000,1972-09-14T23:00:00.000000,13096,13095,HMUZ/-5/1/HMUZ/17,HMUZ/-5/1/HMUZ/17,primary,execution_duplicate,true,false,CAD,CAD,13094,0.9997454905113848,13095,0.9923634975181367,0.9923634975181367,206,206,0.9757281553398058,0.9757281553398058,true,true,reviewed_execution_duplicate
CHF,CHF_micro,"integer_scaled_point_value,normalized_symbol,reviewed_economic_family,same_broker_exchange,same_currency,symbol_root",FX,CHFUSD,CHFUSD,CHFUSD currency,CHFUSD micro,USD,USD,125000.0,12500.0,CHF,MSF,CME,CME,1972-09-14T23:00:00.000000,1972-09-14T23:00:00.000000,13092,13092,HMUZ/-5/1/HMUZ/17,HMUZ/-5/1/HMUZ/17,primary,execution_duplicate,true,false,CHF,CHF,13091,0.9998568955297565,13092,0.9960281087687137,0.9960281087687137,206,206,0.970873786407767,0.970873786407767,true,true,reviewed_execution_duplicate
CNH,CNH-onshore,"integer_scaled_point_value,reviewed_economic_family,same_broker_exchange,symbol_root",FX,CHINESE_RENMINBI,CHINESE_RENMINBI,SGX US Dollar in offshore Chinese Renminbi (CNH),SGX onshore Chinese Renminbi (CNY) in US Dollar Futures (CY@SGX),CNH,USD,100000.0,500000.0,UC,CY,SGX,SGX,2013-05-07T23:00:00.000000,2015-12-14T23:00:00.000000,2865,1926,FGHJKMNQUVXZ/-10/1/FGHJKMNQUVXZ/15,FGHJKMNQUVXZ/-5/1/FGHJKMNQUVXZ/15,distinct_contract,distinct_contract,true,true,CNH,CNH-onshore,1907,-0.5317573188694801,1908,0.7693920335429769,0.7693920335429769,130,98,0.26153846153846155,0.336734693877551,false,true,reviewed_distinct_history
EUR,EUR_micro,"integer_scaled_point_value,normalized_symbol,reviewed_economic_family,same_broker_exchange,same_currency,symbol_root",FX,EURUSD,EURUSD,EURUSD currency,EURUSD micro,USD,USD,125000.0,12500.0,EUR,M6E,CME,CME,1999-06-15T23:00:00.000000,1999-06-15T23:00:00.000000,6219,6219,HMUZ/-5/1/HMUZ/17,HMUZ/-5/1/HMUZ/17,execution_duplicate,execution_duplicate,false,false,EUR_mini,EUR_mini,6218,0.9998660857336025,6219,0.994693680656054,0.994693680656054,99,99,0.9595959595959596,0.9595959595959596,true,true,reviewed_execution_duplicate
EUR,EUR_mini,"integer_scaled_point_value,normalized_symbol,reviewed_economic_family,same_broker_exchange,same_currency,symbol_root",FX,EURUSD,EURUSD,EURUSD currency,EURUSD mini,USD,USD,125000.0,62500.0,EUR,E7,CME,CME,1999-06-15T23:00:00.000000,1999-03-15T23:00:00.000000,6219,6286,HMUZ/-5/1/HMUZ/17,HMUZ/-5/1/HMUZ/17,execution_duplicate,primary,false,true,EUR_mini,EUR_mini,6218,0.9987933795689635,6219,0.9802219006271105,0.9802219006271105,99,100,0.898989898989899,0.89,true,true,reviewed_execution_duplicate
EUR_micro,EUR_mini,"integer_scaled_point_value,normalized_description,normalized_symbol,reviewed_economic_family,same_broker_exchange,same_currency,symbol_root",FX,EURUSD,EURUSD,EURUSD micro,EURUSD mini,USD,USD,12500.0,62500.0,M6E,E7,CME,CME,1999-06-15T23:00:00.000000,1999-03-15T23:00:00.000000,6219,6286,HMUZ/-5/1/HMUZ/17,HMUZ/-5/1/HMUZ/17,execution_duplicate,primary,false,true,EUR_mini,EUR_mini,6218,0.9988540061179451,6219,0.9768451519536903,0.9768451519536903,99,100,0.8888888888888888,0.88,true,true,reviewed_execution_duplicate
GBP,GBP_micro,"integer_scaled_point_value,normalized_symbol,reviewed_economic_family,same_broker_exchange,same_currency,symbol_root",FX,GBPUSD,GBPUSD,GBPUSD currency,GBPUSD_micro,USD,USD,62500.0,6250.0,GBP,M6B,CME,CME,1975-12-16T23:00:00.000000,1975-09-15T23:00:00.000000,12240,12284,HMUZ/-5/1/HMUZ/17,HMUZ/-5/1/HMUZ/17,execution_duplicate,primary,false,true,GBP_micro,GBP_micro,12218,0.9991668451343079,12219,0.9848596448154513,0.9848596448154513,193,194,0.9637305699481865,0.9587628865979382,true,true,reviewed_execution_duplicate
JPY,JPY_mini,"integer_scaled_point_value,normalized_symbol,reviewed_economic_family,same_broker_exchange,same_currency,symbol_root",FX,JPYUSD,JPYUSD,JPYUSD currency,JPYUSD mini,USD,USD,12500000.0,6250000.0,JPY,J7,CME,CME,1977-06-14T23:00:00.000000,1977-03-14T23:00:00.000000,11825,11926,HMUZ/-5/1/HMUZ/17,HMUZ/-5/1/HMUZ/17,execution_duplicate,primary,false,true,JPY_mini,JPY_mini,11824,0.9993425101223936,11825,0.9848625792811839,0.9848625792811839,187,188,0.9679144385026738,0.9627659574468085,true,true,reviewed_execution_duplicate
KRWUSD,KRWUSD_mini,"integer_scaled_point_value,normalized_symbol,reviewed_economic_family,same_currency,symbol_root",FX,KRWUSD,KRWUSD,Korean Won,SGX Korean Won in US Dollar Futures (Mini),USD,USD,125000000.0,25000.0,KRW,KU,CME,SGX,2021-03-08T23:00:00.000000,2021-04-07T23:00:00.000000,739,803,FGHJKMNQUVXZ/-10/1/FGHJKMNQUVXZ/15,FGHJKMNQUVXZ/-10/1/FGHJKMNQUVXZ/15,distinct_contract,distinct_contract,true,true,KRWUSD,KRWUSD_mini,715,0.6982351535363673,716,0.7416201117318436,0.7416201117318436,36,36,0.5,0.5,true,false,reviewed_distinct_history
SGD,SGD_mini,"integer_scaled_point_value,normalized_description,normalized_symbol,reviewed_economic_family,same_broker_exchange,same_currency,symbol_root",FX,USDSGD,USDSGD,SGX US Dollar in Singapore Dollar Futures (Full-Sized),SGX US Dollar in Singapore Dollar (Mini) Futures,SGD,SGD,100000.0,25000.0,SND,US,SGX,SGX,2020-10-19T23:00:00.000000,2020-10-19T23:00:00.000000,903,938,FGHJKMNQUVXZ/-10/1/FGHJKMNQUVXZ/15,FGHJKMNQUVXZ/-10/1/FGHJKMNQUVXZ/15,execution_duplicate,primary,false,true,SGD_mini,SGD_mini,890,0.8291057291564309,891,0.7744107744107744,0.7744107744107744,42,42,0.5714285714285714,0.5714285714285714,true,true,reviewed_execution_duplicate
TWD,TWD-mini,"normalized_description,normalized_symbol,reviewed_economic_family,same_broker_exchange,same_currency,symbol_root",FX,TWDUSD,TWDUSD,SGX Taiwan Dollar in US Dollar Futures (Full-Sized),SGX Taiwan Dollar in US Dollar Futures (Mini),USD,USD,3000.0,100000.0,TWD,TD,SGX,SGX,2021-10-15T23:00:00.000000,2021-10-19T23:00:00.000000,571,521,FGHJKMNQUVXZ/-5/1/FGHJKMNQUVXZ/15,FGHJKMNQUVXZ/-5/1/FGHJKMNQUVXZ/15,primary,execution_duplicate,true,false,TWD,TWD,445,0.7478607579553684,446,0.8251121076233184,0.8251121076233184,29,30,0.7586206896551724,0.7333333333333333,true,true,reviewed_execution_duplicate
ALUMINIUM,ALUMINIUM_LME,"normalized_symbol,reviewed_economic_family,same_currency,symbol_root",Metals,ALUMINIUM,ALUMINIUM,NYMEX Aluminum Index,High-Grade Primary Aluminium,USD,USD,25.0,25.0,ALI,AH,COMEX,LMEOTC,2019-12-13T09:00:00.000000,2023-06-01T23:00:00.000000,1027,212,FGHJKMNQUVXZ/-45/1/FGHJKMNQUVXZ/14,FGHJKMNQUVXZ/-45/1/FGHJKMNQUVXZ/14,distinct_contract,distinct_contract,true,true,ALUMINIUM,ALUMINIUM_LME,205,0.884725262801231,206,0.8737864077669902,0.8737864077669902,52,10,0.1346153846153846,0.7,true,false,reviewed_distinct_history
COPPER,COPPER-micro,"integer_scaled_point_value,normalized_description,normalized_symbol,reviewed_economic_family,same_broker_exchange,same_currency,symbol_root",Metals,COPPER,COPPER,Copper,Copper micro,USD,USD,25000.0,2500.0,HG,MHG,COMEX,COMEX,1995-09-01T23:00:00.000000,1995-02-15T23:00:00.000000,7219,7357,HNUZ/-30/1/FHJMNUVZ/27,HKNUZ/-30/1/FGHJKMNQUVXZ/15,distinct_roll_policy,distinct_roll_policy,true,true,COPPER,COPPER-micro,7218,0.9777567629370564,7219,0.7994182019670314,0.7994182019670314,114,125,0.017543859649122806,0.016,false,true,reviewed_distinct_history
COPPER,COPPER-mini,"integer_scaled_point_value,normalized_symbol,reviewed_economic_family,same_broker_exchange,same_currency,symbol_root",Metals,COPPER,COPPER,Copper,COMEX MINY Copper,USD,USD,25000.0,12500.0,HG,QC,COMEX,COMEX,1995-09-01T23:00:00.000000,1995-02-28T23:00:00.000000,7219,7324,HNUZ/-30/1/FHJMNUVZ/27,HKNUZ/-30/1/HKNUZ/27,distinct_roll_policy,distinct_roll_policy,true,true,COPPER,COPPER-mini,7188,0.9182423456458539,7189,0.9012380025038252,0.9012380025038252,114,125,0.8508771929824561,0.776,false,true,reviewed_distinct_history
COPPER,COPPER_LME,"integer_scaled_point_value,normalized_symbol,reviewed_economic_family,same_currency,symbol_root",Metals,COPPER,COPPER,Copper,Grade A Copper - LME,USD,USD,25000.0,25.0,HG,CA,COMEX,LMEOTC,1995-09-01T23:00:00.000000,2023-06-01T23:00:00.000000,7219,212,HNUZ/-30/1/FHJMNUVZ/27,FGHJKMNQUVXZ/-45/1/FGHJKMNQUVXZ/14,distinct_roll_policy,distinct_contract,true,true,COPPER,COPPER_LME,205,0.8968631771904216,206,0.30097087378640774,0.30097087378640774,114,10,0.008771929824561403,0.1,false,false,reviewed_distinct_history
COPPER-micro,COPPER-mini,"integer_scaled_point_value,normalized_symbol,reviewed_economic_family,same_broker_exchange,same_currency,symbol_root",Metals,COPPER,COPPER,Copper micro,COMEX MINY Copper,USD,USD,2500.0,12500.0,MHG,QC,COMEX,COMEX,1995-02-15T23:00:00.000000,1995-02-28T23:00:00.000000,7357,7324,HKNUZ/-30/1/FGHJKMNQUVXZ/15,HKNUZ/-30/1/HKNUZ/27,distinct_roll_policy,distinct_roll_policy,true,true,COPPER-micro,COPPER-mini,7317,0.918387403747317,7318,0.8401202514348183,0.8401202514348183,125,125,0.032,0.032,false,true,reviewed_distinct_history
COPPER-micro,COPPER_LME,"integer_scaled_point_value,normalized_symbol,reviewed_economic_family,same_currency,symbol_root",Metals,COPPER,COPPER,Copper micro,Grade A Copper - LME,USD,USD,2500.0,25.0,MHG,CA,COMEX,LMEOTC,1995-02-15T23:00:00.000000,2023-06-01T23:00:00.000000,7357,212,HKNUZ/-30/1/FGHJKMNQUVXZ/15,FGHJKMNQUVXZ/-45/1/FGHJKMNQUVXZ/14,distinct_roll_policy,distinct_contract,true,true,COPPER-micro,COPPER_LME,205,0.8974148034580827,206,0.3883495145631068,0.3883495145631068,125,10,0.016,0.2,false,false,reviewed_distinct_history
COPPER-mini,COPPER_LME,"integer_scaled_point_value,normalized_symbol,reviewed_economic_family,same_currency,symbol_root",Metals,COPPER,COPPER,COMEX MINY Copper,Grade A Copper - LME,USD,USD,12500.0,25.0,QC,CA,COMEX,LMEOTC,1995-02-28T23:00:00.000000,2023-06-01T23:00:00.000000,7324,212,HKNUZ/-30/1/HKNUZ/27,FGHJKMNQUVXZ/-45/1/FGHJKMNQUVXZ/14,distinct_roll_policy,distinct_contract,true,true,COPPER-mini,COPPER_LME,205,0.8917460858992586,206,0.3883495145631068,0.3883495145631068,125,10,0.008,0.1,false,false,reviewed_distinct_history
ETHER-micro,ETHEREUM,"integer_scaled_point_value,reviewed_economic_family,same_broker_exchange,same_currency",Metals,ETHER,ETHER,Ethereum micro,CME CF Ether-Dollar Reference Rate,USD,USD,0.1,50.0,MET,ETHUSDRR,CME,CME,2021-02-11T10:00:00.000000,2021-02-11T10:00:00.000000,808,809,FGHJKMNQUVXZ/-5/1/FGHJKMNQUVXZ/15,FGHJKMNQUVXZ/-5/1/FGHJKMNQUVXZ/15,execution_duplicate,primary,false,true,ETHEREUM,ETHEREUM,807,0.8294383279103845,808,0.8304455445544554,0.8304455445544554,37,37,0.7297297297297297,0.7297297297297297,true,true,reviewed_execution_duplicate
GOLD,GOLD-mini,"integer_scaled_point_value,normalized_description,normalized_symbol,reviewed_economic_family,same_broker_exchange,same_currency,symbol_root",Metals,GOLD,GOLD,Gold,Gold mini,USD,USD,100.0,50.0,GC,QO,COMEX,COMEX,1975-04-01T23:00:00.000000,1975-01-29T23:00:00.000000,12314,12379,GJMQVZ/-30/1/GJMQVZ/26,GJMQVZ/-30/1/GJMQVZ/26,execution_duplicate,primary,false,true,GOLD-mini,GOLD-mini,12310,0.9994770945113876,12311,0.959792055884981,0.959792055884981,294,295,0.9387755102040817,0.9355932203389831,true,true,reviewed_execution_duplicate
GOLD,GOLD_micro,"integer_scaled_point_value,normalized_description,normalized_symbol,reviewed_economic_family,same_broker_exchange,same_currency,symbol_root",Metals,GOLD,GOLD,Gold,Gold micro,USD,USD,100.0,10.0,GC,MGC,COMEX,COMEX,1975-04-01T23:00:00.000000,1975-04-01T23:00:00.000000,12314,12341,GJMQVZ/-30/1/GJMQVZ/26,GJMQVZ/-40/1/GJMQVZ/26,execution_duplicate,execution_duplicate,false,false,GOLD-mini,GOLD-mini,12313,0.9998258604260586,12314,0.9966704563910995,0.9966704563910995,294,294,0.9829931972789115,0.9829931972789115,false,true,reviewed_execution_duplicate
GOLD-mini,GOLD_micro,"integer_scaled_point_value,normalized_description,normalized_symbol,reviewed_economic_family,same_broker_exchange,same_currency,symbol_root",Metals,GOLD,GOLD,Gold mini,Gold micro,USD,USD,50.0,10.0,QO,MGC,COMEX,COMEX,1975-01-29T23:00:00.000000,1975-04-01T23:00:00.000000,12379,12341,GJMQVZ/-30/1/GJMQVZ/26,GJMQVZ/-40/1/GJMQVZ/26,primary,execution_duplicate,true,false,GOLD-mini,GOLD-mini,12337,0.9993350307854547,12338,0.9606094991084455,0.9606094991084455,295,294,0.9457627118644067,0.9489795918367347,false,true,reviewed_execution_duplicate
BRENT-LAST,BRENT_W,"reviewed_economic_family,same_currency,symbol_root",OilGas,BRENT,BRENT,Brent Crude Oil - Last Day,Brent crude summer,USD,USD,1000.0,1000.0,BZ,COIL,NYMEX,IPE,2020-08-27T23:00:00.000000,1989-08-11T23:00:00.000000,903,8852,FGHJKMNQUVXZ/-40/-1/FGHJKMNQUVXZ/-32,FGHJKMNQUVXZ/-40/-1/FGHJKMNQUVXZ/14,distinct_contract,distinct_roll_policy,true,true,BRENT-LAST,BRENT_W,902,0.25826873700662245,903,0.11738648947951273,0.11738648947951273,43,417,0.2558139534883721,0.02877697841726619,false,false,reviewed_distinct_history
COAL,COAL-GEORDIE,"reviewed_economic_family,same_broker_exchange,same_currency,symbol_root",OilGas,THERMAL_COAL,THERMAL_COAL,ICE Rotterdam Coal,ICE Coals to Newcastle,USD,USD,1000.0,1000.0,ATW,NCF,IPE,IPE,2006-09-12T23:00:00.000000,2008-12-16T23:00:00.000000,4397,3778,FGHJKMNQUVXZ/-45/-1/FGHJKMNQUVXZ/24,FGHJKMNQUVXZ/-45/-1/FGHJKMNQUVXZ/27,distinct_contract,distinct_contract,true,true,COAL,COAL-GEORDIE,3707,0.6012732761104563,3708,0.8325242718446602,0.8325242718446602,209,183,0.6650717703349283,0.7650273224043715,false,true,reviewed_distinct_history
CRUDE_ICE,CRUDE_W,"reviewed_economic_family,same_currency,symbol_root",OilGas,WTI,WTI,West Texas Intermediate Light Sweet Crude Oil ICE,Light sweet crude Winter,USD,USD,1000.0,1000.0,WTI,CL,IPE,NYMEX,2006-02-20T23:00:00.000000,1990-10-16T23:00:00.000000,4673,8421,FGHJKMNQUVXZ/-5/1/FGHJKMNQUVXZ/16,Z/-40/-1/FGHJKMNQUVXZ/-11,distinct_roll_policy,distinct_roll_policy,true,true,CRUDE_ICE,CRUDE_W,4574,0.516554947189856,4574,0.0,0.0,217,33,0.027649769585253458,0.18181818181818182,false,false,reviewed_distinct_history
CRUDE_ICE,CRUDE_W_micro,"integer_scaled_point_value,reviewed_economic_family,same_currency,symbol_root",OilGas,WTI,WTI,West Texas Intermediate Light Sweet Crude Oil ICE,micro WTI crude oil,USD,USD,1000.0,100.0,WTI,MCL,IPE,NYMEX,2006-02-20T23:00:00.000000,1988-11-03T23:00:00.000000,4673,8897,FGHJKMNQUVXZ/-5/1/FGHJKMNQUVXZ/16,FGHJKMNQUVXZ/-40/-1/FGHJKMNQUVXZ/-11,distinct_roll_policy,excluded_mixed_history,true,false,CRUDE_ICE,CRUDE_W,4564,0.524607858820506,4564,0.009202453987730062,0.009202453987730062,217,154,0.19815668202764977,0.2922077922077922,false,false,reviewed_excluded_mixed_history
CRUDE_ICE,CRUDE_W_mini,"integer_scaled_point_value,reviewed_economic_family,same_currency,symbol_root",OilGas,WTI,WTI,West Texas Intermediate Light Sweet Crude Oil ICE,Light sweet crude Winter mini,USD,USD,1000.0,500.0,WTI,QM,IPE,NYMEX,2006-02-20T23:00:00.000000,1988-11-03T23:00:00.000000,4673,8897,FGHJKMNQUVXZ/-5/1/FGHJKMNQUVXZ/16,FGHJKMNQUVXZ/-40/-1/FGHJKMNQUVXZ/-11,distinct_roll_policy,excluded_mixed_history,true,false,CRUDE_ICE,CRUDE_W,4564,0.5259482185986044,4564,0.0317703768624014,0.0317703768624014,217,154,0.20276497695852536,0.2987012987012987,false,false,reviewed_excluded_mixed_history
CRUDE_W,CRUDE_W_micro,"integer_scaled_point_value,normalized_symbol,reviewed_economic_family,same_broker_exchange,same_currency,symbol_root",OilGas,WTI,WTI,Light sweet crude Winter,micro WTI crude oil,USD,USD,1000.0,100.0,CL,MCL,NYMEX,NYMEX,1990-10-16T23:00:00.000000,1988-11-03T23:00:00.000000,8421,8897,Z/-40/-1/FGHJKMNQUVXZ/-11,FGHJKMNQUVXZ/-40/-1/FGHJKMNQUVXZ/-11,distinct_roll_policy,excluded_mixed_history,true,false,CRUDE_W,CRUDE_W,8389,0.9361727980295633,8390,0.6824791418355185,0.6824791418355185,33,154,1.0,0.21428571428571427,false,true,reviewed_excluded_mixed_history
CRUDE_W,CRUDE_W_mini,"integer_scaled_point_value,normalized_description,normalized_symbol,reviewed_economic_family,same_broker_exchange,same_currency,symbol_root",OilGas,WTI,WTI,Light sweet crude Winter,Light sweet crude Winter mini,USD,USD,1000.0,500.0,CL,QM,NYMEX,NYMEX,1990-10-16T23:00:00.000000,1988-11-03T23:00:00.000000,8421,8897,Z/-40/-1/FGHJKMNQUVXZ/-11,FGHJKMNQUVXZ/-40/-1/FGHJKMNQUVXZ/-11,distinct_roll_policy,excluded_mixed_history,true,false,CRUDE_W,CRUDE_W,8389,0.9362998920172039,8390,0.6804529201430274,0.6804529201430274,33,154,0.9696969696969697,0.2077922077922078,false,true,reviewed_excluded_mixed_history
CRUDE_W_micro,CRUDE_W_mini,"integer_scaled_point_value,normalized_symbol,reviewed_economic_family,same_broker_exchange,same_currency,symbol_root",OilGas,WTI,WTI,micro WTI crude oil,Light sweet crude Winter mini,USD,USD,100.0,500.0,MCL,QM,NYMEX,NYMEX,1988-11-03T23:00:00.000000,1988-11-03T23:00:00.000000,8897,8897,FGHJKMNQUVXZ/-40/-1/FGHJKMNQUVXZ/-11,FGHJKMNQUVXZ/-40/-1/FGHJKMNQUVXZ/-11,excluded_mixed_history,excluded_mixed_history,false,false,CRUDE_W,CRUDE_W,8896,0.9989360720386309,8897,0.9833651792739125,0.9833651792739125,154,154,0.9545454545454546,0.9545454545454546,true,true,reviewed_excluded_mixed_history
GAS-LAST,GAS-PEN,"reviewed_economic_family,same_broker_exchange,same_currency,symbol_root",OilGas,HENRY_HUB_GAS,HENRY_HUB_GAS,Natural Gas Last Day Financial Futures Index,Natural Gas Penultimate Financial Futures Index,USD,USD,10000.0,10000.0,HH,HP,NYMEX,NYMEX,2006-12-26T23:00:00.000000,2006-06-23T23:00:00.000000,4374,4365,FGHJKMNQUVXZ/-35/-1/FGHJKMNQUVXZ/-5,FGHJKMNQUVXZ/-35/-1/FGHJKMNQUVXZ/-5,distinct_contract,distinct_contract,true,true,GAS-LAST,GAS-PEN,4216,0.7628408539745194,4217,0.881195162437752,0.881195162437752,206,212,0.8203883495145631,0.8066037735849056,true,true,reviewed_distinct_history
GAS-LAST,GAS_US,"reviewed_economic_family,same_broker_exchange,same_currency,symbol_root",OilGas,HENRY_HUB_GAS,HENRY_HUB_GAS,Natural Gas Last Day Financial Futures Index,Natural gas US,USD,USD,10000.0,10000.0,HH,NG,NYMEX,NYMEX,2006-12-26T23:00:00.000000,1990-07-26T23:00:00.000000,4374,8459,FGHJKMNQUVXZ/-35/-1/FGHJKMNQUVXZ/-5,FGHJKMNQUVXZ/-35/-1/FGHJKMNQUVXZ/-4,distinct_contract,execution_duplicate,true,false,GAS-LAST,GAS_US_mini,4314,0.8860017955029691,4315,0.761297798377752,0.761297798377752,206,310,0.6990291262135923,0.4612903225806452,false,true,reviewed_execution_duplicate
GAS-LAST,GAS_US_mini,"integer_scaled_point_value,reviewed_economic_family,same_broker_exchange,same_currency,symbol_root",OilGas,HENRY_HUB_GAS,HENRY_HUB_GAS,Natural Gas Last Day Financial Futures Index,Natural gas US mini,USD,USD,10000.0,2500.0,HH,QG,NYMEX,NYMEX,2006-12-26T23:00:00.000000,1990-05-23T23:00:00.000000,4374,8532,FGHJKMNQUVXZ/-35/-1/FGHJKMNQUVXZ/-5,FGHJKMNQUVXZ/-35/-1/FGHJKMNQUVXZ/-4,distinct_contract,primary,true,true,GAS-LAST,GAS_US_mini,4341,0.8812681456543483,4342,0.6515430677107323,0.6515430677107323,206,309,0.6262135922330098,0.4174757281553398,false,true,reviewed_distinct_history
GAS-PEN,GAS_US,"reviewed_economic_family,same_broker_exchange,same_currency,symbol_root",OilGas,HENRY_HUB_GAS,HENRY_HUB_GAS,Natural Gas Penultimate Financial Futures Index,Natural gas US,USD,USD,10000.0,10000.0,HP,NG,NYMEX,NYMEX,2006-06-23T23:00:00.000000,1990-07-26T23:00:00.000000,4365,8459,FGHJKMNQUVXZ/-35/-1/FGHJKMNQUVXZ/-5,FGHJKMNQUVXZ/-35/-1/FGHJKMNQUVXZ/-4,distinct_contract,execution_duplicate,true,false,GAS-PEN,GAS_US_mini,4320,0.8088218864030051,4321,0.7040037028465633,0.7040037028465633,212,310,0.6933962264150944,0.4645161290322581,false,true,reviewed_execution_duplicate
GAS-PEN,GAS_US_mini,"integer_scaled_point_value,reviewed_economic_family,same_broker_exchange,same_currency,symbol_root",OilGas,HENRY_HUB_GAS,HENRY_HUB_GAS,Natural Gas Penultimate Financial Futures Index,Natural gas US mini,USD,USD,10000.0,2500.0,HP,QG,NYMEX,NYMEX,2006-06-23T23:00:00.000000,1990-05-23T23:00:00.000000,4365,8532,FGHJKMNQUVXZ/-35/-1/FGHJKMNQUVXZ/-5,FGHJKMNQUVXZ/-35/-1/FGHJKMNQUVXZ/-4,distinct_contract,primary,true,true,GAS-PEN,GAS_US_mini,4342,0.8048815073955516,4343,0.6389592447616854,0.6389592447616854,212,309,0.6698113207547169,0.4563106796116505,false,true,reviewed_distinct_history
GASOILINE,GASOILINE_ICE,"normalized_symbol,reviewed_economic_family,same_currency,symbol_root",OilGas,GASOLINE,GASOLINE,RBOB Gasoline US,ICE NYH RBOB Gasoline,USD,USD,42000.0,42000.0,RB,RBOB,NYMEX,IPE,1985-01-15T23:00:00.000000,2022-07-29T23:00:00.000000,9943,430,FGHJKMNQUVXZ/-60/-1/FGHJKMNQUVXZ/14,FGHJKMNQUVXZ/-5/1/FGHJKMNQUVXZ/20,distinct_roll_policy,distinct_contract,true,true,GASOILINE,GASOILINE_ICE,419,0.9068749888775139,420,0.007142857142857143,0.007142857142857143,469,21,0.01279317697228145,0.2857142857142857,false,false,reviewed_distinct_history
GASOILINE,GASOILINE_micro,"integer_scaled_point_value,normalized_symbol,reviewed_economic_family,same_broker_exchange,same_currency,symbol_root",OilGas,GASOLINE,GASOLINE,RBOB Gasoline US,NYMEX micro Gasoline RBOB Index,USD,USD,42000.0,4200.0,RB,MRB,NYMEX,NYMEX,1985-01-15T23:00:00.000000,1985-01-17T23:00:00.000000,9943,9938,FGHJKMNQUVXZ/-60/-1/FGHJKMNQUVXZ/14,FGHJKMNQUVXZ/-30/1/FGHJKMNQUVXZ/14,distinct_roll_policy,distinct_roll_policy,true,true,GASOILINE,GASOILINE_micro,9937,0.9353418125618819,9938,0.02414972831555645,0.02414972831555645,469,469,0.9530916844349681,0.9530916844349681,false,true,reviewed_distinct_history
GASOILINE_ICE,GASOILINE_micro,"integer_scaled_point_value,normalized_symbol,reviewed_economic_family,same_currency,symbol_root",OilGas,GASOLINE,GASOLINE,ICE NYH RBOB Gasoline,NYMEX micro Gasoline RBOB Index,USD,USD,42000.0,4200.0,RBOB,MRB,IPE,NYMEX,2022-07-29T23:00:00.000000,1985-01-17T23:00:00.000000,430,9938,FGHJKMNQUVXZ/-5/1/FGHJKMNQUVXZ/20,FGHJKMNQUVXZ/-30/1/FGHJKMNQUVXZ/14,distinct_contract,distinct_roll_policy,true,true,GASOILINE_ICE,GASOILINE_micro,417,0.9647670655774692,418,0.4354066985645933,0.4354066985645933,21,469,0.23809523809523808,0.010660980810234541,false,false,reviewed_distinct_history
GAS_US,GAS_US_mini,"integer_scaled_point_value,normalized_description,normalized_symbol,reviewed_economic_family,same_broker_exchange,same_currency,symbol_root",OilGas,HENRY_HUB_GAS,HENRY_HUB_GAS,Natural gas US,Natural gas US mini,USD,USD,10000.0,2500.0,NG,QG,NYMEX,NYMEX,1990-07-26T23:00:00.000000,1990-05-23T23:00:00.000000,8459,8532,FGHJKMNQUVXZ/-35/-1/FGHJKMNQUVXZ/-4,FGHJKMNQUVXZ/-35/-1/FGHJKMNQUVXZ/-4,execution_duplicate,primary,false,true,GAS_US_mini,GAS_US_mini,8458,0.9843498174814437,8459,0.7070575718169997,0.7070575718169997,310,309,0.5516129032258065,0.5533980582524272,true,true,reviewed_execution_duplicate
HEATOIL,HEATOIL-ICE,"normalized_description,normalized_symbol,reviewed_economic_family,same_currency,symbol_root",OilGas,HEATING_OIL,HEATING_OIL,Heating oil,ICE HEATING OIL,USD,USD,42000.0,42000.0,HO,HOIL,NYMEX,IPE,1980-02-19T23:00:00.000000,2006-05-31T23:00:00.000000,11149,4596,FGHJKMNQUVXZ/-60/-1/FGHJKMNQUVXZ/14,FGHJKMNQUVXZ/-5/1/FGHJKMNQUVXZ/26,distinct_roll_policy,distinct_contract,true,true,HEATOIL,HEATOIL-ICE,4541,0.6441311811258961,4542,0.0006605019815059445,0.0006605019815059445,529,215,0.020793950850661626,0.046511627906976744,false,false,reviewed_distinct_history
VIX,VIX_mini,"integer_scaled_point_value,normalized_description,normalized_symbol,reviewed_economic_family,same_broker_exchange,same_currency,symbol_root",Vol,VIX,VIX,Vol US equity VIX,Vol US equity VIX mini,USD,USD,1000.0,100.0,VIX,VXM,CFE,CFE,2006-01-26T23:00:00.000000,2005-11-22T23:00:00.000000,4597,4654,FGHJKMNQUVXZ/-60/-1/FGHJKMNQUVXZ/19,FGHJKMNQUVXZ/-60/-1/FGHJKMNQUVXZ/19,execution_duplicate,primary,false,true,VIX_mini,VIX_mini,4596,0.9787238516467657,4597,0.8113987383075919,0.8113987383075919,218,219,0.8256880733944955,0.8127853881278538,true,true,reviewed_execution_duplicate
