instrument_code,description,asset_class,currency,point_size,region,hold_roll_cycle,roll_offset_days,carry_offset,priced_roll_cycle,expiry_offset,multiple_rows,multiple_start,multiple_end,price_days,carry_day_coverage,adjusted_rows,adjusted_start,adjusted_end,ib_symbol,ib_exchange,ib_currency,ib_effective_point_value,decision_basis,duplicate_group_id,economic_family_id,include_default,notes,pooling_role,representative_instrument,roll_policy_id,pooling_mapping_hash
AEX,Netherlands equity index AEX,Equity,EUR,200.0,EMEA,FGHJKMNQUVXZ,-5,1,FGHJKMNQUVXZ,19,75040,2009-08-18T23:00:00.000000,2024-03-28T23:00:00.000000,3750,1.0,75040,2009-08-18T23:00:00.000000,2024-03-28T23:00:00.000000,EOE,FTA,EUR,200.0,same_contract_policy_history,AEX_SIZE_VARIANTS,AEX,false,AEX mini begins earlier,execution_duplicate,AEX_mini,AEX_ALL_MONTHS,fe05a4f078ad7428
AEX_mini,AEX mini,Equity,EUR,20.0,EMEA,FGHJKMNQUVXZ,-5,1,FGHJKMNQUVXZ,19,70861,2009-07-16T23:00:00.000000,2024-03-28T23:00:00.000000,3766,1.0,70861,2009-07-16T23:00:00.000000,2024-03-28T23:00:00.000000,EOE,FTA,EUR,20.0,longer_daily_history,AEX_SIZE_VARIANTS,AEX,true,Selected research representative,primary,AEX_mini,AEX_ALL_MONTHS,fe05a4f078ad7428
ALUMINIUM,NYMEX Aluminum Index,Metals,USD,25.0,US,FGHJKMNQUVXZ,-45,1,FGHJKMNQUVXZ,14,6087,2019-12-13T09:00:00.000000,2024-03-28T23:00:00.000000,1027,0.9990262901655307,6087,2019-12-13T09:00:00.000000,2024-03-28T23:00:00.000000,ALI,COMEX,USD,25.0,venue_and_history_distinct,ALUMINIUM_RELATED,ALUMINIUM,true,NYMEX index contract,distinct_contract,ALUMINIUM,ALUMINIUM_NYMEX_INDEX,fe05a4f078ad7428
ALUMINIUM_LME,High-Grade Primary Aluminium,Metals,USD,25.0,EMEA,FGHJKMNQUVXZ,-45,1,FGHJKMNQUVXZ,14,2266,2023-06-01T23:00:00.000000,2024-03-28T23:00:00.000000,212,1.0,2263,2023-06-01T23:00:00.000000,2024-03-28T23:00:00.000000,AH,LMEOTC,USD,25.0,venue_and_history_distinct,ALUMINIUM_RELATED,ALUMINIUM,true,LME contract,distinct_contract,ALUMINIUM_LME,ALUMINIUM_LME_3M,fe05a4f078ad7428
AUD,AUDUSD currency,FX,USD,100000.0,US,HMUZ,-5,1,HMUZ,17,52253,1987-06-16T23:00:00.000000,2024-03-28T23:00:00.000000,9316,0.9870115929583512,52253,1987-06-16T23:00:00.000000,2024-03-28T23:00:00.000000,AUD,CME,"",100000.0,same_contract_policy_history,AUDUSD_SIZE_VARIANTS,AUDUSD,false,Full size execution variant,execution_duplicate,AUD_micro,AUDUSD_QUARTERLY,fe05a4f078ad7428
AUDJPY,Australlian dollar Yen CME,FX,JPY,200000.0,US,HMUZ,-5,1,HMUZ,17,1482,2021-12-14T23:00:00.000000,2024-03-28T23:00:00.000000,591,1.0,1482,2021-12-14T23:00:00.000000,2024-03-28T23:00:00.000000,AJY,CME,JPY,200000.0,no_duplicate_candidate,,AUDJPY,true,"",singleton,AUDJPY,AUDJPY,fe05a4f078ad7428
AUD_micro,AUDUSD micro,FX,USD,10000.0,US,HMUZ,-5,1,HMUZ,17,52232,1987-03-16T23:00:00.000000,2024-03-28T23:00:00.000000,9380,0.9785714285714285,52232,1987-03-16T23:00:00.000000,2024-03-28T23:00:00.000000,M6A,CME,USD,10000.0,longer_daily_history,AUDUSD_SIZE_VARIANTS,AUDUSD,true,Earlier research history,primary,AUD_micro,AUDUSD_QUARTERLY,fe05a4f078ad7428
BB3M,Three-Month Bloomberg Short-Term Bank Yield,Bond,USD,2500.0,US,HMUZ,-90,-1,HMUZ,15,698,2022-03-15T23:00:00.000000,2024-03-28T23:00:00.000000,512,0.87109375,698,2022-03-15T23:00:00.000000,2024-03-28T23:00:00.000000,BSBY,CME,USD,2500.0,no_duplicate_candidate,,BB3M,true,"",singleton,BB3M,BB3M,fe05a4f078ad7428
BBCOMM,Bloomberg Commodity Index,Ags,USD,100.0,US,HMUZ,-5,1,HMUZ,15,15988,2006-12-12T23:00:00.000000,2024-03-28T23:00:00.000000,4253,0.9875382083235363,15988,2006-12-12T23:00:00.000000,2024-03-28T23:00:00.000000,AIGCI,CBOT,USD,100.0,no_duplicate_candidate,,BBCOMM,true,"",singleton,BBCOMM,BBCOMM,fe05a4f078ad7428
BITCOIN,Micro Bitcoin,Metals,USD,0.1,US,FGHJKMNQUVXZ,-4,1,FGHJKMNQUVXZ,26,26976,2017-12-22T02:00:00.000000,2024-03-28T23:00:00.000000,1618,1.0,26976,2017-12-22T02:00:00.000000,2024-03-28T23:00:00.000000,MBT,CME,USD,0.1,no_duplicate_candidate,,BITCOIN,true,"",singleton,BITCOIN,BITCOIN,fe05a4f078ad7428
BOBL,German 5 year bond Bobl,Bond,EUR,1000.0,EMEA,HMUZ,-5,1,HMUZ,6,116534,2008-03-05T23:00:00.000000,2024-03-28T23:00:00.000000,4099,1.0,116533,2008-03-05T23:00:00.000000,2024-03-28T23:00:00.000000,GBM,EUREX,"",1000.0,no_duplicate_candidate,,BOBL,true,"",singleton,BOBL,BOBL,fe05a4f078ad7428
BONO,ES 10 year bonds,Bond,EUR,1000.0,EMEA,HMUZ,-5,1,HMUZ,6,20229,2016-03-02T13:00:00.000000,2024-03-28T23:00:00.000000,2061,0.9689471130519165,20229,2016-03-02T13:00:00.000000,2024-03-28T23:00:00.000000,FBON,EUREX,EUR,1000.0,no_duplicate_candidate,,BONO,true,"",singleton,BONO,BONO,fe05a4f078ad7428
BOVESPA,Bovespa Index - USD,Equity,USD,1.0,US,GJMQVZ,-5,1,GJMQVZ,15,9706,2012-12-12T13:00:00.000000,2024-03-28T23:00:00.000000,2628,0.9733637747336378,9706,2012-12-12T13:00:00.000000,2024-03-28T23:00:00.000000,IBAA,CME,USD,1.0,no_duplicate_candidate,,BOVESPA,true,"",singleton,BOVESPA,BOVESPA,fe05a4f078ad7428
BRE,BREUSD currency,FX,USD,100000.0,US,FGHJKMNQUVXZ,-5,1,FGHJKMNQUVXZ,17,25168,1995-12-01T23:00:00.000000,2024-03-28T23:00:00.000000,7144,1.0,25168,1995-12-01T23:00:00.000000,2024-03-28T23:00:00.000000,BRE,CME,USD,100000.0,no_duplicate_candidate,,BRE,true,"",singleton,BRE,BRE,fe05a4f078ad7428
BRENT-LAST,Brent Crude Oil - Last Day,OilGas,USD,1000.0,US,FGHJKMNQUVXZ,-40,-1,FGHJKMNQUVXZ,-32,5966,2020-08-27T23:00:00.000000,2024-03-28T23:00:00.000000,903,1.0,5962,2020-08-27T23:00:00.000000,2024-03-28T23:00:00.000000,BZ,NYMEX,USD,1000.0,venue_and_history_distinct,BRENT_RELATED,BRENT,true,NYMEX last day financial contract,distinct_contract,BRENT-LAST,BRENT_NYMEX_LAST_DAY,fe05a4f078ad7428
BRENT_W,Brent crude summer,OilGas,USD,1000.0,EMEA,FGHJKMNQUVXZ,-40,-1,FGHJKMNQUVXZ,14,67588,1989-08-11T23:00:00.000000,2024-03-28T23:00:00.000000,8852,0.7923633077270673,67588,1989-08-11T23:00:00.000000,2024-03-28T23:00:00.000000,COIL,IPE,USD,1000.0,contract_path_materially_distinct,BRENT_RELATED,BRENT,true,ICE seasonal history,distinct_roll_policy,BRENT_W,BRENT_ICE_SUMMER,fe05a4f078ad7428
BTP,Italian 10 year bond BTP,Bond,EUR,1000.0,EMEA,HMUZ,-5,1,HMUZ,6,88623,2010-03-04T23:00:00.000000,2024-03-28T23:00:00.000000,3579,0.5973735680357641,88623,2010-03-04T23:00:00.000000,2024-03-28T23:00:00.000000,BTP,EUREX,"",1000.0,no_duplicate_candidate,,BTP,true,"",singleton,BTP,BTP,fe05a4f078ad7428
BTP3,Short-Term Euro-BTP Italian Government Bond,Bond,EUR,1000.0,EMEA,HMUZ,-5,1,HMUZ,10,35110,2011-09-07T23:00:00.000000,2024-03-28T23:00:00.000000,3200,0.980625,35110,2011-09-07T23:00:00.000000,2024-03-28T23:00:00.000000,BTS,EUREX,EUR,1000.0,no_duplicate_candidate,,BTP3,true,"",singleton,BTP3,BTP3,fe05a4f078ad7428
BUND,German 10 year bond Bund,Bond,EUR,1000.0,EMEA,HMUZ,-5,1,HMUZ,6,182436,2006-12-01T07:30:00.000000,2024-03-28T23:00:00.000000,4407,0.9568867710460631,182436,2006-12-01T07:30:00.000000,2024-03-28T23:00:00.000000,GBL,EUREX,"",1000.0,no_duplicate_candidate,,BUND,true,"",singleton,BUND,BUND,fe05a4f078ad7428
BUTTER,CME Cash-Settled Butter Futures,Ags,USD,200.0,US,FGHJKMNQUVXZ,-40,-1,FGHJKMNQUVXZ,15,18471,2005-10-10T23:00:00.000000,2024-03-28T23:00:00.000000,4638,1.0,18467,2005-10-10T23:00:00.000000,2024-03-28T23:00:00.000000,CB,CME,USD,200.0,no_duplicate_candidate,,BUTTER,true,"",singleton,BUTTER,BUTTER,fe05a4f078ad7428
BUXL,German Buxl 15 to 30 year bond,Bond,EUR,1000.0,EMEA,HMUZ,-5,1,HMUZ,6,15676,2015-12-03T23:00:00.000000,2024-03-28T23:00:00.000000,2139,0.29406264609630667,15676,2015-12-03T23:00:00.000000,2024-03-28T23:00:00.000000,GBX,EUREX,EUR,1000.0,no_duplicate_candidate,,BUXL,true,"",singleton,BUXL,BUXL,fe05a4f078ad7428
CAC,French equity index CAC40,Equity,EUR,10.0,EMEA,FGHJKMNQUVXZ,-5,1,FGHJKMNQUVXZ,20,117192,2009-04-16T07:00:00.000000,2024-03-28T23:00:00.000000,3838,1.0,117192,2009-04-16T07:00:00.000000,2024-03-28T23:00:00.000000,CAC40,MONEP,EUR,10.0,no_duplicate_candidate,,CAC,true,"",singleton,CAC,CAC,fe05a4f078ad7428
CAD,CADUSD currency,FX,USD,100000.0,US,HMUZ,-5,1,HMUZ,17,80405,1972-09-14T23:00:00.000000,2024-03-28T23:00:00.000000,13096,0.9959529627367135,80405,1972-09-14T23:00:00.000000,2024-03-28T23:00:00.000000,CAD,CME,USD,100000.0,longer_daily_history,CADUSD_SIZE_VARIANTS,CADUSD,true,One additional canonical daily return,primary,CAD,CADUSD_QUARTERLY,fe05a4f078ad7428
CAD10,Canadian 10 year bond,Bond,CAD,1000.0,US,HMUZ,-20,1,HMUZ,20,38834,1993-05-21T23:00:00.000000,2024-03-28T23:00:00.000000,7704,0.5913811007268951,38834,1993-05-21T23:00:00.000000,2024-03-28T23:00:00.000000,CGB,CDE,CAD,1000.0,no_duplicate_candidate,,CAD10,true,"",singleton,CAD10,CAD10,fe05a4f078ad7428
CAD2,Canadian 2 year bond,Bond,CAD,1000.0,US,HMUZ,-20,1,HMUZ,20,10715,2021-06-01T16:00:00.000000,2024-03-28T23:00:00.000000,703,0.27880512091038406,10715,2021-06-01T16:00:00.000000,2024-03-28T23:00:00.000000,CGZ,CDE,CAD,1000.0,no_duplicate_candidate,,CAD2,true,"",singleton,CAD2,CAD2,fe05a4f078ad7428
CAD5,Canadian 5 year bond,Bond,CAD,1000.0,US,HMUZ,-20,1,HMUZ,20,26097,2009-06-02T23:00:00.000000,2024-03-28T23:00:00.000000,3701,0.6349635233720616,26097,2009-06-02T23:00:00.000000,2024-03-28T23:00:00.000000,CGF,CDE,CAD,1000.0,no_duplicate_candidate,,CAD5,true,"",singleton,CAD5,CAD5,fe05a4f078ad7428
CAD_micro,CADUSD_micro,FX,USD,10000.0,US,HMUZ,-5,1,HMUZ,17,80413,1972-09-14T23:00:00.000000,2024-03-28T23:00:00.000000,13095,0.18541428025964107,80413,1972-09-14T23:00:00.000000,2024-03-28T23:00:00.000000,MCD,CME,USD,10000.0,same_contract_policy_history,CADUSD_SIZE_VARIANTS,CADUSD,false,Micro execution variant,execution_duplicate,CAD,CADUSD_QUARTERLY,fe05a4f078ad7428
CANOLA,Rapeseed (Canola) in CAD,Ags,CAD,20.0,US,FHKNX,-60,-1,FHKNX,13,54199,1978-01-16T23:00:00.000000,2024-03-28T23:00:00.000000,11558,0.9775047586087559,54170,1978-01-16T23:00:00.000000,2024-03-28T23:00:00.000000,RS,NYBOT,CAD,20.0,no_duplicate_candidate,,CANOLA,true,"",singleton,CANOLA,CANOLA,fe05a4f078ad7428
CH10,Swiss Federal Long-Term Bonds,Bond,CHF,1000.0,EMEA,HMUZ,-5,1,HMUZ,6,27614,2001-12-04T23:00:00.000000,2024-03-28T23:00:00.000000,5592,1.0,27614,2001-12-04T23:00:00.000000,2024-03-28T23:00:00.000000,CONF,EUREX,CHF,1000.0,no_duplicate_candidate,,CH10,true,"",singleton,CH10,CH10,fe05a4f078ad7428
CHEESE,Cheese,Ags,USD,20000.0,US,FGHJKMNQUVXZ,-40,-1,FGHJKMNQUVXZ,15,22209,2010-07-08T23:00:00.000000,2024-03-28T23:00:00.000000,3463,1.0,22202,2010-07-08T23:00:00.000000,2024-03-28T23:00:00.000000,CSC,CME,USD,20000.0,no_duplicate_candidate,,CHEESE,true,"",singleton,CHEESE,CHEESE,fe05a4f078ad7428
CHF,CHFUSD currency,FX,USD,125000.0,US,HMUZ,-5,1,HMUZ,17,78027,1972-09-14T23:00:00.000000,2024-03-28T23:00:00.000000,13092,0.9959517262450351,78027,1972-09-14T23:00:00.000000,2024-03-28T23:00:00.000000,CHF,CME,USD,125000.0,equal_history_prefer_established_contract,CHFUSD_SIZE_VARIANTS,CHFUSD,true,Tie broken toward established full contract source,primary,CHF,CHFUSD_QUARTERLY,fe05a4f078ad7428
CHFJPY,CHFJPY,FX,JPY,250000.0,US,HMUZ,-5,1,HMUZ,17,863,2021-12-14T23:00:00.000000,2024-03-28T23:00:00.000000,590,1.0,862,2021-12-14T23:00:00.000000,2024-03-28T23:00:00.000000,SJY,CME,JPY,250000.0,no_duplicate_candidate,,CHFJPY,true,"",singleton,CHFJPY,CHFJPY,fe05a4f078ad7428
CHF_micro,CHFUSD micro,FX,USD,12500.0,US,HMUZ,-5,1,HMUZ,17,77819,1972-09-14T23:00:00.000000,2024-03-28T23:00:00.000000,13092,0.9958753437213566,77819,1972-09-14T23:00:00.000000,2024-03-28T23:00:00.000000,MSF,CME,USD,12500.0,same_contract_policy_history,CHFUSD_SIZE_VARIANTS,CHFUSD,false,Micro execution variant,execution_duplicate,CHF,CHFUSD_QUARTERLY,fe05a4f078ad7428
CHINAA-CON,MSCI China A 50 Connect Index,Equity,USD,25.0,ASIA,FGHJKMNQUVXZ,-5,1,FGHJKMNQUVXZ,18,1991,2022-07-15T23:00:00.000000,2024-03-29T04:00:00.000000,444,1.0,1991,2022-07-15T23:00:00.000000,2024-03-29T04:00:00.000000,MCA,HKFE,USD,25.0,no_duplicate_candidate,,CHINAA-CON,true,"",singleton,CHINAA-CON,CHINAA-CON,fe05a4f078ad7428
CLP,Chilean peso,FX,USD,50000000.0,US,FGHJKMNQUVXZ,-5,1,FGHJKMNQUVXZ,1,2389,2014-12-31T23:00:00.000000,2024-03-28T23:00:00.000000,2339,1.0,2389,2014-12-31T23:00:00.000000,2024-03-28T23:00:00.000000,CLP,CME,USD,50000000.0,no_duplicate_candidate,,CLP,true,"",singleton,CLP,CLP,fe05a4f078ad7428
CNH,SGX US Dollar in offshore Chinese Renminbi (CNH),FX,CNH,100000.0,ASIA,FGHJKMNQUVXZ,-10,1,FGHJKMNQUVXZ,15,27830,2013-05-07T23:00:00.000000,2024-03-29T05:00:00.000000,2865,0.9385689354275741,27819,2013-05-07T23:00:00.000000,2024-03-29T05:00:00.000000,UC,SGX,CNH,100000.0,quotation_and_contract_distinct,CNH_RELATED,CHINESE_RENMINBI,true,Offshore renminbi quoted CNH per USD,distinct_contract,CNH,USDCNH_SGX_OFFSHORE,fe05a4f078ad7428
CNH-onshore,SGX onshore Chinese Renminbi (CNY) in US Dollar Futures (CY@SGX),FX,USD,500000.0,ASIA,FGHJKMNQUVXZ,-5,1,FGHJKMNQUVXZ,15,2098,2015-12-14T23:00:00.000000,2024-03-28T23:00:00.000000,1926,0.9875389408099688,2098,2015-12-14T23:00:00.000000,2024-03-28T23:00:00.000000,CY,SGX,USD,500000.0,quotation_and_contract_distinct,CNH_RELATED,CHINESE_RENMINBI,true,Onshore renminbi quoted USD per CNY,distinct_contract,CNH-onshore,CNYUSD_SGX_ONSHORE,fe05a4f078ad7428
COAL,ICE Rotterdam Coal,OilGas,USD,1000.0,EMEA,FGHJKMNQUVXZ,-45,-1,FGHJKMNQUVXZ,24,12628,2006-09-12T23:00:00.000000,2024-03-28T23:00:00.000000,4397,0.9997725722083238,12612,2006-09-12T23:00:00.000000,2024-03-28T23:00:00.000000,ATW,IPE,USD,1000.0,regional_contract_distinct,COAL_RELATED,THERMAL_COAL,true,Rotterdam benchmark,distinct_contract,COAL,COAL_ROTTERDAM,fe05a4f078ad7428
COAL-GEORDIE,ICE Coals to Newcastle,OilGas,USD,1000.0,EMEA,FGHJKMNQUVXZ,-45,-1,FGHJKMNQUVXZ,27,6183,2008-12-16T23:00:00.000000,2024-03-28T23:00:00.000000,3778,1.0,6153,2008-12-16T23:00:00.000000,2024-03-28T23:00:00.000000,NCF,IPE,USD,1000.0,regional_contract_distinct,COAL_RELATED,THERMAL_COAL,true,Newcastle benchmark,distinct_contract,COAL-GEORDIE,COAL_NEWCASTLE,fe05a4f078ad7428
COCOA,Cocoa NY,Ags,USD,10.0,US,HKNUZ,-50,-1,HKNUZ,13,39983,1970-03-25T23:00:00.000000,2024-03-28T23:00:00.000000,13527,0.9727212242182302,39983,1970-03-25T23:00:00.000000,2024-03-28T23:00:00.000000,CC,NYBOT,USD,10.0,regional_contract_distinct,COCOA_RELATED,COCOA,true,New York cocoa,distinct_contract,COCOA,COCOA_NEW_YORK,fe05a4f078ad7428
COCOA_LDN,Cocoa London,Ags,GBP,10.0,EMEA,HKNUZ,-50,-1,HKNUZ,13,29763,1989-03-28T23:00:00.000000,2024-03-28T23:00:00.000000,8844,1.0,29763,1989-03-28T23:00:00.000000,2024-03-28T23:00:00.000000,C,ICEEUSOFT,GBP,10.0,regional_contract_distinct,COCOA_RELATED,COCOA,true,London cocoa,distinct_contract,COCOA_LDN,COCOA_LONDON,fe05a4f078ad7428
COFFEE,Coffee,Ags,USD,375.0,US,HKNUZ,-50,-1,HKNUZ,19,6287,2007-02-20T23:00:00.000000,2024-03-28T23:00:00.000000,4309,1.0,6287,2007-02-20T23:00:00.000000,2024-03-28T23:00:00.000000,KC,NYBOT,USD,375.0,no_duplicate_candidate,,COFFEE,true,"",singleton,COFFEE,COFFEE,fe05a4f078ad7428
COPPER,Copper,Metals,USD,25000.0,US,HNUZ,-30,1,FHJMNUVZ,27,52996,1995-09-01T23:00:00.000000,2024-03-28T23:00:00.000000,7219,1.0,52995,1995-09-01T23:00:00.000000,2024-03-28T23:00:00.000000,HG,COMEX,"",25000.0,contract_path_materially_distinct,COPPER_RELATED,COPPER,true,Quarterly full contract policy,distinct_roll_policy,COPPER,COPPER_COMEX_QUARTERLY,fe05a4f078ad7428
COPPER-micro,Copper micro,Metals,USD,2500.0,US,HKNUZ,-30,1,FGHJKMNQUVXZ,15,53664,1995-02-15T23:00:00.000000,2024-03-28T23:00:00.000000,7357,1.0,53664,1995-02-15T23:00:00.000000,2024-03-28T23:00:00.000000,MHG,COMEX,USD,2500.0,contract_path_materially_distinct,COPPER_RELATED,COPPER,true,All month micro policy,distinct_roll_policy,COPPER-micro,COPPER_COMEX_MICRO_ALL_MONTHS,fe05a4f078ad7428
COPPER-mini,COMEX MINY Copper,Metals,USD,12500.0,US,HKNUZ,-30,1,HKNUZ,27,24201,1995-02-28T23:00:00.000000,2024-03-28T23:00:00.000000,7324,1.0,24201,1995-02-28T23:00:00.000000,2024-03-28T23:00:00.000000,QC,COMEX,USD,12500.0,contract_path_materially_distinct,COPPER_RELATED,COPPER,true,HKNUZ mini policy,distinct_roll_policy,COPPER-mini,COPPER_COMEX_MINI_HKNUZ,fe05a4f078ad7428
COPPER_LME,Grade A Copper - LME,Metals,USD,25.0,EMEA,FGHJKMNQUVXZ,-45,1,FGHJKMNQUVXZ,14,2352,2023-06-01T23:00:00.000000,2024-03-28T23:00:00.000000,212,1.0,2349,2023-06-01T23:00:00.000000,2024-03-28T23:00:00.000000,CA,LMEOTC,USD,25.0,venue_and_history_distinct,COPPER_RELATED,COPPER,true,LME contract,distinct_contract,COPPER_LME,COPPER_LME_3M,fe05a4f078ad7428
CORN,Corn,Ags,USD,50.0,US,Z,-60,-1,HKNUZ,14,38904,1972-10-18T23:00:00.000000,2024-03-28T23:00:00.000000,12935,0.9113258600695786,38901,1972-10-18T23:00:00.000000,2024-03-28T23:00:00.000000,ZC,CBOT,"",50.0,contract_path_materially_distinct,CORN_RELATED,CORN,true,December seasonal strategy,distinct_roll_policy,CORN,CORN_DECEMBER,fe05a4f078ad7428
CORN_mini,Corn mini,Ags,USD,10.0,US,HKNUZ,-30,1,HKNUZ,14,37322,1970-08-18T23:00:00.000000,2024-03-28T23:00:00.000000,13511,0.9829768336910666,37322,1970-08-18T23:00:00.000000,2024-03-28T23:00:00.000000,YC,CBOT,USD,10.0,contract_path_materially_distinct,CORN_RELATED,CORN,true,All listed month policy,distinct_roll_policy,CORN_mini,CORN_ALL_LISTED,fe05a4f078ad7428
COTTON,NYMEX Cotton index,Ags,USD,50000.0,US,HKNVZ,-5,1,HKNVZ,15,4414,2007-02-22T23:00:00.000000,2024-03-28T23:00:00.000000,4191,1.0,4414,2007-02-22T23:00:00.000000,2024-03-28T23:00:00.000000,TT,NYMEX,USD,50000.0,contract_history_distinct,COTTON_RELATED,COTTON,true,NYMEX financial index,distinct_contract,COTTON,COTTON_NYMEX_INDEX,fe05a4f078ad7428
COTTON2,Cotton #2,Ags,USD,500.0,US,HKNZ,-60,-1,HKNVZ,6,61087,1970-03-10T23:00:00.000000,2024-03-28T23:00:00.000000,13547,0.9878939986712926,61082,1970-03-10T23:00:00.000000,2024-03-28T23:00:00.000000,CT,NYBOT,USD,500.0,contract_history_distinct,COTTON_RELATED,COTTON,true,Physical Cotton 2 market,distinct_contract,COTTON2,COTTON2_NYBOT,fe05a4f078ad7428
CRUDE_ICE,West Texas Intermediate Light Sweet Crude Oil ICE,OilGas,USD,1000.0,EMEA,FGHJKMNQUVXZ,-5,1,FGHJKMNQUVXZ,16,61914,2006-02-20T23:00:00.000000,2024-03-28T23:00:00.000000,4673,1.0,61914,2006-02-20T23:00:00.000000,2024-03-28T23:00:00.000000,WTI,IPE,USD,1000.0,contract_path_materially_distinct,WTI_RELATED,WTI,true,Consistent ICE monthly front history,distinct_roll_policy,CRUDE_ICE,WTI_ICE_MONTHLY_FRONT,fe05a4f078ad7428
CRUDE_W,Light sweet crude Winter,OilGas,USD,1000.0,US,Z,-40,-1,FGHJKMNQUVXZ,-11,46418,1990-10-16T23:00:00.000000,2024-03-28T23:00:00.000000,8421,0.9909749435933974,46415,1990-10-16T23:00:00.000000,2024-03-28T23:00:00.000000,CL,NYMEX,"",1000.0,contract_path_materially_distinct,WTI_RELATED,WTI,true,Consistent NYMEX December history,distinct_roll_policy,CRUDE_W,WTI_NYMEX_DECEMBER,fe05a4f078ad7428
CRUDE_W_micro,micro WTI crude oil,OilGas,USD,100.0,US,FGHJKMNQUVXZ,-40,-1,FGHJKMNQUVXZ,-11,29627,1988-11-03T23:00:00.000000,2024-03-28T23:00:00.000000,8897,1.0,29624,1988-11-03T23:00:00.000000,2024-03-28T23:00:00.000000,MCL,NYMEX,USD,100.0,reviewed_mixed_regime,WTI_SMALL_MIXED,WTI,false,Winter proxy changes to monthly regime in 2015,excluded_mixed_history,CRUDE_W,WTI_NYMEX_SMALL_MIXED,fe05a4f078ad7428
CRUDE_W_mini,Light sweet crude Winter mini,OilGas,USD,500.0,US,FGHJKMNQUVXZ,-40,-1,FGHJKMNQUVXZ,-11,29623,1988-11-03T23:00:00.000000,2024-03-28T23:00:00.000000,8897,1.0,29623,1988-11-03T23:00:00.000000,2024-03-28T23:00:00.000000,QM,NYMEX,USD,500.0,reviewed_mixed_regime,WTI_SMALL_MIXED,WTI,false,Winter proxy changes to monthly regime in 2015,excluded_mixed_history,CRUDE_W,WTI_NYMEX_SMALL_MIXED,fe05a4f078ad7428
CZK,Czech koruna,FX,USD,4000000.0,US,HMUZ,-5,1,HMUZ,15,5053,2004-09-13T23:00:00.000000,2024-03-28T23:00:00.000000,4917,1.0,5053,2004-09-13T23:00:00.000000,2024-03-28T23:00:00.000000,CZK,CME,USD,4000000.0,no_duplicate_candidate,,CZK,true,"",singleton,CZK,CZK,fe05a4f078ad7428
DAX,DAX 30 Index (Deutsche Aktien Xchange 30),Equity,EUR,1.0,EMEA,HMUZ,-5,1,HMUZ,15,59717,2000-03-13T23:00:00.000000,2024-03-28T23:00:00.000000,6116,0.22596468279921517,59716,2000-03-13T23:00:00.000000,2024-03-28T23:00:00.000000,DAX,EUREX,EUR,1.0,no_duplicate_candidate,,DAX,true,"",singleton,DAX,DAX,fe05a4f078ad7428
DJSTX-SMALL,Dow Jones STOXX Small 200 Index,Equity,EUR,50.0,EMEA,HMUZ,-10,1,HMUZ,18,16021,2013-03-08T13:00:00.000000,2024-03-28T23:00:00.000000,2757,0.976423648893725,16021,2013-03-08T13:00:00.000000,2024-03-28T23:00:00.000000,DJ200S,EUREX,EUR,50.0,no_duplicate_candidate,,DJSTX-SMALL,true,"",singleton,DJSTX-SMALL,DJSTX-SMALL,fe05a4f078ad7428
DOW,Micro E-Mini Dow Jones Industrial Average Index,Equity,USD,0.5,US,HMUZ,-5,1,HMUZ,15,70491,2002-06-12T23:00:00.000000,2024-03-28T23:00:00.000000,5575,0.23641255605381165,70491,2002-06-12T23:00:00.000000,2024-03-28T23:00:00.000000,MYM,CBOT,USD,0.5,same_contract_policy_history,DOW30_SIZE_VARIANTS,DOW30,false,Micro execution variant,execution_duplicate,DOW_mini,DOW30_QUARTERLY,fe05a4f078ad7428
DOW_mini,Mini Sized Dow Jones Industrial Average $5,Equity,USD,5.0,US,HMUZ,-5,1,HMUZ,15,70501,2002-06-12T23:00:00.000000,2024-03-28T23:00:00.000000,5575,0.23659192825112108,70501,2002-06-12T23:00:00.000000,2024-03-28T23:00:00.000000,YM,CBOT,USD,5.0,equal_history_prefer_established_contract,DOW30_SIZE_VARIANTS,DOW30,true,Tie broken toward established E-mini contract source,primary,DOW_mini,DOW30_QUARTERLY,fe05a4f078ad7428
DX,US Dollar Index,FX,USD,1000.0,US,HMUZ,-30,1,HMUZ,13,63499,1986-08-18T23:00:00.000000,2024-03-28T23:00:00.000000,9578,1.0,63499,1986-08-18T23:00:00.000000,2024-03-28T23:00:00.000000,DX,NYBOT,USD,1000.0,no_duplicate_candidate,,DX,true,"",singleton,DX,DX,fe05a4f078ad7428
EPRA-EUROPE,FTSE EPRA-NAREIT Europe,Housing,EUR,10.0,EMEA,HMUZ,-5,1,HMUZ,13,1614,2021-12-15T23:00:00.000000,2024-03-28T23:00:00.000000,585,1.0,1614,2021-12-15T23:00:00.000000,2024-03-28T23:00:00.000000,EPRA,MONEP,EUR,10.0,no_duplicate_candidate,,EPRA-EUROPE,true,"",singleton,EPRA-EUROPE,EPRA-EUROPE,fe05a4f078ad7428
ETHANOL,Ethanol CME,OilGas,USD,29000.0,US,FGHJKMNQUVXZ,-5,1,FGHJKMNQUVXZ,-11,4780,2005-05-17T23:00:00.000000,2024-03-28T23:00:00.000000,4751,1.0,4780,2005-05-17T23:00:00.000000,2024-03-28T23:00:00.000000,AC,CBOT,USD,29000.0,no_duplicate_candidate,,ETHANOL,true,"",singleton,ETHANOL,ETHANOL,fe05a4f078ad7428
ETHER-micro,Ethereum micro,Metals,USD,0.1,US,FGHJKMNQUVXZ,-5,1,FGHJKMNQUVXZ,15,11447,2021-02-11T10:00:00.000000,2024-03-28T23:00:00.000000,808,1.0,11447,2021-02-11T10:00:00.000000,2024-03-28T23:00:00.000000,MET,CME,USD,0.1,same_economic_exposure_source_divergence,ETHER_SIZE_VARIANTS,ETHER,false,Separate order book has divergent source marks and must not add normalization weight,execution_duplicate,ETHEREUM,ETHER_CME_MONTHLY,fe05a4f078ad7428
ETHEREUM,CME CF Ether-Dollar Reference Rate,Metals,USD,50.0,US,FGHJKMNQUVXZ,-5,1,FGHJKMNQUVXZ,15,12460,2021-02-11T10:00:00.000000,2024-03-28T23:00:00.000000,809,1.0,12460,2021-02-11T10:00:00.000000,2024-03-28T23:00:00.000000,ETHUSDRR,CME,USD,50.0,prefer_established_contract_source,ETHER_SIZE_VARIANTS,ETHER,true,Established full contract retained despite source-mark divergence,primary,ETHEREUM,ETHER_CME_MONTHLY,fe05a4f078ad7428
EU-AUTO,Dow Jones STOXX 600 Automobiles & Parts,Sector,EUR,50.0,EMEA,HMUZ,-5,1,HMUZ,15,21649,2015-06-15T14:00:00.000000,2024-03-28T23:00:00.000000,2242,0.9750223015165032,21649,2015-06-15T14:00:00.000000,2024-03-28T23:00:00.000000,SXAP,EUREX,EUR,50.0,no_duplicate_candidate,,EU-AUTO,true,"",singleton,EU-AUTO,EU-AUTO,fe05a4f078ad7428
EU-BANKS,Dow Jones Euro STOXX Banks Index,Sector,EUR,50.0,EMEA,HMUZ,-10,1,HMUZ,18,47573,2005-06-10T23:00:00.000000,2024-03-28T23:00:00.000000,4789,0.1820839423679265,47573,2005-06-10T23:00:00.000000,2024-03-28T23:00:00.000000,SX7E,EUREX,EUR,50.0,no_duplicate_candidate,,EU-BANKS,true,"",singleton,EU-BANKS,EU-BANKS,fe05a4f078ad7428
EU-BASIC,Dow Jones STOXX 600 Basic Resources Index,Sector,EUR,50.0,EMEA,HMUZ,-5,1,HMUZ,15,15775,2018-03-12T11:00:00.000000,2024-03-28T23:00:00.000000,1542,0.35149156939040205,15775,2018-03-12T11:00:00.000000,2024-03-28T23:00:00.000000,SXPP,EUREX,EUR,50.0,no_duplicate_candidate,,EU-BASIC,true,"",singleton,EU-BASIC,EU-BASIC,fe05a4f078ad7428
EU-CHEM,Dow Jones STOXX 600 Chemicals,Sector,EUR,50.0,EMEA,HMUZ,-10,1,HMUZ,18,5395,2020-09-16T23:00:00.000000,2024-03-28T23:00:00.000000,902,0.9290465631929047,5395,2020-09-16T23:00:00.000000,2024-03-28T23:00:00.000000,SX4P,EUREX,EUR,50.0,no_duplicate_candidate,,EU-CHEM,true,"",singleton,EU-CHEM,EU-CHEM,fe05a4f078ad7428
EU-CONSTRUCTION,Dow Jones STOXX 600 Construction & Materials,Sector,EUR,50.0,EMEA,HMUZ,-10,1,HMUZ,18,5376,2020-12-15T23:00:00.000000,2024-03-28T23:00:00.000000,839,0.930870083432658,5376,2020-12-15T23:00:00.000000,2024-03-28T23:00:00.000000,SXOP,EUREX,EUR,50.0,no_duplicate_candidate,,EU-CONSTRUCTION,true,"",singleton,EU-CONSTRUCTION,EU-CONSTRUCTION,fe05a4f078ad7428
EU-DIV30,Dow Jones Euro STOXX Select Dividend 30 Index,Equity,EUR,10.0,EMEA,HMUZ,-5,1,HMUZ,15,20089,2009-12-14T23:00:00.000000,2024-03-28T23:00:00.000000,3456,0.24855324074074073,20089,2009-12-14T23:00:00.000000,2024-03-28T23:00:00.000000,DJSD,EUREX,EUR,10.0,no_duplicate_candidate,,EU-DIV30,true,"",singleton,EU-DIV30,EU-DIV30,fe05a4f078ad7428
EU-DJ-OIL,Dow Jones Euro STOXX Oil & Gas,Sector,EUR,50.0,EMEA,HMUZ,-5,1,HMUZ,15,12750,2017-06-12T12:00:00.000000,2024-03-28T23:00:00.000000,1723,0.963435867672664,12750,2017-06-12T12:00:00.000000,2024-03-28T23:00:00.000000,ESE,EUREX,EUR,50.0,no_duplicate_candidate,,EU-DJ-OIL,true,"",singleton,EU-DJ-OIL,EU-DJ-OIL,fe05a4f078ad7428
EU-DJ-TECH,Dow Jones Euro STOXX Technology,Sector,EUR,50.0,EMEA,HMUZ,-5,1,HMUZ,15,10642,2018-06-11T15:00:00.000000,2024-03-28T23:00:00.000000,1447,0.9557705597788528,10642,2018-06-11T15:00:00.000000,2024-03-28T23:00:00.000000,SX8E,EUREX,EUR,50.0,no_duplicate_candidate,,EU-DJ-TECH,true,"",singleton,EU-DJ-TECH,EU-DJ-TECH,fe05a4f078ad7428
EU-DJ-TELECOM,Dow Jones Euro STOXX Telecommunications,Sector,EUR,50.0,EMEA,HMUZ,-5,1,HMUZ,15,20911,2014-06-17T09:00:00.000000,2024-03-28T23:00:00.000000,2482,0.9750201450443191,20911,2014-06-17T09:00:00.000000,2024-03-28T23:00:00.000000,SXKE,EUREX,EUR,50.0,no_duplicate_candidate,,EU-DJ-TELECOM,true,"",singleton,EU-DJ-TELECOM,EU-DJ-TELECOM,fe05a4f078ad7428
EU-DJ-UTIL,Dow Jones Euro STOXX Utilities Index,Sector,EUR,50.0,EMEA,HMUZ,-5,1,HMUZ,15,16532,2015-09-14T13:00:00.000000,2024-03-28T23:00:00.000000,2144,0.9696828358208955,16532,2015-09-14T13:00:00.000000,2024-03-28T23:00:00.000000,ESU,EUREX,EUR,50.0,no_duplicate_candidate,,EU-DJ-UTIL,true,"",singleton,EU-DJ-UTIL,EU-DJ-UTIL,fe05a4f078ad7428
EU-FOOD,Dow Jones STOXX 600 Food & Beverage Index,Sector,EUR,50.0,EMEA,HMUZ,-5,1,HMUZ,15,6977,2020-06-16T23:00:00.000000,2024-03-28T23:00:00.000000,970,0.9402061855670103,6977,2020-06-16T23:00:00.000000,2024-03-28T23:00:00.000000,SX3P,EUREX,EUR,50.0,no_duplicate_candidate,,EU-FOOD,true,"",singleton,EU-FOOD,EU-FOOD,fe05a4f078ad7428
EU-HEALTH,Dow Jones STOXX 600 Healthcare,Sector,EUR,50.0,EMEA,HMUZ,-5,1,HMUZ,15,16952,2016-12-12T11:00:00.000000,2024-03-28T23:00:00.000000,1856,0.9676724137931034,16952,2016-12-12T11:00:00.000000,2024-03-28T23:00:00.000000,SXDP,EUREX,EUR,50.0,no_duplicate_candidate,,EU-HEALTH,true,"",singleton,EU-HEALTH,EU-HEALTH,fe05a4f078ad7428
EU-HOUSE,Dow Jones STOXX 600 Personal & Household Goods,Sector,EUR,50.0,EMEA,HMUZ,-5,1,HMUZ,15,4390,2020-12-15T23:00:00.000000,2024-03-28T23:00:00.000000,832,0.5336538461538461,4390,2020-12-15T23:00:00.000000,2024-03-28T23:00:00.000000,SXQP,EUREX,EUR,50.0,no_duplicate_candidate,,EU-HOUSE,true,"",singleton,EU-HOUSE,EU-HOUSE,fe05a4f078ad7428
EU-INSURE,Dow Jones STOXX 600 Insurance,Sector,EUR,50.0,EMEA,HMUZ,-10,1,HMUZ,18,7189,2020-09-10T23:00:00.000000,2024-03-28T23:00:00.000000,907,0.4906284454244763,7189,2020-09-10T23:00:00.000000,2024-03-28T23:00:00.000000,SXIP,EUREX,EUR,50.0,no_duplicate_candidate,,EU-INSURE,true,"",singleton,EU-INSURE,EU-INSURE,fe05a4f078ad7428
EU-MEDIA,Dow Jones STOXX 600 Media,Sector,EUR,50.0,EMEA,HMUZ,-5,1,HMUZ,15,9433,2018-06-13T07:00:00.000000,2024-03-28T23:00:00.000000,1464,0.9569672131147541,9433,2018-06-13T07:00:00.000000,2024-03-28T23:00:00.000000,SXMP,EUREX,EUR,50.0,no_duplicate_candidate,,EU-MEDIA,true,"",singleton,EU-MEDIA,EU-MEDIA,fe05a4f078ad7428
EU-MID,Dow Jones STOXX MID 200 Index,Sector,EUR,50.0,EMEA,HMUZ,-5,1,HMUZ,15,9179,2013-03-12T23:00:00.000000,2024-03-28T23:00:00.000000,2743,1.0,9179,2013-03-12T23:00:00.000000,2024-03-28T23:00:00.000000,DJ200,EUREX,EUR,50.0,no_duplicate_candidate,,EU-MID,true,"",singleton,EU-MID,EU-MID,fe05a4f078ad7428
EU-OIL,Dow Jones STOXX 600 Oil & Gas,Sector,EUR,50.0,EMEA,HMUZ,-5,1,HMUZ,15,16449,2018-03-12T10:00:00.000000,2024-03-28T23:00:00.000000,1521,0.9618671926364234,16449,2018-03-12T10:00:00.000000,2024-03-28T23:00:00.000000,SXEP,EUREX,EUR,50.0,no_duplicate_candidate,,EU-OIL,true,"",singleton,EU-OIL,EU-OIL,fe05a4f078ad7428
EU-REALESTATE,Dow Jones STOXX 600 Real Estate,Sector,EUR,50.0,EMEA,HMUZ,-5,1,HMUZ,15,14884,2015-06-12T23:00:00.000000,2024-03-28T23:00:00.000000,2185,0.9697940503432494,14884,2015-06-12T23:00:00.000000,2024-03-28T23:00:00.000000,SX86P,EUREX,EUR,50.0,no_duplicate_candidate,,EU-REALESTATE,true,"",singleton,EU-REALESTATE,EU-REALESTATE,fe05a4f078ad7428
EU-RETAIL,Dow Jones STOXX 600 Retail,Sector,EUR,50.0,EMEA,HMUZ,-5,1,HMUZ,15,5660,2020-06-17T23:00:00.000000,2024-03-28T23:00:00.000000,962,0.9438669438669439,5660,2020-06-17T23:00:00.000000,2024-03-28T23:00:00.000000,SXRP,EUREX,EUR,50.0,no_duplicate_candidate,,EU-RETAIL,true,"",singleton,EU-RETAIL,EU-RETAIL,fe05a4f078ad7428
EU-TECH,Dow Jones STOXX 600 Technology,Sector,EUR,50.0,EMEA,HMUZ,-5,1,HMUZ,15,13609,2018-03-12T13:00:00.000000,2024-03-28T23:00:00.000000,1511,0.9616148246194574,13609,2018-03-12T13:00:00.000000,2024-03-28T23:00:00.000000,SX8P,EUREX,EUR,50.0,no_duplicate_candidate,,EU-TECH,true,"",singleton,EU-TECH,EU-TECH,fe05a4f078ad7428
EU-TRAVEL,Dow Jones STOXX 600 Travel & Leisure,Sector,EUR,50.0,EMEA,HMUZ,-5,1,HMUZ,15,15131,2014-03-18T12:00:00.000000,2024-03-28T23:00:00.000000,2508,0.19218500797448165,15131,2014-03-18T12:00:00.000000,2024-03-28T23:00:00.000000,SXTP,EUREX,EUR,50.0,no_duplicate_candidate,,EU-TRAVEL,true,"",singleton,EU-TRAVEL,EU-TRAVEL,fe05a4f078ad7428
EU-UTILS,Dow Jones STOXX 600 Utilities,Sector,EUR,50.0,EMEA,HMUZ,-5,1,HMUZ,15,22655,2014-03-14T13:00:00.000000,2024-03-28T23:00:00.000000,2552,0.9764890282131662,22655,2014-03-14T13:00:00.000000,2024-03-28T23:00:00.000000,SX6P,EUREX,EUR,50.0,no_duplicate_candidate,,EU-UTILS,true,"",singleton,EU-UTILS,EU-UTILS,fe05a4f078ad7428
EUA,ECX EU carbon emissions allowance futures,OilGas,EUR,1000.0,EMEA,Z,-270,-1,HMUZ,14,2490,2022-07-14T23:00:00.000000,2024-03-28T23:00:00.000000,440,1.0,2490,2022-07-14T23:00:00.000000,2024-03-28T23:00:00.000000,ECF,ENDEX,EUR,1000.0,no_duplicate_candidate,,EUA,true,"",singleton,EUA,EUA,fe05a4f078ad7428
EUR,EURUSD currency,FX,USD,125000.0,US,HMUZ,-5,1,HMUZ,17,46267,1999-06-15T23:00:00.000000,2024-03-28T23:00:00.000000,6219,0.9816690786300049,46267,1999-06-15T23:00:00.000000,2024-03-28T23:00:00.000000,EUR,CME,"",125000.0,same_contract_policy_history,EURUSD_SIZE_VARIANTS,EURUSD,false,Full size execution variant,execution_duplicate,EUR_mini,EURUSD_QUARTERLY,fe05a4f078ad7428
EURAUD,EURAUD,FX,AUD,125000.0,US,HMUZ,-5,1,HMUZ,17,1606,2021-12-14T23:00:00.000000,2024-03-28T23:00:00.000000,591,1.0,1606,2021-12-14T23:00:00.000000,2024-03-28T23:00:00.000000,EAD,CME,AUD,125000.0,no_duplicate_candidate,,EURAUD,true,"",singleton,EURAUD,EURAUD,fe05a4f078ad7428
EURCAD,EURCAD,FX,CAD,125000.0,US,HMUZ,-5,1,HMUZ,15,1753,2021-12-13T23:00:00.000000,2024-03-28T23:00:00.000000,592,1.0,1753,2021-12-13T23:00:00.000000,2024-03-28T23:00:00.000000,ECD,CME,CAD,125000.0,no_duplicate_candidate,,EURCAD,true,"",singleton,EURCAD,EURCAD,fe05a4f078ad7428
EURCHF,Euro/chf,FX,CHF,125000.0,US,HMUZ,-5,1,HMUZ,17,59124,2000-03-14T23:00:00.000000,2024-03-28T23:00:00.000000,6130,1.0,59124,2000-03-14T23:00:00.000000,2024-03-28T23:00:00.000000,RF,CME,CHF,125000.0,no_duplicate_candidate,,EURCHF,true,"",singleton,EURCHF,EURCHF,fe05a4f078ad7428
EURIBOR,Three Month EURIBOR,Bond,EUR,2500.0,EMEA,HMUZ,-700,-1,HMUZ,15,47820,1989-04-21T23:00:00.000000,2024-03-28T23:00:00.000000,8921,1.0,47817,1989-04-21T23:00:00.000000,2024-03-28T23:00:00.000000,EU3,EUREX,EUR,2500.0,venue_and_history_distinct,EURIBOR_RELATED,EURIBOR,true,Eurex venue series,distinct_contract,EURIBOR,EURIBOR_EUREX,fe05a4f078ad7428
EURIBOR-ICE,3 Month EURIBOR Interest Rate,Bond,EUR,2500.0,EMEA,HMUZ,-700,-1,HMUZ,15,57433,1989-04-21T23:00:00.000000,2024-03-28T23:00:00.000000,8924,0.996638278798745,57430,1989-04-21T23:00:00.000000,2024-03-28T23:00:00.000000,I,ICEEU,EUR,2500.0,venue_and_history_distinct,EURIBOR_RELATED,EURIBOR,true,ICE venue series,distinct_contract,EURIBOR-ICE,EURIBOR_ICE,fe05a4f078ad7428
EURO600,Dow Jones STOXX 600 Index,Equity,EUR,50.0,EMEA,HMUZ,-5,1,HMUZ,15,44871,2005-12-13T23:00:00.000000,2024-03-28T23:00:00.000000,4659,0.188881734277742,44871,2005-12-13T23:00:00.000000,2024-03-28T23:00:00.000000,DJ600,EUREX,EUR,50.0,no_duplicate_candidate,,EURO600,true,"",singleton,EURO600,EURO600,fe05a4f078ad7428
EUROSTX,European equity index EUROSTOXX50,Equity,EUR,10.0,EMEA,HMUZ,-5,1,HMUZ,15,31619,2014-03-13T23:00:00.000000,2024-03-28T23:00:00.000000,2466,0.981346309813463,31619,2014-03-13T23:00:00.000000,2024-03-28T23:00:00.000000,ESTX50,EUREX,"",10.0,index_methodology_distinct,EUROSTX_RELATED,EUROPE_EQUITY,true,Euro Stoxx 50,distinct_contract,EUROSTX,EUROSTOXX50,fe05a4f078ad7428
EUROSTX-LARGE,Euro Stoxx Large,Equity,EUR,50.0,EMEA,HMUZ,-5,1,HMUZ,15,5308,2013-03-12T23:00:00.000000,2024-03-28T23:00:00.000000,2648,1.0,5308,2013-03-12T23:00:00.000000,2024-03-28T23:00:00.000000,DJESL,EUREX,EUR,50.0,index_methodology_distinct,EUROSTX_RELATED,EUROPE_EQUITY,true,Large cap index,distinct_contract,EUROSTX-LARGE,EUROSTOXX_LARGE,fe05a4f078ad7428
EUROSTX-SMALL,Euro Stoxx Small,Equity,EUR,50.0,EMEA,HMUZ,-5,1,HMUZ,15,11922,2013-03-12T23:00:00.000000,2024-03-28T23:00:00.000000,2804,1.0,11922,2013-03-12T23:00:00.000000,2024-03-28T23:00:00.000000,DJESS,EUREX,EUR,50.0,index_methodology_distinct,EUROSTX_RELATED,EUROPE_EQUITY,true,Small cap index,distinct_contract,EUROSTX-SMALL,EUROSTOXX_SMALL,fe05a4f078ad7428
EUROSTX200-LARGE,Dow Jones STOXX Large 200 Index,Sector,EUR,50.0,EMEA,HMUZ,-5,1,HMUZ,15,7370,2013-03-12T23:00:00.000000,2024-03-28T23:00:00.000000,2573,1.0,7370,2013-03-12T23:00:00.000000,2024-03-28T23:00:00.000000,DJ200L,EUREX,EUR,50.0,no_duplicate_candidate,,EUROSTX200-LARGE,true,"",singleton,EUROSTX200-LARGE,EUROSTX200-LARGE,fe05a4f078ad7428
EUR_micro,EURUSD micro,FX,USD,12500.0,US,HMUZ,-5,1,HMUZ,17,46272,1999-06-15T23:00:00.000000,2024-03-28T23:00:00.000000,6219,0.9667149059334298,46272,1999-06-15T23:00:00.000000,2024-03-28T23:00:00.000000,M6E,CME,USD,12500.0,same_contract_policy_history,EURUSD_SIZE_VARIANTS,EURUSD,false,Micro execution variant,execution_duplicate,EUR_mini,EURUSD_QUARTERLY,fe05a4f078ad7428
EUR_mini,EURUSD mini,FX,USD,62500.0,US,HMUZ,-5,1,HMUZ,17,46208,1999-03-15T23:00:00.000000,2024-03-28T23:00:00.000000,6286,0.9732739420935412,46207,1999-03-15T23:00:00.000000,2024-03-28T20:00:00.000000,E7,CME,USD,62500.0,longer_daily_history,EURUSD_SIZE_VARIANTS,EURUSD,true,Earlier research history,primary,EUR_mini,EURUSD_QUARTERLY,fe05a4f078ad7428
FANG,NYSE FANG index,Equity,USD,5.0,US,HMUZ,-5,1,HMUZ,16,12811,2017-12-12T15:00:00.000000,2024-03-28T23:00:00.000000,1530,0.13137254901960785,12811,2017-12-12T15:00:00.000000,2024-03-28T23:00:00.000000,NYFANG,NYBOT,USD,5.0,no_duplicate_candidate,,FANG,true,"",singleton,FANG,FANG,fe05a4f078ad7428
FED,30 Day Fed Funds,Bond,USD,4167.0,US,FGHJKMNQUVXZ,-180,-1,FGHJKMNQUVXZ,15,51408,1990-03-13T23:00:00.000000,2024-03-28T23:00:00.000000,8601,0.9953493779793048,51407,1990-03-13T23:00:00.000000,2024-03-28T20:00:00.000000,ZQ,CBOT,USD,4167.0,no_duplicate_candidate,,FED,true,"",singleton,FED,FED,fe05a4f078ad7428
FEEDCOW,Feeder cattle,Ags,USD,500.0,US,FHJKQUVX,-90,-1,FHJKQUVX,15,47115,1977-02-01T23:00:00.000000,2024-03-28T23:00:00.000000,11883,0.9298998569384835,47115,1977-02-01T23:00:00.000000,2024-03-28T23:00:00.000000,GF,CME,USD,500.0,no_duplicate_candidate,,FEEDCOW,true,"",singleton,FEEDCOW,FEEDCOW,fe05a4f078ad7428
FTSE100,FTSE100 Index,Equity,GBP,10.0,EMEA,HMUZ,-30,1,HMUZ,17,53679,1984-05-21T23:00:00.000000,2024-03-28T23:00:00.000000,10062,0.851520572450805,53679,1984-05-21T23:00:00.000000,2024-03-28T23:00:00.000000,Z,ICEEU,GBP,10.0,no_duplicate_candidate,,FTSE100,true,"",singleton,FTSE100,FTSE100,fe05a4f078ad7428
FTSE250,FTSE 250,Equity,GBP,2.0,EMEA,HMUZ,-5,1,HMUZ,15,25334,1994-03-14T23:00:00.000000,2024-03-28T23:00:00.000000,7503,0.48260695721711316,25334,1994-03-14T23:00:00.000000,2024-03-28T23:00:00.000000,Y,ICEEU,GBP,2.0,no_duplicate_candidate,,FTSE250,true,"",singleton,FTSE250,FTSE250,fe05a4f078ad7428
FTSECHINAA,FTSE/Xinhua China A50,Equity,USD,1.0,ASIA,FGHJKMNQUVXZ,-10,1,FGHJKMNQUVXZ,15,16825,2011-03-08T23:00:00.000000,2024-03-29T05:00:00.000000,3363,0.9907820398453762,16825,2011-03-08T23:00:00.000000,2024-03-29T05:00:00.000000,XINA50,SGX,USD,1.0,no_duplicate_candidate,,FTSECHINAA,true,"",singleton,FTSECHINAA,FTSECHINAA,fe05a4f078ad7428
FTSECHINAH,FTSE China H50,Equity,USD,2.0,ASIA,FGHJKMNQUVXZ,-5,1,FGHJKMNQUVXZ,14,7538,2020-12-29T23:00:00.000000,2024-03-29T04:00:00.000000,887,0.9842164599774521,7538,2020-12-29T23:00:00.000000,2024-03-29T04:00:00.000000,XIN0I,SGX,USD,2.0,no_duplicate_candidate,,FTSECHINAH,true,"",singleton,FTSECHINAH,FTSECHINAH,fe05a4f078ad7428
FTSEINDO,FTSE Indonesia Index,Equity,USD,5.0,ASIA,FGHJKMNQUVXZ,-10,1,FGHJKMNQUVXZ,18,6605,2020-10-26T23:00:00.000000,2024-03-28T23:00:00.000000,910,0.9615384615384616,6605,2020-10-26T23:00:00.000000,2024-03-28T23:00:00.000000,WIIDN,SGX,USD,5.0,no_duplicate_candidate,,FTSEINDO,true,"",singleton,FTSEINDO,FTSEINDO,fe05a4f078ad7428
FTSETAIWAN,FTSE Taiwan RIC Capped Price Return TWD Index,Equity,USD,40.0,ASIA,FGHJKMNQUVXZ,-10,1,FGHJKMNQUVXZ,15,14590,2020-11-09T23:00:00.000000,2024-03-29T05:00:00.000000,960,0.8822916666666667,14590,2020-11-09T23:00:00.000000,2024-03-29T05:00:00.000000,TWN,SGX,USD,40.0,no_duplicate_candidate,,FTSETAIWAN,true,"",singleton,FTSETAIWAN,FTSETAIWAN,fe05a4f078ad7428
FTSEVIET,FTSE Vietnam 30 Price Return Index,Equity,USD,5.0,ASIA,FGHJKMNQUVXZ,-10,1,FGHJKMNQUVXZ,15,1981,2021-10-21T23:00:00.000000,2024-03-28T23:00:00.000000,506,0.9683794466403162,1981,2021-10-21T23:00:00.000000,2024-03-28T23:00:00.000000,FIVNM30,SGX,USD,5.0,no_duplicate_candidate,,FTSEVIET,true,"",singleton,FTSEVIET,FTSEVIET,fe05a4f078ad7428
GAS-LAST,Natural Gas Last Day Financial Futures Index,OilGas,USD,10000.0,US,FGHJKMNQUVXZ,-35,-1,FGHJKMNQUVXZ,-5,29657,2006-12-26T23:00:00.000000,2024-03-28T23:00:00.000000,4374,0.9995427526291724,29617,2006-12-26T23:00:00.000000,2024-03-28T23:00:00.000000,HH,NYMEX,USD,10000.0,settlement_contract_distinct,GAS_RELATED,HENRY_HUB_GAS,true,Last day financial contract,distinct_contract,GAS-LAST,GAS_LAST_DAY_FINANCIAL,fe05a4f078ad7428
GAS-PEN,Natural Gas Penultimate Financial Futures Index,OilGas,USD,10000.0,US,FGHJKMNQUVXZ,-35,-1,FGHJKMNQUVXZ,-5,7876,2006-06-23T23:00:00.000000,2024-03-28T23:00:00.000000,4365,0.9988545246277205,7861,2006-06-23T23:00:00.000000,2024-03-27T23:00:00.000000,HP,NYMEX,USD,10000.0,settlement_contract_distinct,GAS_RELATED,HENRY_HUB_GAS,true,Penultimate financial contract,distinct_contract,GAS-PEN,GAS_PENULTIMATE_FINANCIAL,fe05a4f078ad7428
GASOIL,ICE-EU Low Sulphur Gasoil,OilGas,USD,100.0,EMEA,FGHJKMNQUVXZ,-60,-1,FGHJKMNQUVXZ,12,67570,1986-06-16T23:00:00.000000,2024-03-28T23:00:00.000000,9634,0.9998962009549512,67569,1986-06-16T23:00:00.000000,2024-03-28T23:00:00.000000,GOIL,IPE,USD,100.0,no_duplicate_candidate,,GASOIL,true,"",singleton,GASOIL,GASOIL,fe05a4f078ad7428
GASOILINE,RBOB Gasoline US,OilGas,USD,42000.0,US,FGHJKMNQUVXZ,-60,-1,FGHJKMNQUVXZ,14,78580,1985-01-15T23:00:00.000000,2024-03-28T23:00:00.000000,9943,1.0,78580,1985-01-15T23:00:00.000000,2024-03-28T23:00:00.000000,RB,NYMEX,USD,42000.0,contract_path_materially_distinct,GASOLINE_RELATED,GASOLINE,true,Deferred NYMEX policy,distinct_roll_policy,GASOILINE,GASOLINE_NYMEX_DEFERRED,fe05a4f078ad7428
GASOILINE_ICE,ICE NYH RBOB Gasoline,OilGas,USD,42000.0,EMEA,FGHJKMNQUVXZ,-5,1,FGHJKMNQUVXZ,20,4007,2022-07-29T23:00:00.000000,2024-03-28T23:00:00.000000,430,1.0,4007,2022-07-29T23:00:00.000000,2024-03-28T23:00:00.000000,RBOB,IPE,USD,42000.0,venue_and_history_distinct,GASOLINE_RELATED,GASOLINE,true,ICE front contract,distinct_contract,GASOILINE_ICE,GASOLINE_ICE_FRONT,fe05a4f078ad7428
GASOILINE_micro,NYMEX micro Gasoline RBOB Index,OilGas,USD,4200.0,US,FGHJKMNQUVXZ,-30,1,FGHJKMNQUVXZ,14,75606,1985-01-17T23:00:00.000000,2024-03-28T23:00:00.000000,9938,1.0,75606,1985-01-17T23:00:00.000000,2024-03-28T23:00:00.000000,MRB,NYMEX,USD,4200.0,contract_path_materially_distinct,GASOLINE_RELATED,GASOLINE,true,Micro policy uses different offset and carry direction,distinct_roll_policy,GASOILINE_micro,GASOLINE_NYMEX_MICRO,fe05a4f078ad7428
GAS_US,Natural gas US,OilGas,USD,10000.0,US,FGHJKMNQUVXZ,-35,-1,FGHJKMNQUVXZ,-4,59105,1990-07-26T23:00:00.000000,2024-03-28T23:00:00.000000,8459,0.7641565196831777,59105,1990-07-26T23:00:00.000000,2024-03-28T23:00:00.000000,NG,NYMEX,"",10000.0,same_config_execution_variant,GAS_NYMEX_SIZE_VARIANTS,HENRY_HUB_GAS,false,Full size execution variant,execution_duplicate,GAS_US_mini,GAS_NYMEX_MONTHLY,fe05a4f078ad7428
GAS_US_mini,Natural gas US mini,OilGas,USD,2500.0,US,FGHJKMNQUVXZ,-35,-1,FGHJKMNQUVXZ,-4,30728,1990-05-23T23:00:00.000000,2024-03-28T23:00:00.000000,8532,0.9994139709329583,30728,1990-05-23T23:00:00.000000,2024-03-28T23:00:00.000000,QG,NYMEX,USD,2500.0,longer_daily_history,GAS_NYMEX_SIZE_VARIANTS,HENRY_HUB_GAS,true,Earlier and broader daily coverage,primary,GAS_US_mini,GAS_NYMEX_MONTHLY,fe05a4f078ad7428
GBP,GBPUSD currency,FX,USD,62500.0,US,HMUZ,-5,1,HMUZ,17,60311,1975-12-16T23:00:00.000000,2024-03-28T23:00:00.000000,12240,1.0,60311,1975-12-16T23:00:00.000000,2024-03-28T23:00:00.000000,GBP,CME,"",62500.0,same_contract_policy_history,GBPUSD_SIZE_VARIANTS,GBPUSD,false,Full size execution variant,execution_duplicate,GBP_micro,GBPUSD_QUARTERLY,fe05a4f078ad7428
GBPCHF,GBPCHF,FX,CHF,125000.0,US,HMUZ,-5,1,HMUZ,17,987,2021-12-14T23:00:00.000000,2024-03-28T23:00:00.000000,591,0.9915397631133672,987,2021-12-14T23:00:00.000000,2024-03-28T23:00:00.000000,PSF,CME,CHF,125000.0,no_duplicate_candidate,,GBPCHF,true,"",singleton,GBPCHF,GBPCHF,fe05a4f078ad7428
GBPEUR,GBPEUR currency,FX,GBP,125000.0,US,HMUZ,-5,1,HMUZ,15,64441,1999-03-12T23:00:00.000000,2024-03-28T23:00:00.000000,6388,0.9912335629304947,64441,1999-03-12T23:00:00.000000,2024-03-28T23:00:00.000000,RP,CME,GBP,125000.0,no_duplicate_candidate,,GBPEUR,true,"",singleton,GBPEUR,GBPEUR,fe05a4f078ad7428
GBPJPY,GBPJPY,FX,JPY,125000.0,US,HMUZ,-5,1,HMUZ,15,1383,2021-12-13T23:00:00.000000,2024-03-28T23:00:00.000000,592,1.0,1383,2021-12-13T23:00:00.000000,2024-03-28T23:00:00.000000,PJY,CME,JPY,125000.0,no_duplicate_candidate,,GBPJPY,true,"",singleton,GBPJPY,GBPJPY,fe05a4f078ad7428
GBP_micro,GBPUSD_micro,FX,USD,6250.0,US,HMUZ,-5,1,HMUZ,17,60309,1975-09-15T23:00:00.000000,2024-03-28T23:00:00.000000,12284,0.9886030608922175,60309,1975-09-15T23:00:00.000000,2024-03-28T23:00:00.000000,M6B,CME,USD,6250.0,longer_daily_history,GBPUSD_SIZE_VARIANTS,GBPUSD,true,Earlier research history,primary,GBP_micro,GBPUSD_QUARTERLY,fe05a4f078ad7428
GICS,S&P-GSCI Index,Ags,USD,250.0,US,FGHJKMNQUVXZ,-10,1,FGHJKMNQUVXZ,15,22682,1994-02-04T23:00:00.000000,2024-03-28T23:00:00.000000,7469,1.0,22681,1994-02-04T23:00:00.000000,2024-03-28T23:00:00.000000,GSCI,CME,USD,250.0,no_duplicate_candidate,,GICS,true,"",singleton,GICS,GICS,fe05a4f078ad7428
GILT,UK 10 year bonds Long Gilt,Bond,GBP,1000.0,EMEA,HMUZ,-5,1,HMUZ,28,36782,1983-03-25T23:00:00.000000,2024-03-28T23:00:00.000000,10364,1.0,36782,1983-03-25T23:00:00.000000,2024-03-28T23:00:00.000000,R,ICEEU,GBP,1000.0,no_duplicate_candidate,,GILT,true,"",singleton,GILT,GILT,fe05a4f078ad7428
GOLD,Gold,Metals,USD,100.0,US,GJMQVZ,-30,1,GJMQVZ,26,51853,1975-04-01T23:00:00.000000,2024-03-28T23:00:00.000000,12314,0.9950462887770017,51853,1975-04-01T23:00:00.000000,2024-03-28T23:00:00.000000,GC,COMEX,"",100.0,realized_history_near_identical,GOLD_SIZE_VARIANTS,GOLD,false,Full size execution variant,execution_duplicate,GOLD-mini,GOLD_COMEX,fe05a4f078ad7428
GOLD-mini,Gold mini,Metals,USD,50.0,US,GJMQVZ,-30,1,GJMQVZ,26,51531,1975-01-29T23:00:00.000000,2024-03-28T23:00:00.000000,12379,1.0,51531,1975-01-29T23:00:00.000000,2024-03-28T23:00:00.000000,QO,COMEX,USD,50.0,longer_daily_history,GOLD_SIZE_VARIANTS,GOLD,true,Earlier research history,primary,GOLD-mini,GOLD_COMEX,fe05a4f078ad7428
GOLD_micro,Gold micro,Metals,USD,10.0,US,GJMQVZ,-40,1,GJMQVZ,26,51854,1975-04-01T23:00:00.000000,2024-03-28T23:00:00.000000,12341,1.0,51854,1975-04-01T23:00:00.000000,2024-03-28T23:00:00.000000,MGC,COMEX,USD,10.0,realized_history_near_identical,GOLD_SIZE_VARIANTS,GOLD,false,Offset differs but selected history is near identical,execution_duplicate,GOLD-mini,GOLD_COMEX,fe05a4f078ad7428
HANG,Hong Kong equity index Hang Seng,Equity,HKD,50.0,ASIA,FGHJKMNQUVXZ,-5,1,FGHJKMNQUVXZ,26,35541,1986-05-23T23:00:00.000000,2024-03-28T23:00:00.000000,9322,0.8608667667882429,35541,1986-05-23T23:00:00.000000,2024-03-28T23:00:00.000000,HSI,HKFE,HKD,50.0,longer_daily_history,HANG_SIZE_VARIANTS,HANG_SENG,true,Selected research representative,primary,HANG,HANG_SENG_ALL_MONTHS,fe05a4f078ad7428
HANGENT,Hang Seng China Enterprise Index,Equity,HKD,50.0,ASIA,FGHJKMNQUVXZ,-5,1,FGHJKMNQUVXZ,28,1786,2022-07-26T23:00:00.000000,2024-03-28T23:00:00.000000,417,0.9856115107913669,1786,2022-07-26T23:00:00.000000,2024-03-28T23:00:00.000000,HHI.HK,HKFE,HKD,50.0,roll_timing_distinct,HANGENT_RELATED,HANG_SENG_CHINA,true,Five day roll offset,distinct_roll_policy,HANGENT,HANGENT_OFFSET_5,fe05a4f078ad7428
HANGENT_mini,Hang Seng China Enterprise Index mini,Equity,HKD,10.0,ASIA,FGHJKMNQUVXZ,-10,1,FGHJKMNQUVXZ,28,1768,2022-07-21T23:00:00.000000,2024-03-28T23:00:00.000000,420,0.6714285714285714,1768,2022-07-21T23:00:00.000000,2024-03-28T23:00:00.000000,MCH.HK,HKFE,HKD,10.0,roll_timing_distinct,HANGENT_RELATED,HANG_SENG_CHINA,true,Ten day roll offset,distinct_roll_policy,HANGENT_mini,HANGENT_OFFSET_10,fe05a4f078ad7428
HANGTECH,Hang Seng TECH Index,Equity,HKD,50.0,ASIA,FGHJKMNQUVXZ,-5,1,FGHJKMNQUVXZ,25,11276,2020-12-21T02:00:00.000000,2024-03-28T23:00:00.000000,808,0.8205445544554455,11276,2020-12-21T02:00:00.000000,2024-03-28T23:00:00.000000,HSTECH,HKFE,HKD,50.0,no_duplicate_candidate,,HANGTECH,true,"",singleton,HANGTECH,HANGTECH,fe05a4f078ad7428
HANG_mini,Hong Kong equity index Hang Seng mini,Equity,HKD,10.0,ASIA,FGHJKMNQUVXZ,-5,1,FGHJKMNQUVXZ,23,31583,2001-09-20T23:00:00.000000,2024-03-28T23:00:00.000000,5555,0.9864986498649865,31583,2001-09-20T23:00:00.000000,2024-03-28T23:00:00.000000,MHI,HKFE,HKD,10.0,same_contract_policy_history,HANG_SIZE_VARIANTS,HANG_SENG,false,Mini execution variant,execution_duplicate,HANG,HANG_SENG_ALL_MONTHS,fe05a4f078ad7428
HEATOIL,Heating oil,OilGas,USD,42000.0,US,FGHJKMNQUVXZ,-60,-1,FGHJKMNQUVXZ,14,63469,1980-02-19T23:00:00.000000,2024-03-28T23:00:00.000000,11149,0.9997309175710826,63469,1980-02-19T23:00:00.000000,2024-03-28T23:00:00.000000,HO,NYMEX,USD,42000.0,contract_path_materially_distinct,HEATOIL_RELATED,HEATING_OIL,true,Deferred NYMEX policy,distinct_roll_policy,HEATOIL,HEATOIL_NYMEX_DEFERRED,fe05a4f078ad7428
HEATOIL-ICE,ICE HEATING OIL,OilGas,USD,42000.0,EMEA,FGHJKMNQUVXZ,-5,1,FGHJKMNQUVXZ,26,40311,2006-05-31T23:00:00.000000,2024-03-28T23:00:00.000000,4596,0.9865100087032201,40311,2006-05-31T23:00:00.000000,2024-03-28T23:00:00.000000,HOIL,IPE,USD,42000.0,venue_and_history_distinct,HEATOIL_RELATED,HEATING_OIL,true,ICE front contract,distinct_contract,HEATOIL-ICE,HEATOIL_ICE_FRONT,fe05a4f078ad7428
HIGHYIELD,iBoxx iShares $ High Yield Corporate Bond Index TR,Bond,USD,1000.0,US,HMUZ,-5,1,HMUZ,3,6487,2000-08-31T23:00:00.000000,2024-03-28T23:00:00.000000,6018,0.9998338318378198,6486,2000-08-31T23:00:00.000000,2024-03-28T23:00:00.000000,IBXXIBHY,CFE,USD,1000.0,no_duplicate_candidate,,HIGHYIELD,true,"",singleton,HIGHYIELD,HIGHYIELD,fe05a4f078ad7428
HOUSE-US,Housing Index Composite,Housing,USD,250.0,US,GKQX,-5,1,GKQX,15,638,2021-11-12T23:00:00.000000,2024-03-28T23:00:00.000000,589,1.0,638,2021-11-12T23:00:00.000000,2024-03-28T23:00:00.000000,CUS,CME,USD,250.0,no_duplicate_candidate,,HOUSE-US,true,"",singleton,HOUSE-US,HOUSE-US,fe05a4f078ad7428
IBEX,Spanish equity index IBEX,Equity,EUR,10.0,EMEA,FGHJKMNQUVXZ,-10,1,FGHJKMNQUVXZ,15,10177,1992-10-07T23:00:00.000000,2024-03-28T23:00:00.000000,7964,0.9840532395781014,10177,1992-10-07T23:00:00.000000,2024-03-28T23:00:00.000000,IBEX35,MEFFRV,EUR,10.0,equal_history_prefer_established_contract,IBEX_SIZE_VARIANTS,IBEX35,true,Tie broken toward established full contract source,primary,IBEX,IBEX35_ALL_MONTHS,fe05a4f078ad7428
IBEX_mini,IBEX 35 mini,Equity,EUR,1.0,EMEA,FGHJKMNQUVXZ,-10,1,FGHJKMNQUVXZ,15,10189,1992-10-07T23:00:00.000000,2024-03-28T23:00:00.000000,7964,0.9840532395781014,10189,1992-10-07T23:00:00.000000,2024-03-28T23:00:00.000000,IBEX,MEFFRV,EUR,1.0,same_contract_policy_history,IBEX_SIZE_VARIANTS,IBEX35,false,Mini execution variant,execution_duplicate,IBEX,IBEX35_ALL_MONTHS,fe05a4f078ad7428
IG,iBoxx iShares $ Investment Grade Corporate Bond Index TR,Bond,USD,1000.0,US,HMUZ,-5,1,HMUZ,3,987,2022-08-01T23:00:00.000000,2024-03-28T23:00:00.000000,421,1.0,981,2022-08-01T23:00:00.000000,2024-03-28T23:00:00.000000,IBXXIBIG,CFE,USD,1000.0,no_duplicate_candidate,,IG,true,"",singleton,IG,IG,fe05a4f078ad7428
INR,Indian Rupee,FX,USD,500.0,US,FGHJKMNQUVXZ,-10,1,FGHJKMNQUVXZ,15,5481,2015-11-09T23:00:00.000000,2024-03-28T23:00:00.000000,2176,1.0,5481,2015-11-09T23:00:00.000000,2024-03-28T23:00:00.000000,SIR,CME,USD,500.0,no_duplicate_candidate,,INR,true,"",singleton,INR,INR,fe05a4f078ad7428
IRON,SGX TSI Iron Ore Futures,Metals,USD,100.0,ASIA,FGHJKMNQUVXZ,-60,-1,FGHJKMNQUVXZ,27,16264,2014-01-03T23:00:00.000000,2024-03-28T23:00:00.000000,2724,1.0,16248,2014-01-03T23:00:00.000000,2024-03-28T23:00:00.000000,SCI,SGX,USD,100.0,no_duplicate_candidate,,IRON,true,"",singleton,IRON,IRON,fe05a4f078ad7428
IRS,Israeli shekel,FX,USD,1000000.0,US,HMUZ,-10,1,HMUZ,15,4997,2006-06-07T23:00:00.000000,2024-03-28T23:00:00.000000,4466,1.0,4997,2006-06-07T23:00:00.000000,2024-03-28T23:00:00.000000,ILS,CME,USD,1000000.0,no_duplicate_candidate,,IRS,true,"",singleton,IRS,IRS,fe05a4f078ad7428
JGB,Standardized 6% 10-Year Japanese Government Bond,Bond,JPY,1000000.0,ASIA,HMUZ,-20,1,HMUZ,15,18541,2001-12-04T23:00:00.000000,2024-03-29T05:00:00.000000,5544,0.9895382395382395,18541,2001-12-04T23:00:00.000000,2024-03-29T05:00:00.000000,JGB,OSE.JPN,JPY,1000000.0,same_contract_policy_history,JGB_OSE_SIZE_VARIANTS,JGB10,false,Full size execution variant,execution_duplicate,JGB-mini,JGB_OSE_QUARTERLY,fe05a4f078ad7428
JGB-SGX-mini,SGX Mini JGB Index,Bond,JPY,100000.0,ASIA,HMUZ,-20,1,HMUZ,15,18459,1999-02-25T23:00:00.000000,2024-03-29T05:00:00.000000,6350,0.9067716535433071,18459,1999-02-25T23:00:00.000000,2024-03-29T05:00:00.000000,SGB,SGX,JPY,100000.0,venue_and_history_distinct,JGB_RELATED,JGB10,true,SGX contract retained separately,distinct_contract,JGB-SGX-mini,JGB_SGX_QUARTERLY,fe05a4f078ad7428
JGB-mini,Mini 10 Year JGB,Bond,JPY,100000.0,ASIA,HMUZ,-20,1,HMUZ,15,11660,2001-12-04T23:00:00.000000,2024-03-29T03:30:00.000000,5551,0.9893712844532516,11660,2001-12-04T23:00:00.000000,2024-03-29T03:30:00.000000,MJ,OSE.JPN,JPY,100000.0,longer_daily_history,JGB_OSE_SIZE_VARIANTS,JGB10,true,Seven additional canonical daily returns,primary,JGB-mini,JGB_OSE_QUARTERLY,fe05a4f078ad7428
JP-REALESTATE,TSE REIT Index,Sector,JPY,1000.0,ASIA,HMUZ,-5,1,HMUZ,15,5242,2018-06-08T23:00:00.000000,2024-03-29T05:00:00.000000,1497,0.9986639946559787,5242,2018-06-08T23:00:00.000000,2024-03-29T05:00:00.000000,TSEREIT,OSE.JPN,JPY,1000.0,no_duplicate_candidate,,JP-REALESTATE,true,"",singleton,JP-REALESTATE,JP-REALESTATE,fe05a4f078ad7428
JPY,JPYUSD currency,FX,USD,12500000.0,US,HMUZ,-5,1,HMUZ,17,56916,1977-06-14T23:00:00.000000,2024-03-28T23:00:00.000000,11825,0.9879915433403805,56915,1977-06-14T23:00:00.000000,2024-03-28T20:00:00.000000,JPY,CME,"",12500000.0,same_contract_policy_history,JPYUSD_SIZE_VARIANTS,JPYUSD,false,Full size execution variant,execution_duplicate,JPY_mini,JPYUSD_QUARTERLY,fe05a4f078ad7428
JPY_mini,JPYUSD mini,FX,USD,6250000.0,US,HMUZ,-5,1,HMUZ,17,56811,1977-03-14T23:00:00.000000,2024-03-28T23:00:00.000000,11926,0.999916149589133,56811,1977-03-14T23:00:00.000000,2024-03-28T23:00:00.000000,J7,CME,USD,6250000.0,longer_daily_history,JPYUSD_SIZE_VARIANTS,JPYUSD,true,Earlier research history,primary,JPY_mini,JPYUSD_QUARTERLY,fe05a4f078ad7428
KOSDAQ,KOSDAQ 150 Index,Equity,KRW,10000.0,ASIA,HMUZ,-1,1,HMUZ,13,5040,2020-09-11T23:00:00.000000,2024-03-29T05:00:00.000000,876,0.9360730593607306,5040,2020-09-11T23:00:00.000000,2024-03-29T05:00:00.000000,KOSDQ150,KSE,KRW,10000.0,no_duplicate_candidate,,KOSDAQ,true,"",singleton,KOSDAQ,KOSDAQ,fe05a4f078ad7428
KOSPI,Korean equity index KOSPI,Equity,KRW,250000.0,ASIA,HMUZ,-1,1,HMUZ,13,12466,2014-03-13T23:00:00.000000,2024-03-29T05:00:00.000000,2480,0.9995967741935484,12466,2014-03-13T23:00:00.000000,2024-03-29T05:00:00.000000,K200,KSE,"",250000.0,contract_path_materially_distinct,KOSPI_RELATED,KOSPI200,true,Quarterly full contract policy,distinct_roll_policy,KOSPI,KOSPI_QUARTERLY,fe05a4f078ad7428
KOSPI_mini,KOSPI mini,Equity,KRW,50000.0,ASIA,FGHJKMNQUVXZ,-1,1,FGHJKMNQUVXZ,13,12761,2013-12-10T10:32:55.000000,2024-03-29T05:00:00.000000,2540,1.0,12761,2013-12-10T10:32:55.000000,2024-03-29T05:00:00.000000,K200M,KSE,KRW,50000.0,contract_path_materially_distinct,KOSPI_RELATED,KOSPI200,true,All month mini policy,distinct_roll_policy,KOSPI_mini,KOSPI_MINI_ALL_MONTHS,fe05a4f078ad7428
KR10,Korean 10 year bond,Bond,KRW,1000000.0,ASIA,HMUZ,-1,1,HMUZ,18,11997,2014-03-19T01:12:56.000000,2024-03-29T05:00:00.000000,2399,0.9770737807419758,11997,2014-03-19T01:12:56.000000,2024-03-29T05:00:00.000000,FLKTB,KSE,"",1000000.0,no_duplicate_candidate,,KR10,true,"",singleton,KR10,KR10,fe05a4f078ad7428
KR3,Korean 3 year bond,Bond,KRW,1000000.0,ASIA,HMUZ,-1,1,HMUZ,18,11917,2014-03-19T01:14:11.000000,2024-03-29T05:00:00.000000,2391,0.9765788373065662,11917,2014-03-19T01:14:11.000000,2024-03-29T05:00:00.000000,3KTB,KSE,"",1000000.0,no_duplicate_candidate,,KR3,true,"",singleton,KR3,KR3,fe05a4f078ad7428
KRWUSD,Korean Won,FX,USD,125000000.0,US,FGHJKMNQUVXZ,-10,1,FGHJKMNQUVXZ,15,1878,2021-03-08T23:00:00.000000,2024-03-28T23:00:00.000000,739,1.0,1878,2021-03-08T23:00:00.000000,2024-03-28T23:00:00.000000,KRW,CME,USD,125000000.0,venue_and_history_distinct,KRWUSD_RELATED,KRWUSD,true,CME contract,distinct_contract,KRWUSD,KRWUSD_CME,fe05a4f078ad7428
KRWUSD_mini,SGX Korean Won in US Dollar Futures (Mini),FX,USD,25000.0,ASIA,FGHJKMNQUVXZ,-10,1,FGHJKMNQUVXZ,15,7911,2021-04-07T23:00:00.000000,2024-03-29T05:00:00.000000,803,0.9900373599003736,7911,2021-04-07T23:00:00.000000,2024-03-29T05:00:00.000000,KU,SGX,USD,25000.0,venue_and_history_distinct,KRWUSD_RELATED,KRWUSD,true,SGX contract,distinct_contract,KRWUSD_mini,KRWUSD_SGX_MINI,fe05a4f078ad7428
LEAD_LME,Lead - LME,Metals,USD,25.0,EMEA,FGHJKMNQUVXZ,-45,1,FGHJKMNQUVXZ,14,1473,2023-06-01T23:00:00.000000,2024-03-28T23:00:00.000000,212,1.0,1472,2023-06-01T23:00:00.000000,2024-03-28T23:00:00.000000,PB,LMEOTC,USD,25.0,no_duplicate_candidate,,LEAD_LME,true,"",singleton,LEAD_LME,LEAD_LME,fe05a4f078ad7428
LEANHOG,Lean hogs,Ags,USD,400.0,US,GJMNQVZ,-60,-1,GJKMNQVZ,13,31485,1974-07-22T23:00:00.000000,2024-03-28T23:00:00.000000,12509,0.9955232232792389,31485,1974-07-22T23:00:00.000000,2024-03-28T23:00:00.000000,HE,CME,"",400.0,no_duplicate_candidate,,LEANHOG,true,"",singleton,LEANHOG,LEANHOG,fe05a4f078ad7428
LIVECOW,Live cattle,Ags,USD,400.0,US,GJMQVZ,-60,-1,GJMQVZ,28,39200,1971-10-21T23:00:00.000000,2024-03-28T23:00:00.000000,13192,0.9962856276531231,39200,1971-10-21T23:00:00.000000,2024-03-28T23:00:00.000000,LE,CME,"",400.0,no_duplicate_candidate,,LIVECOW,true,"",singleton,LIVECOW,LIVECOW,fe05a4f078ad7428
LUMBER-new,Random Length Lumber - mini,Ags,USD,27.5,US,FHKNUX,-50,1,FHKNUX,15,2421,2022-08-09T23:00:00.000000,2024-03-28T23:00:00.000000,412,1.0,2420,2022-08-09T23:00:00.000000,2024-03-28T23:00:00.000000,LBR,CME,USD,27.5,no_duplicate_candidate,,LUMBER-new,true,"",singleton,LUMBER-new,LUMBER-new,fe05a4f078ad7428
MIB,FTSE MIB INDEX,Equity,EUR,5.0,EMEA,HMUZ,-5,1,HMUZ,20,3073,2022-09-19T23:00:00.000000,2024-03-28T23:00:00.000000,391,1.0,3073,2022-09-19T23:00:00.000000,2024-03-28T23:00:00.000000,FTMIB,IDEM,EUR,5.0,no_duplicate_candidate,,MIB,true,"",singleton,MIB,MIB,fe05a4f078ad7428
MILK,Milk class III,Ags,USD,2000.0,US,FGHJKMNQUVXZ,-60,-1,FGHJKMNQUVXZ,14,44967,1996-04-17T23:00:00.000000,2024-03-28T23:00:00.000000,7039,1.0,44965,1996-04-17T23:00:00.000000,2024-03-28T23:00:00.000000,DA,CME,USD,2000.0,no_duplicate_candidate,,MILK,true,"",singleton,MILK,MILK,fe05a4f078ad7428
MILKDRY,NON FAT DRY MILK INDEX,Ags,USD,440.0,US,FGHJKMNQUVXZ,-180,-1,FGHJKMNQUVXZ,18,11675,2014-01-21T15:00:00.000000,2024-03-28T23:00:00.000000,2471,1.0,11667,2014-01-21T15:00:00.000000,2024-03-28T23:00:00.000000,NF,CME,USD,440.0,no_duplicate_candidate,,MILKDRY,true,"",singleton,MILKDRY,MILKDRY,fe05a4f078ad7428
MILKWET,Class IV Milk - 200k lbs,Ags,USD,2000.0,US,FGHJKMNQUVXZ,-90,-1,FGHJKMNQUVXZ,15,9963,2000-08-21T23:00:00.000000,2024-03-28T23:00:00.000000,5289,1.0,9959,2000-08-21T23:00:00.000000,2024-03-28T23:00:00.000000,GDK,CME,USD,2000.0,no_duplicate_candidate,,MILKWET,true,"",singleton,MILKWET,MILKWET,fe05a4f078ad7428
MILLWHEAT,Milling Wheat Futures,Ags,EUR,50.0,EMEA,HKUZ,-60,-1,HKUZ,9,30791,2002-03-12T23:00:00.000000,2024-03-28T23:00:00.000000,5638,0.9813763746009223,30791,2002-03-12T23:00:00.000000,2024-03-28T23:00:00.000000,EBM,MATIF,EUR,50.0,no_duplicate_candidate,,MILLWHEAT,true,"",singleton,MILLWHEAT,MILLWHEAT,fe05a4f078ad7428
MSCIASIA,MSCI Emerging Markets Asia,Equity,USD,100.0,EMEA,HMUZ,-5,1,HMUZ,15,7826,2021-03-12T23:00:00.000000,2024-03-28T23:00:00.000000,782,0.9194373401534527,7826,2021-03-12T23:00:00.000000,2024-03-28T23:00:00.000000,M1MS,EUREX,USD,100.0,index_methodology_distinct,MSCI_ASIA_RELATED,MSCI_EM_ASIA,true,Eurex index future,distinct_contract,MSCIASIA,MSCI_EM_ASIA_EUREX,fe05a4f078ad7428
MSCIEAFA,MSCI EAFA Index,Equity,USD,50.0,US,HMUZ,-5,1,HMUZ,19,36839,2009-12-16T23:00:00.000000,2024-03-28T23:00:00.000000,3648,0.4243421052631579,36839,2009-12-16T23:00:00.000000,2024-03-28T23:00:00.000000,MXEA,NYSELIFFE,USD,50.0,no_duplicate_candidate,,MSCIEAFA,true,"",singleton,MSCIEAFA,MSCIEAFA,fe05a4f078ad7428
MSCIEMASIA,MSCI Emerging Markets Asia Net Total Return,Equity,USD,100.0,US,M,-5,1,M,17,281,2023-06-14T23:00:00.000000,2024-03-28T23:00:00.000000,205,1.0,281,2023-06-14T23:00:00.000000,2024-03-28T23:00:00.000000,M1MSA,NYSELIFFE,USD,100.0,index_methodology_distinct,MSCI_ASIA_RELATED,MSCI_EM_ASIA,true,Net total return annual contract,distinct_contract,MSCIEMASIA,MSCI_EM_ASIA_NTR,fe05a4f078ad7428
MSCISING,MSCI Singapore Free Index,Equity,SGD,100.0,ASIA,FGHJKMNQUVXZ,-5,1,FGHJKMNQUVXZ,27,20120,2001-10-24T23:00:00.000000,2024-03-29T05:00:00.000000,5768,0.9998266296809986,20119,2001-10-24T23:00:00.000000,2024-03-29T05:00:00.000000,SSG,SGX,SGD,100.0,no_duplicate_candidate,,MSCISING,true,"",singleton,MSCISING,MSCISING,fe05a4f078ad7428
MSCITAIWAN,MSCI Taiwan (USD) Index - HKFE,Equity,USD,100.0,ASIA,FGHJKMNQUVXZ,-5,1,FGHJKMNQUVXZ,24,1616,2022-07-21T23:00:00.000000,2024-03-29T04:00:00.000000,440,0.9840909090909091,1616,2022-07-21T23:00:00.000000,2024-03-29T04:00:00.000000,MTW,HKFE,USD,100.0,no_duplicate_candidate,,MSCITAIWAN,true,"",singleton,MSCITAIWAN,MSCITAIWAN,fe05a4f078ad7428
MSCIWORLD,MSCI World Index,Equity,USD,10.0,EMEA,HMUZ,-5,1,HMUZ,15,1273,2021-12-13T23:00:00.000000,2024-03-28T23:00:00.000000,588,1.0,1273,2021-12-13T23:00:00.000000,2024-03-28T23:00:00.000000,MXWO,EUREX,USD,10.0,no_duplicate_candidate,,MSCIWORLD,true,"",singleton,MSCIWORLD,MSCIWORLD,fe05a4f078ad7428
MUMMY,TSE Mothers Index,Equity,JPY,1000.0,ASIA,HMUZ,-5,1,HMUZ,14,14863,2018-06-08T23:00:00.000000,2024-03-29T05:00:00.000000,1499,0.9599733155436958,14863,2018-06-08T23:00:00.000000,2024-03-29T05:00:00.000000,TSEMOTHR,OSE.JPN,JPY,1000.0,no_duplicate_candidate,,MUMMY,true,"",singleton,MUMMY,MUMMY,fe05a4f078ad7428
MXP,MEXUSD currency,FX,USD,500000.0,US,HMUZ,-5,1,HMUZ,17,50988,1995-09-15T23:00:00.000000,2024-03-28T23:00:00.000000,7188,0.9205620478575404,50988,1995-09-15T23:00:00.000000,2024-03-28T23:00:00.000000,6M,CME,"",500000.0,no_duplicate_candidate,,MXP,true,"",singleton,MXP,MXP,fe05a4f078ad7428
NASDAQ,US equity index Nasdaq,Equity,USD,20.0,US,HMUZ,-5,1,HMUZ,14,52574,1999-12-14T23:00:00.000000,2024-03-28T23:00:00.000000,6186,0.9649207888781118,52574,1999-12-14T23:00:00.000000,2024-03-28T23:00:00.000000,NQ,CME,"",20.0,longer_daily_history,NASDAQ_SIZE_VARIANTS,NASDAQ100,true,One additional canonical daily return,primary,NASDAQ,NASDAQ100_QUARTERLY,fe05a4f078ad7428
NASDAQ_micro,NASDAQ micro,Equity,USD,2.0,US,HMUZ,-5,1,HMUZ,14,52577,1999-12-14T23:00:00.000000,2024-03-28T23:00:00.000000,6185,0.9649151172190784,52577,1999-12-14T23:00:00.000000,2024-03-28T23:00:00.000000,MNQ,CME,USD,2.0,same_contract_policy_history,NASDAQ_SIZE_VARIANTS,NASDAQ100,false,Micro execution variant,execution_duplicate,NASDAQ,NASDAQ100_QUARTERLY,fe05a4f078ad7428
NICKEL_LME,Nickel - LME,Metals,USD,6.0,EMEA,FGHJKMNQUVXZ,-45,1,FGHJKMNQUVXZ,14,667,2023-06-01T23:00:00.000000,2024-03-28T23:00:00.000000,212,1.0,666,2023-06-01T23:00:00.000000,2024-03-28T23:00:00.000000,NI,LMEOTC,USD,6.0,no_duplicate_candidate,,NICKEL_LME,true,"",singleton,NICKEL_LME,NICKEL_LME,fe05a4f078ad7428
NIKKEI,Nikkei 225 Mini,Equity,JPY,100.0,ASIA,HMUZ,-5,1,FGHJKMNQUVXZ,14,16743,2011-06-10T23:00:00.000000,2024-03-29T05:00:00.000000,3215,0.9990668740279938,16743,2011-06-10T23:00:00.000000,2024-03-29T05:00:00.000000,N225M,OSE.JPN,JPY,100.0,no_duplicate_candidate,,NIKKEI,true,"",singleton,NIKKEI,NIKKEI,fe05a4f078ad7428
NIKKEI400,JPX-Nikkei Index 400,Equity,JPY,100.0,ASIA,HMUZ,-5,1,HMUZ,14,16007,2015-06-11T23:00:00.000000,2024-03-29T05:00:00.000000,2252,0.9720248667850799,16007,2015-06-11T23:00:00.000000,2024-03-29T05:00:00.000000,JPNK400,OSE.JPN,JPY,100.0,no_duplicate_candidate,,NIKKEI400,true,"",singleton,NIKKEI400,NIKKEI400,fe05a4f078ad7428
NOK,NOKUSD currency,FX,USD,2000000.0,US,HMUZ,-5,1,HMUZ,17,22622,2002-06-14T23:00:00.000000,2024-03-28T23:00:00.000000,5514,0.9902067464635473,22622,2002-06-14T23:00:00.000000,2024-03-28T23:00:00.000000,NOK,CME,USD,2000000.0,no_duplicate_candidate,,NOK,true,"",singleton,NOK,NOK,fe05a4f078ad7428
NZD,NZDUSD currency,FX,USD,100000.0,US,HMUZ,-10,1,HMUZ,17,54541,2003-03-11T23:00:00.000000,2024-03-28T23:00:00.000000,5285,0.9023651844843897,54541,2003-03-11T23:00:00.000000,2024-03-28T23:00:00.000000,NZD,CME,"",100000.0,no_duplicate_candidate,,NZD,true,"",singleton,NZD,NZD,fe05a4f078ad7428
OAT,French 10 year bond OAT,Bond,EUR,1000.0,EMEA,HMUZ,-5,1,HMUZ,6,42484,2012-09-05T23:00:00.000000,2024-03-28T23:00:00.000000,2932,0.497612551159618,42484,2012-09-05T23:00:00.000000,2024-03-28T23:00:00.000000,OAT,EUREX,"",1000.0,no_duplicate_candidate,,OAT,true,"",singleton,OAT,OAT,fe05a4f078ad7428
OATIES,Oat Futures,Ags,USD,50.0,US,HKNUZ,-90,-1,HKNUZ,14,44263,1970-04-03T23:00:00.000000,2024-03-28T23:00:00.000000,13577,0.4734477425057082,44263,1970-04-03T23:00:00.000000,2024-03-28T23:00:00.000000,ZO,CBOT,USD,50.0,no_duplicate_candidate,,OATIES,true,"",singleton,OATIES,OATIES,fe05a4f078ad7428
OJ,Orange Juice (FCOJ-A),Ags,USD,150.0,US,FHKNUX,-40,1,FHKNUX,9,28519,1969-12-02T23:00:00.000000,2024-03-28T23:00:00.000000,13614,0.9934626120170413,28519,1969-12-02T23:00:00.000000,2024-03-28T23:00:00.000000,OJ,NYBOT,USD,150.0,no_duplicate_candidate,,OJ,true,"",singleton,OJ,OJ,fe05a4f078ad7428
OMX,OMX Helsinki 25 Index,Equity,EUR,10.0,EMEA,HMUZ,-10,1,HMUZ,15,8296,2001-12-07T23:00:00.000000,2024-03-28T23:00:00.000000,5196,1.0,8296,2001-12-07T23:00:00.000000,2024-03-28T23:00:00.000000,OMXH25,EUREX,EUR,10.0,no_duplicate_candidate,,OMX,true,"",singleton,OMX,OMX,fe05a4f078ad7428
PALLAD,Palladium,Metals,USD,100.0,US,HMUZ,-30,1,HMUZ,26,52255,1977-06-01T23:00:00.000000,2024-03-28T23:00:00.000000,11779,1.0,52255,1977-06-01T23:00:00.000000,2024-03-28T23:00:00.000000,PA,NYMEX,"",100.0,no_duplicate_candidate,,PALLAD,true,"",singleton,PALLAD,PALLAD,fe05a4f078ad7428
PLAT,Platinum,Metals,USD,50.0,US,FJNV,-30,1,FJNV,26,62025,1970-06-30T23:00:00.000000,2024-03-28T23:00:00.000000,13536,0.9904698581560284,62025,1970-06-30T23:00:00.000000,2024-03-28T23:00:00.000000,PL,NYMEX,"",50.0,no_duplicate_candidate,,PLAT,true,"",singleton,PLAT,PLAT,fe05a4f078ad7428
PLN,Polish zloty,FX,USD,500000.0,US,HMUZ,-10,1,HMUZ,15,8400,2004-09-08T23:00:00.000000,2024-03-28T23:00:00.000000,4589,1.0,8400,2004-09-08T23:00:00.000000,2024-03-28T23:00:00.000000,PLN,CME,USD,500000.0,no_duplicate_candidate,,PLN,true,"",singleton,PLN,PLN,fe05a4f078ad7428
R1000,E-Mini Russell 1000 Value Index Futures,Equity,USD,50.0,US,HMUZ,-10,1,HMUZ,18,10934,2015-12-10T23:00:00.000000,2024-03-28T23:00:00.000000,2087,0.973646382367034,10934,2015-12-10T23:00:00.000000,2024-03-28T23:00:00.000000,RSV,CME,USD,50.0,no_duplicate_candidate,,R1000,true,"",singleton,R1000,R1000,fe05a4f078ad7428
REDWHEAT,Hard Red Winter Wheat -KCBOT-,Ags,USD,50.0,US,HKNUZ,-90,-1,HKNUZ,14,59670,1995-09-06T23:00:00.000000,2024-03-28T23:00:00.000000,7188,0.49304396215915414,59670,1995-09-06T23:00:00.000000,2024-03-28T23:00:00.000000,KE,CBOT,USD,50.0,no_duplicate_candidate,,REDWHEAT,true,"",singleton,REDWHEAT,REDWHEAT,fe05a4f078ad7428
RICE,Rough Rice,Ags,USD,2000.0,US,FHKNUX,-90,-1,FHKNUX,14,47124,1988-08-03T23:00:00.000000,2024-03-28T23:00:00.000000,8945,0.7458915595304639,47124,1988-08-03T23:00:00.000000,2024-03-28T23:00:00.000000,ZR,CBOT,USD,2000.0,no_duplicate_candidate,,RICE,true,"",singleton,RICE,RICE,fe05a4f078ad7428
ROBUSTA,Robusta Coffee,Ags,USD,10.0,EMEA,FHKNUX,-50,-1,FHKNUX,24,27630,2008-12-01T23:00:00.000000,2024-03-28T23:00:00.000000,3871,0.9121673986050116,27630,2008-12-01T23:00:00.000000,2024-03-28T23:00:00.000000,D,ICEEUSOFT,USD,10.0,no_duplicate_candidate,,ROBUSTA,true,"",singleton,ROBUSTA,ROBUSTA,fe05a4f078ad7428
RUBBER,TSR 20 Rubber,Other,USD,50.0,ASIA,FGHJKMNQUVXZ,-30,1,FGHJKMNQUVXZ,-1,4447,2021-10-14T23:00:00.000000,2024-03-28T23:00:00.000000,620,1.0,4447,2021-10-14T23:00:00.000000,2024-03-28T23:00:00.000000,TSR20,SGX,"",50.0,no_duplicate_candidate,,RUBBER,true,"",singleton,RUBBER,RUBBER,fe05a4f078ad7428
RUR,RURUSD currency,FX,USD,2500000.0,US,HMUZ,-5,1,HMUZ,17,38845,2003-03-14T23:00:00.000000,2024-03-28T23:00:00.000000,5354,0.9899140829286515,38845,2003-03-14T23:00:00.000000,2024-03-28T23:00:00.000000,RUR,CME,USD,2500000.0,no_duplicate_candidate,,RUR,true,"",singleton,RUR,RUR,fe05a4f078ad7428
RUSSELL,Micro E-Mini Russell 2000 Index,Equity,USD,5.0,US,HMUZ,-5,1,HMUZ,15,39103,2015-03-11T02:00:00.000000,2024-03-28T23:00:00.000000,2326,0.40498710232158214,39102,2015-03-11T02:00:00.000000,2024-03-28T23:00:00.000000,M2K,CME,USD,5.0,same_contract_policy_history,RUSSELL_SIZE_VARIANTS,RUSSELL2000,false,Micro execution variant,execution_duplicate,RUSSELL_mini,RUSSELL2000_QUARTERLY,fe05a4f078ad7428
RUSSELL_mini,E-Mini Russell 2000 Index,Equity,USD,50.0,US,HMUZ,-5,1,HMUZ,15,39123,2015-03-11T02:00:00.000000,2024-03-28T23:00:00.000000,2326,0.40498710232158214,39123,2015-03-11T02:00:00.000000,2024-03-28T23:00:00.000000,RTY,CME,USD,50.0,equal_history_prefer_established_contract,RUSSELL_SIZE_VARIANTS,RUSSELL2000,true,Tie broken toward established E-mini contract source,primary,RUSSELL_mini,RUSSELL2000_QUARTERLY,fe05a4f078ad7428
SARONA,Three Month SaronA,Bond,CHF,2500.0,EMEA,HMUZ,-200,-1,HMUZ,19,2599,2022-07-21T23:00:00.000000,2024-03-28T23:00:00.000000,430,1.0,2567,2022-07-21T23:00:00.000000,2024-03-28T23:00:00.000000,SRFXON3,ICEEU,CHF,2500.0,no_duplicate_candidate,,SARONA,true,"",singleton,SARONA,SARONA,fe05a4f078ad7428
SEK,SEKUSD currency,FX,USD,2000000.0,US,HMUZ,-5,1,HMUZ,17,30693,2002-06-14T23:00:00.000000,2024-03-28T23:00:00.000000,5377,0.9899572252185234,30693,2002-06-14T23:00:00.000000,2024-03-28T23:00:00.000000,SEK,CME,USD,2000000.0,no_duplicate_candidate,,SEK,true,"",singleton,SEK,SEK,fe05a4f078ad7428
SGD,SGX US Dollar in Singapore Dollar Futures (Full-Sized),FX,SGD,100000.0,ASIA,FGHJKMNQUVXZ,-10,1,FGHJKMNQUVXZ,15,4461,2020-10-19T23:00:00.000000,2024-03-29T01:00:00.000000,903,0.9966777408637874,4460,2020-10-19T23:00:00.000000,2024-03-29T01:00:00.000000,SND,SGX,SGD,100000.0,same_config_execution_variant,USDSGD_SIZE_VARIANTS,USDSGD,false,Full size execution variant with divergent source history,execution_duplicate,SGD_mini,USDSGD_ALL_MONTHS,fe05a4f078ad7428
SGD_mini,SGX US Dollar in Singapore Dollar (Mini) Futures,FX,SGD,25000.0,ASIA,FGHJKMNQUVXZ,-10,1,FGHJKMNQUVXZ,15,4884,2020-10-19T23:00:00.000000,2024-03-28T23:00:00.000000,938,1.0,4883,2020-10-19T23:00:00.000000,2024-03-28T23:00:00.000000,US,SGX,SGD,25000.0,longer_daily_history,USDSGD_SIZE_VARIANTS,USDSGD,true,Thirty-five additional canonical daily observations,primary,SGD_mini,USDSGD_ALL_MONTHS,fe05a4f078ad7428
SGX,SGX Straits Times Index,Equity,SGD,2.0,ASIA,FGHJKMNQUVXZ,-10,1,FGHJKMNQUVXZ,15,6384,2000-07-07T23:00:00.000000,2024-03-25T23:00:01.000000,5636,1.0,6384,2000-07-07T23:00:00.000000,2024-03-25T23:00:01.000000,STI,SGX,SGD,2.0,no_duplicate_candidate,,SGX,true,"",singleton,SGX,SGX,fe05a4f078ad7428
SHATZ,German 2 year bond Schatz,Bond,EUR,1000.0,EMEA,HMUZ,-5,1,HMUZ,6,53681,2007-12-05T23:00:00.000000,2024-03-28T23:00:00.000000,4147,0.6800096455268869,53681,2007-12-05T23:00:00.000000,2024-03-28T23:00:00.000000,GBS,EUREX,"",1000.0,no_duplicate_candidate,,SHATZ,true,"",singleton,SHATZ,SHATZ,fe05a4f078ad7428
SILVER,NYMEX Silver Index,Metals,USD,1000.0,US,HKNUZ,-45,-1,FGHJKMNQUVXZ,26,82261,1970-06-15T23:00:00.000000,2024-03-28T23:00:00.000000,13595,0.7059948510481795,82261,1970-06-15T23:00:00.000000,2024-03-28T23:00:00.000000,SI,COMEX,USD,1000.0,no_duplicate_candidate,,SILVER,true,"",singleton,SILVER,SILVER,fe05a4f078ad7428
SMI,Swiss equity index SMI,Equity,CHF,10.0,EMEA,HMUZ,-5,1,HMUZ,14,24046,2014-03-12T23:00:00.000000,2024-03-28T23:00:00.000000,2432,0.9259868421052632,24046,2014-03-12T23:00:00.000000,2024-03-28T23:00:00.000000,SMI,EUREX,"",10.0,index_methodology_distinct,SMI_RELATED,SWISS_EQUITY,true,Swiss Market Index,distinct_contract,SMI,SMI_LARGE,fe05a4f078ad7428
SMI-MID,Swiss Mid-cap Index,Equity,CHF,10.0,EMEA,HMUZ,-5,1,HMUZ,14,20665,2005-12-12T23:00:00.000000,2024-03-28T23:00:00.000000,4544,0.4047095070422535,20665,2005-12-12T23:00:00.000000,2024-03-28T23:00:00.000000,SMIM,EUREX,CHF,10.0,index_methodology_distinct,SMI_RELATED,SWISS_EQUITY,true,Swiss mid cap index,distinct_contract,SMI-MID,SMI_MID,fe05a4f078ad7428
SOFR,Secured Overnight Financing Rate 3-month average of rates,Bond,USD,2500.0,US,HMUZ,-1000,-1,HMUZ,18,24578,1984-03-23T23:00:00.000000,2024-03-28T23:00:00.000000,10067,0.9997019966226284,24575,1984-03-23T23:00:00.000000,2024-03-28T23:00:00.000000,SOFR3,CME,USD,2500.0,no_duplicate_candidate,,SOFR,true,"",singleton,SOFR,SOFR,fe05a4f078ad7428
SONIA3,Three Month SONIA,Bond,GBP,2500.0,EMEA,HMUZ,-1000,-1,HMUZ,9,10341,2020-03-03T12:00:00.000000,2024-03-28T23:00:00.000000,1014,1.0,10341,2020-03-03T12:00:00.000000,2024-03-28T23:00:00.000000,SONIA.N,ICEEU,GBP,2500.0,no_duplicate_candidate,,SONIA3,true,"",singleton,SONIA3,SONIA3,fe05a4f078ad7428
SOYBEAN,Soybean,Ags,USD,50.0,US,X,-60,-1,FHKNQUX,13,35427,1985-09-20T23:00:00.000000,2024-03-28T23:00:00.000000,9703,0.9951561372771308,35425,1985-09-20T23:00:00.000000,2024-03-28T23:00:00.000000,ZS,CBOT,"",50.0,contract_path_materially_distinct,SOYBEAN_RELATED,SOYBEAN,true,November seasonal strategy,distinct_roll_policy,SOYBEAN,SOYBEAN_NOVEMBER,fe05a4f078ad7428
SOYBEAN_mini,Soybean mini,Ags,USD,10.0,US,FHKNQUX,-45,1,FHKNQUX,13,35008,1981-08-03T23:00:00.000000,2024-03-28T23:00:00.000000,10748,0.9868812802381839,35007,1981-08-03T23:00:00.000000,2024-03-28T23:00:00.000000,YK,CBOT,USD,10.0,contract_path_materially_distinct,SOYBEAN_RELATED,SOYBEAN,true,All listed month policy,distinct_roll_policy,SOYBEAN_mini,SOYBEAN_ALL_LISTED,fe05a4f078ad7428
SOYMEAL,Soybean Meal,Ags,USD,100.0,US,FHKNQUVZ,-90,-1,FHKNQUVZ,14,68001,1970-05-05T23:00:00.000000,2024-03-28T23:00:00.000000,13572,0.923666371942234,68001,1970-05-05T23:00:00.000000,2024-03-28T23:00:00.000000,ZM,CBOT,USD,100.0,no_duplicate_candidate,,SOYMEAL,true,"",singleton,SOYMEAL,SOYMEAL,fe05a4f078ad7428
SOYOIL,Soybean oil,Ags,USD,600.0,US,FHKNQUVZ,-90,-1,FHKNQUVZ,14,64804,1970-02-03T23:00:00.000000,2024-03-28T23:00:00.000000,13634,0.9256271086988411,64804,1970-02-03T23:00:00.000000,2024-03-28T23:00:00.000000,ZL,CBOT,USD,600.0,no_duplicate_candidate,,SOYOIL,true,"",singleton,SOYOIL,SOYOIL,fe05a4f078ad7428
SP400,E-mini S&P Midcap 400 Futures,Equity,USD,100.0,US,HMUZ,-5,1,HMUZ,15,71743,2002-03-12T23:00:00.000000,2024-03-28T23:00:00.000000,5645,0.17785651018600532,71743,2002-03-12T23:00:00.000000,2024-03-28T23:00:00.000000,EMD,CME,USD,100.0,no_duplicate_candidate,,SP400,true,"",singleton,SP400,SP400,fe05a4f078ad7428
SP500,US equity index S&P500,Equity,USD,50.0,US,HMUZ,-5,1,HMUZ,14,35898,1982-09-14T23:00:00.000000,2024-03-28T23:00:00.000000,10559,0.6341509612652714,35898,1982-09-14T23:00:00.000000,2024-03-28T23:00:00.000000,ES,CME,"",50.0,equal_history_prefer_established_contract,SP500_SIZE_VARIANTS,SP500,true,Tie broken toward established full contract source,primary,SP500,SP500_QUARTERLY,fe05a4f078ad7428
SP500_micro,S&P 500 micro,Equity,USD,5.0,US,HMUZ,-5,1,HMUZ,14,35898,1982-09-14T23:00:00.000000,2024-03-28T23:00:00.000000,10559,0.6341509612652714,35898,1982-09-14T23:00:00.000000,2024-03-28T23:00:00.000000,MES,CME,USD,5.0,same_contract_policy_history,SP500_SIZE_VARIANTS,SP500,false,Micro execution variant,execution_duplicate,SP500,SP500_QUARTERLY,fe05a4f078ad7428
SPI200,ASX SPI200 Index,Equity,AUD,25.0,ASIA,HMUZ,-30,1,FGHJKMNQUVXZ,14,4757,2022-08-22T23:00:00.000000,2024-03-28T23:00:00.000000,431,0.8839907192575406,4757,2022-08-22T23:00:00.000000,2024-03-28T23:00:00.000000,SPI,SNFE,AUD,25.0,no_duplicate_candidate,,SPI200,true,"",singleton,SPI200,SPI200,fe05a4f078ad7428
STEEL,Hot-Rolled Coil Steel Index,Metals,USD,20.0,US,FGHJKMNQUVXZ,-90,-1,FGHJKMNQUVXZ,15,10947,2008-10-21T23:00:00.000000,2024-03-28T23:00:00.000000,3878,1.0,10889,2008-10-21T23:00:00.000000,2024-03-28T23:00:00.000000,HRC,COMEX,USD,20.0,no_duplicate_candidate,,STEEL,true,"",singleton,STEEL,STEEL,fe05a4f078ad7428
SUGAR11,Sugar #11,Ags,USD,1120.0,US,HKNV,-60,-1,HKNV,-2,41498,1970-02-16T23:00:00.000000,2024-03-28T23:00:00.000000,13543,0.9960865391715277,41497,1970-02-16T23:00:00.000000,2024-03-28T16:00:00.000000,SB,NYBOT,USD,1120.0,contract_history_distinct,SUGAR_RELATED,SUGAR,true,World sugar contract,distinct_contract,SUGAR11,SUGAR11_NYBOT,fe05a4f078ad7428
SUGAR16,Sugar #16,Ags,USD,1120.0,US,FHKNUX,-60,-1,FHKNUX,7,6636,2008-12-09T23:00:00.000000,2024-03-28T23:00:00.000000,2861,0.8028661307235232,6604,2008-12-09T23:00:00.000000,2024-03-28T23:00:00.000000,SF,NYBOT,USD,1120.0,contract_history_distinct,SUGAR_RELATED,SUGAR,true,US domestic sugar contract,distinct_contract,SUGAR16,SUGAR16_NYBOT,fe05a4f078ad7428
SUGAR_WHITE,White sugar,Ags,USD,50.0,EMEA,HKQVZ,-60,-1,HKQVZ,-2,35889,1989-02-14T23:00:00.000000,2024-03-28T23:00:00.000000,8871,0.9865855033254425,35889,1989-02-14T23:00:00.000000,2024-03-28T23:00:00.000000,W,ICEEUSOFT,USD,50.0,contract_history_distinct,SUGAR_RELATED,SUGAR,true,White sugar contract,distinct_contract,SUGAR_WHITE,SUGAR_WHITE_ICE,fe05a4f078ad7428
SWISSLEAD,Swiss Leader Index (PREIS_INDEX),Equity,CHF,10.0,EMEA,HMUZ,-5,1,HMUZ,14,610,2022-03-11T23:00:00.000000,2024-03-28T23:00:00.000000,518,0.9420849420849421,610,2022-03-11T23:00:00.000000,2024-03-28T23:00:00.000000,SLI,EUREX,CHF,10.0,no_duplicate_candidate,,SWISSLEAD,true,"",singleton,SWISSLEAD,SWISSLEAD,fe05a4f078ad7428
TIN_LME,Tin - LME,Metals,USD,5.0,EMEA,FGHJKMNQUVXZ,-45,1,FGHJKMNQUVXZ,14,582,2023-06-01T23:00:00.000000,2024-03-28T23:00:00.000000,212,1.0,582,2023-06-01T23:00:00.000000,2024-03-28T23:00:00.000000,SNLME,LMEOTC,USD,5.0,no_duplicate_candidate,,TIN_LME,true,"",singleton,TIN_LME,TIN_LME,fe05a4f078ad7428
TOPIX,Japan Mini Topix,Equity,JPY,1000.0,ASIA,HMUZ,-5,1,HMUZ,14,17022,2010-03-11T23:00:00.000000,2024-03-29T05:00:00.000000,3531,0.983857264231096,17022,2010-03-11T23:00:00.000000,2024-03-29T05:00:00.000000,MNTPX,OSE.JPN,JPY,1000.0,no_duplicate_candidate,,TOPIX,true,"",singleton,TOPIX,TOPIX,fe05a4f078ad7428
TWD,SGX Taiwan Dollar in US Dollar Futures (Full-Sized),FX,USD,3000.0,ASIA,FGHJKMNQUVXZ,-5,1,FGHJKMNQUVXZ,15,1031,2021-10-15T23:00:00.000000,2024-03-25T23:00:00.000000,571,0.9422066549912435,1031,2021-10-15T23:00:00.000000,2024-03-25T23:00:00.000000,TWD,SGX,USD,3000.0,longer_daily_history,TWDUSD_SIZE_VARIANTS,TWDUSD,true,Selected research representative,primary,TWD,TWDUSD_ALL_MONTHS,fe05a4f078ad7428
TWD-mini,SGX Taiwan Dollar in US Dollar Futures (Mini),FX,USD,100000.0,ASIA,FGHJKMNQUVXZ,-5,1,FGHJKMNQUVXZ,15,970,2021-10-19T23:00:00.000000,2024-03-28T23:00:00.000000,521,0.9788867562380038,970,2021-10-19T23:00:00.000000,2024-03-28T23:00:00.000000,TD,SGX,USD,100000.0,same_config_execution_variant,TWDUSD_SIZE_VARIANTS,TWDUSD,false,Mini execution variant with divergent source history,execution_duplicate,TWD,TWDUSD_ALL_MONTHS,fe05a4f078ad7428
US-DISCRETE,Consumer Discretionary Select Sector Index,Sector,USD,100.0,US,HMUZ,-5,1,HMUZ,15,19499,2011-06-13T23:00:00.000000,2024-03-28T23:00:00.000000,3204,0.9862671660424469,19499,2011-06-13T23:00:00.000000,2024-03-28T23:00:00.000000,IXY,CME,USD,100.0,no_duplicate_candidate,,US-DISCRETE,true,"",singleton,US-DISCRETE,US-DISCRETE,fe05a4f078ad7428
US-ENERGY,Energy Select Sector Index,Sector,USD,100.0,US,HMUZ,-5,1,HMUZ,15,20596,2012-12-13T18:00:00.000000,2024-03-28T23:00:00.000000,2812,0.9800853485064012,20596,2012-12-13T18:00:00.000000,2024-03-28T23:00:00.000000,IXE,CME,USD,100.0,no_duplicate_candidate,,US-ENERGY,true,"",singleton,US-ENERGY,US-ENERGY,fe05a4f078ad7428
US-FINANCE,Financial Select Sector Index,Sector,USD,250.0,US,HMUZ,-5,1,HMUZ,15,19663,2011-06-13T23:00:00.000000,2024-03-28T23:00:00.000000,3183,0.9987433239082626,19663,2011-06-13T23:00:00.000000,2024-03-28T23:00:00.000000,SIXM,CME,USD,250.0,no_duplicate_candidate,,US-FINANCE,true,"",singleton,US-FINANCE,US-FINANCE,fe05a4f078ad7428
US-HEALTH,Health Care Select Sector Index,Sector,USD,100.0,US,HMUZ,-5,1,HMUZ,15,19332,2012-06-12T23:00:00.000000,2024-03-28T23:00:00.000000,2940,0.9962585034013606,19332,2012-06-12T23:00:00.000000,2024-03-28T23:00:00.000000,IXV,CME,USD,100.0,no_duplicate_candidate,,US-HEALTH,true,"",singleton,US-HEALTH,US-HEALTH,fe05a4f078ad7428
US-INDUSTRY,Industrial Select Sector Index,Sector,USD,100.0,US,HMUZ,-5,1,HMUZ,15,17185,2013-06-12T15:00:00.000000,2024-03-28T23:00:00.000000,2671,0.18944215649569449,17185,2013-06-12T15:00:00.000000,2024-03-28T23:00:00.000000,IXI,CME,USD,100.0,no_duplicate_candidate,,US-INDUSTRY,true,"",singleton,US-INDUSTRY,US-INDUSTRY,fe05a4f078ad7428
US-MATERIAL,Materials Select Sector Index,Sector,USD,100.0,US,HMUZ,-5,1,HMUZ,15,18624,2011-03-14T23:00:00.000000,2024-03-28T23:00:00.000000,3219,0.9987573780677229,18624,2011-03-14T23:00:00.000000,2024-03-28T23:00:00.000000,IXB,CME,USD,100.0,no_duplicate_candidate,,US-MATERIAL,true,"",singleton,US-MATERIAL,US-MATERIAL,fe05a4f078ad7428
US-PROPERTY,Real Estate Select Sector Index,Sector,USD,250.0,US,HMUZ,-5,1,HMUZ,15,11398,2016-09-13T23:00:00.000000,2024-03-28T23:00:00.000000,1894,0.9994720168954594,11398,2016-09-13T23:00:00.000000,2024-03-28T23:00:00.000000,SIXRE,CME,USD,250.0,no_duplicate_candidate,,US-PROPERTY,true,"",singleton,US-PROPERTY,US-PROPERTY,fe05a4f078ad7428
US-REALESTATE,US Real estate,Sector,USD,100.0,US,HMUZ,-2,1,HMUZ,17,17124,2014-06-16T20:00:00.000000,2024-03-28T23:00:00.000000,2425,0.9752577319587629,17124,2014-06-16T20:00:00.000000,2024-03-28T23:00:00.000000,DJUSRE,CBOT,USD,100.0,no_duplicate_candidate,,US-REALESTATE,true,"",singleton,US-REALESTATE,US-REALESTATE,fe05a4f078ad7428
US-STAPLES,Consumer Staples Select Sector Index,Sector,USD,100.0,US,HMUZ,-5,1,HMUZ,15,18558,2011-06-13T23:00:00.000000,2024-03-28T23:00:00.000000,3187,0.9987449011609665,18558,2011-06-13T23:00:00.000000,2024-03-28T23:00:00.000000,IXR,CME,USD,100.0,no_duplicate_candidate,,US-STAPLES,true,"",singleton,US-STAPLES,US-STAPLES,fe05a4f078ad7428
US-TECH,Technology Select Sector Index -,Sector,USD,100.0,US,HMUZ,-5,1,HMUZ,15,18770,2011-09-15T13:00:00.000000,2024-03-28T23:00:00.000000,3077,0.9876503087422814,18770,2011-09-15T13:00:00.000000,2024-03-28T23:00:00.000000,SIXT,CME,USD,100.0,no_duplicate_candidate,,US-TECH,true,"",singleton,US-TECH,US-TECH,fe05a4f078ad7428
US-UTILS,Utilities Select Sector Index,Sector,USD,100.0,US,HMUZ,-5,1,HMUZ,15,18117,2011-06-13T23:00:00.000000,2024-03-28T23:00:00.000000,3206,0.9862757330006239,18117,2011-06-13T23:00:00.000000,2024-03-28T23:00:00.000000,IXU,CME,USD,100.0,no_duplicate_candidate,,US-UTILS,true,"",singleton,US-UTILS,US-UTILS,fe05a4f078ad7428
US10,US 10 year bond note,Bond,USD,1000.0,US,HMUZ,-25,1,HMUZ,19,49720,1982-08-30T23:00:00.000000,2024-03-28T23:00:00.000000,10468,0.949942682460833,49720,1982-08-30T23:00:00.000000,2024-03-28T23:00:00.000000,ZN,CBOT,"",1000.0,no_duplicate_candidate,,US10,true,"",singleton,US10,US10,fe05a4f078ad7428
US10U,Ultra 10-Year US Treasury Note,Bond,USD,1000.0,US,HMUZ,-25,1,HMUZ,19,34022,2016-03-02T08:00:00.000000,2024-03-28T23:00:00.000000,2075,0.25542168674698795,34022,2016-03-02T08:00:00.000000,2024-03-28T23:00:00.000000,TN,CBOT,USD,1000.0,no_duplicate_candidate,,US10U,true,"",singleton,US10U,US10U,fe05a4f078ad7428
US2,US 2 year bond note,Bond,USD,2000.0,US,HMUZ,-25,1,HMUZ,19,29635,2000-03-02T23:00:00.000000,2024-03-28T23:00:00.000000,6063,0.9934026059706416,29635,2000-03-02T23:00:00.000000,2024-03-28T23:00:00.000000,ZT,CBOT,"",2000.0,no_duplicate_candidate,,US2,true,"",singleton,US2,US2,fe05a4f078ad7428
US20,US 20 year bond,Bond,USD,1000.0,US,HMUZ,-25,1,HMUZ,19,50629,1978-05-31T23:00:00.000000,2024-03-28T23:00:00.000000,11544,0.9503638253638254,50629,1978-05-31T23:00:00.000000,2024-03-28T23:00:00.000000,ZB,CBOT,USD,1000.0,no_duplicate_candidate,,US20,true,"",singleton,US20,US20,fe05a4f078ad7428
US3,US 3 year bond note,Bond,USD,2000.0,US,HMUZ,-25,1,HMUZ,19,5885,2020-08-27T23:00:00.000000,2024-03-28T23:00:00.000000,902,0.4844789356984479,5885,2020-08-27T23:00:00.000000,2024-03-28T23:00:00.000000,Z3N,CBOT,USD,2000.0,no_duplicate_candidate,,US3,true,"",singleton,US3,US3,fe05a4f078ad7428
US30,Ultra Treasury Bond,Bond,USD,1000.0,US,HMUZ,-25,1,HMUZ,19,61908,2010-03-03T23:00:00.000000,2024-03-28T23:00:00.000000,3626,0.15416436845008274,61907,2010-03-03T23:00:00.000000,2024-03-28T23:00:00.000000,UB,CBOT,USD,1000.0,no_duplicate_candidate,,US30,true,"",singleton,US30,US30,fe05a4f078ad7428
US5,US 5 year bond note,Bond,USD,1000.0,US,HMUZ,-25,1,HMUZ,19,47491,1989-05-31T23:00:00.000000,2024-03-28T23:00:00.000000,8768,0.8613138686131386,47490,1989-05-31T23:00:00.000000,2024-03-28T20:00:00.000000,ZF,CBOT,"",1000.0,no_duplicate_candidate,,US5,true,"",singleton,US5,US5,fe05a4f078ad7428
V2X,Vol European equity V2X,Vol,EUR,100.0,EMEA,FGHJKMNQUVXZ,-60,-1,FGHJKMNQUVXZ,19,48729,2013-01-02T08:00:00.000000,2024-03-28T23:00:00.000000,2863,1.0,48717,2013-01-02T08:00:00.000000,2024-03-28T23:00:00.000000,V2TX,EUREX,"",100.0,no_duplicate_candidate,,V2X,true,"",singleton,V2X,V2X,fe05a4f078ad7428
VIX,Vol US equity VIX,Vol,USD,1000.0,US,FGHJKMNQUVXZ,-60,-1,FGHJKMNQUVXZ,19,58650,2006-01-26T23:00:00.000000,2024-03-27T23:00:00.000000,4597,0.9912986730476397,58650,2006-01-26T23:00:00.000000,2024-03-27T23:00:00.000000,VIX,CFE,USD,1000.0,same_config_execution_variant,VIX_SIZE_VARIANTS,VIX,false,Full size execution variant,execution_duplicate,VIX_mini,VIX_MONTHLY,fe05a4f078ad7428
VIX_mini,Vol US equity VIX mini,Vol,USD,100.0,US,FGHJKMNQUVXZ,-60,-1,FGHJKMNQUVXZ,19,59230,2005-11-22T23:00:00.000000,2024-03-27T23:00:00.000000,4654,1.0,59228,2005-11-22T23:00:00.000000,2024-03-27T23:00:00.000000,VXM,CFE,USD,100.0,longer_daily_history,VIX_SIZE_VARIANTS,VIX,true,Earlier and broader daily coverage,primary,VIX_mini,VIX_MONTHLY,fe05a4f078ad7428
VNKI,Nikkei 225 Volatility Index,Vol,JPY,10000.0,ASIA,FGHJKMNQUVXZ,-60,-1,FGHJKMNQUVXZ,15,2712,2020-12-10T23:00:00.000000,2024-03-29T03:00:00.000000,745,0.9838926174496644,2665,2020-12-10T23:00:00.000000,2024-03-29T03:00:00.000000,NKVI,OSE.JPN,JPY,10000.0,no_duplicate_candidate,,VNKI,true,"",singleton,VNKI,VNKI,fe05a4f078ad7428
WHEAT,Wheat,Ags,USD,50.0,US,Z,-60,-1,HKNUZ,13,48265,1973-12-19T23:00:00.000000,2024-03-28T23:00:00.000000,12672,0.9647253787878788,48258,1973-12-19T23:00:00.000000,2024-03-28T23:00:00.000000,ZW,CBOT,"",50.0,contract_path_materially_distinct,WHEAT_RELATED,WHEAT,true,December seasonal strategy,distinct_roll_policy,WHEAT,WHEAT_DECEMBER,fe05a4f078ad7428
WHEAT_ICE,Wheat ICE,Ags,GBP,100.0,EMEA,KX,-100,-1,FHKNX,6,26073,1994-01-28T23:00:00.000000,2024-03-28T23:00:00.000000,7577,0.7188861026791606,26069,1994-01-28T23:00:00.000000,2024-03-28T23:00:00.000000,T,ICEEUSOFT,GBP,100.0,regional_contract_distinct,WHEAT_RELATED,WHEAT,true,UK ICE wheat,distinct_contract,WHEAT_ICE,WHEAT_ICE_UK,fe05a4f078ad7428
WHEAT_mini,Wheat mini,Ags,USD,10.0,US,HKNUZ,-30,1,HKNUZ,13,48453,1970-08-17T23:00:00.000000,2024-03-28T23:00:00.000000,13512,0.9733570159857904,48452,1970-08-17T23:00:00.000000,2024-03-28T23:00:00.000000,YW,CBOT,USD,10.0,contract_path_materially_distinct,WHEAT_RELATED,WHEAT,true,All listed CBOT mini policy,distinct_roll_policy,WHEAT_mini,WHEAT_CBOT_ALL_LISTED,fe05a4f078ad7428
WHEY,CME DRY WHEY INDEX,Ags,USD,440.0,US,FGHJKMNQUVXZ,-40,-1,FGHJKMNQUVXZ,15,11825,2007-03-20T23:00:00.000000,2024-03-28T23:00:00.000000,4078,1.0,11794,2007-03-20T23:00:00.000000,2024-03-28T23:00:00.000000,DY,CME,USD,440.0,no_duplicate_candidate,,WHEY,true,"",singleton,WHEY,WHEY,fe05a4f078ad7428
YENEUR,YENEUR currency,FX,JPY,125000.0,US,HMUZ,-5,1,HMUZ,15,67533,2000-03-13T23:00:00.000000,2024-03-28T23:00:00.000000,6139,0.9907151001791823,67533,2000-03-13T23:00:00.000000,2024-03-28T23:00:00.000000,RY,CME,JPY,125000.0,no_duplicate_candidate,,YENEUR,true,"",singleton,YENEUR,YENEUR,fe05a4f078ad7428
ZAR,South African Rand,FX,USD,500000.0,US,HMUZ,-5,1,HMUZ,12,43002,1997-06-10T23:00:00.000000,2024-03-28T23:00:00.000000,6776,1.0,43002,1997-06-10T23:00:00.000000,2024-03-28T23:00:00.000000,ZAR,CME,USD,500000.0,no_duplicate_candidate,,ZAR,true,"",singleton,ZAR,ZAR,fe05a4f078ad7428
ZINC_LME,Zinc - LME,Metals,USD,25.0,EMEA,FGHJKMNQUVXZ,-45,1,FGHJKMNQUVXZ,14,1540,2023-06-01T23:00:00.000000,2024-03-28T23:00:00.000000,212,1.0,1540,2023-06-01T23:00:00.000000,2024-03-28T23:00:00.000000,ZSLME,LMEOTC,USD,25.0,no_duplicate_candidate,,ZINC_LME,true,"",singleton,ZINC_LME,ZINC_LME,fe05a4f078ad7428
